event_id,date,published_date,country,sector,domain,entity,event_title,event_summary,source_name,source_type,source_url,source_tier,secondary_sources,space_compute_relevance_score,industry_impact_score,novelty_score,total_score,priority,reason_for_priority,include_in_report,implication,meaning_for_us,next_watch,analyst_note,source_discovery_flag
2026W39-QCC-OVERSEAS-012,2026-09-23,2026-09-23,Global,Financing,Commercial_Space,Hubble Network,Hubble NetworkC轮融资记录,卫星网络技术研发商；企查查披露金额：2亿美元。,企查查（境外）,Database,https://www.finsmes.com/2026/09/hubble-network-raises-200m-in-series-c-funding.html,Manual,,5,5,4,4.8,S,直接影响太空算力、卫星网络或在轨智能的供给与验证路径；本周信号强，但仍保留计划、融资与实际交付之间的证据边界。,Yes,直接影响太空算力、卫星网络或在轨智能的供给与验证路径；本周信号强，但仍保留计划、融资与实际交付之间的证据边界。,优先核对该信号能否转化为可复核的在轨任务、芯片/网络交付、正式采购或明确客户需求。,跟踪正式原文更新、合同或融资交割、量产/发射节点，以及可比较的性能、功耗、时延和客户采用数据。,QCC raw_id=3859ae37436234e9a7c6a3cc445f92f4；数据库线索不等于公司已公开确认，金额和日期保留原表口径。,No
2026W39-WEB-001,2026-09-25,2026-09-25,US,Technology,Space_Compute;Commercial_Space;Chip;AI,"太空AI卫星,科技巨头,大动作!发射时间确定(附概念股)",谷歌计划10月1日发射Project Suncatcher实验卫星MVP,证券时报报道称，谷歌计划于10月1日将搭载4块TPU的MVP实验卫星送入轨道，用于验证太空AI计算。本周发生的是发射计划的公开披露，不是发射完成。,证券时报,Media,https://www.stcn.com/article/detail/4199403.html,Watch,,5,5,4,4.8,S,直接影响太空算力、卫星网络或在轨智能的供给与验证路径；本周信号强，但仍保留计划、融资与实际交付之间的证据边界。,Yes,直接影响太空算力、卫星网络或在轨智能的供给与验证路径；本周信号强，但仍保留计划、融资与实际交付之间的证据边界。,优先核对该信号能否转化为可复核的在轨任务、芯片/网络交付、正式采购或明确客户需求。,跟踪正式原文更新、合同或融资交割、量产/发射节点，以及可比较的性能、功耗、时延和客户采用数据。,已核对证券时报全文；二手媒体来源。该事件为未来发射计划，发射、入轨和在轨性能均需后续验证。,Yes
2026W39-WEB-036,2026-09-26,2026-09-26,China,Technology,Commercial_Space;AI,“太空之弦”计算星座启动建设 AI赋能航天迈出关键一步,“太空之弦”计算星座宣布启动建设,"“太空之弦”计算星座启动建设 AI赋能航天迈出关键一步 杭州网 发布时间:2026-09-26 06:17 当AI被运到太空,会是怎样的?昨天下午,第五届全球数字贸易博览会特别产业活动——东方太空计算产业大会暨“太空之弦”计算星座启动仪式在杭州大会展中心举行。地卫二空间技术(杭州)有限公司(简称“地卫二”)与东方星链时空智能(山东)技术发展有限公司(简称“东方星链”)联合发布“太空之弦”计算星座,在前期技术与项目积累基础上,正式启动星座建设。星座定位为中国首个面向全球和深空的太空计算基础设施。星座将以计算服务为核心组织卫星与轨道资源,探索天基数据处理、模型部署和计算资源协同,逐步形成可调度、可供用户调用的太空计算服务能力。此次发布是前期在轨AI技术、卫星项目和国际合作积累向系统化星座建设的推进。“太空之弦”计算星座的发布,是AI赋能航空航天技术的又一次成功突破。现在我国发射的卫星数量逐渐增多,很难用传统的方法去控制所有卫星,而将人工智能送到太空恰好能解决这一问题。“以前每一颗卫星的工作内容,都是靠地面的指令控制的,今后或许只要告诉它具体要拍什么、关注什么地方,它自己进行运算以后,可以调度不同的卫星自动去工作。”中国科学院院士、国科大杭州高等研究院 院长、浙江太空计算专委会主任委员王建宇说。王建宇认为,现在遥感拍摄地球的照片的分辨率越来越高,数据量也随之显著增大,很多数据因此无法传到地面上,但如果能直接在太空将这些数据进行处理和运算,进行精简,那也是能提升工作效率的。他表示:“同时,从电力等能源角度来说,如果通过技术发展,能利用太阳能让在太空充电比地面更便宜,那把数据送上太空也是具有较为长远的意义的。” (原标题:“太空之弦”计算星座启动建设 AI赋能航天迈出关键一步) 来源:每日商报 作者:记者 楼怡霖 编辑:管鹏伟 https://wan-hzwcm.hzyun.com",杭州新闻网,Media,https://hznews.hangzhou.com.cn/kejiao/content/2026-09/26/content_9318360.htm,Watch,,5,5,4,4.8,S,直接影响太空算力、卫星网络或在轨智能的供给与验证路径；本周信号强，但仍保留计划、融资与实际交付之间的证据边界。,Yes,直接影响太空算力、卫星网络或在轨智能的供给与验证路径；本周信号强，但仍保留计划、融资与实际交付之间的证据边界。,优先核对该信号能否转化为可复核的在轨任务、芯片/网络交付、正式采购或明确客户需求。,跟踪正式原文更新、合同或融资交割、量产/发射节点，以及可比较的性能、功耗、时延和客户采用数据。,已核对杭州新闻网全文；当前证据是星座发布与启动建设，不等于已完成部署，卫星数量、预算、发射节奏和服务指标待披露。,Yes
2026W39-MAN-TECH-GLOBAL-002,2026-09-21,2026-09-21,Global,Technology,Chip;AI,Coherent PhotonLink,Coherent发布PhotonLink集成光学平台,Coherent于9月21日在ECOC期间发布PhotonLink，面向CPO、NPO和芯片间光连接。,Coherent,Company,https://www.nasdaq.com/press-release/coherent-launches-photonlinktm-integrated-optics-platform-ai-infrastructure-2026-09,S_Core,,4,4,4,4.0,A,与主航道直接相关并具有明确产业影响；后续仍需用任务数据、量产交付或正式采购验证。,Yes,与主航道直接相关并具有明确产业影响；后续仍需用任务数据、量产交付或正式采购验证。,优先核对该信号能否转化为可复核的在轨任务、芯片/网络交付、正式采购或明确客户需求。,跟踪正式原文更新、合同或融资交割、量产/发射节点，以及可比较的性能、功耗、时延和客户采用数据。,公司新闻稿转载；量产、客户导入与能耗指标需核实。,Yes
2026W39-WEB-148,2026-09-22,2026-09-22,China,Technology,Commercial_Space;Chip,"星思半导体持续攻关卫星基带芯片,解锁手机直连卫星应用场景_凤凰网",星思半导体披露卫星基带芯片与5G NTN验证进展,"9 月15日,垣信卫星千帆星座千帆极轨19组共计10颗卫星搭乘朱雀二号改进型Y7火箭,在酒泉卫星发射中心东风商业航天创新试验区96A工位顺利发射入轨。本次发射进一步完善了国内低轨卫星星座布局,为空天地海一体化通信产业规模化发展奠定了坚实的硬件基础。在此背景下,星思半导体凭借深耕多年的技术积累与全链条研发实力,成为卫星通信芯片领域的知名企业。星思半导体团队的核心成员平均拥有10年以上移动通信行业研发经验,具备多款无线通信芯片成功流片及量产经验,构成稳定、实力强大,顺利完成了从实验室基础测试、多场景地面外场联调到在轨实战验证的完整技术闭环,为产品应用筑牢了技术基础。为攻克卫星通信行业技术痛点,星思半导体不断加大研发投入,累计投入超20亿元专项资金用于技术迭代与产品研发,在技术迭代进程中稳步推进各阶段的研发验证工作。2023年,星思半导体通过实验室测试,顺利完成卫星通信基础算法与物理层设计的验证工作;2024年,依托多场景外场测试,星思半导体完成各类工况下的地面设备联调适配;2025年,星思半导体实现技术重大突破,完成全球首次基于3GPP 5G NTN标准的手机直连卫星高清视频通话在轨验证,充分彰显企业在高速宽带卫星连接领域的扎实技术实力。与此同时,星思半导体自研的超宽带卫星通信模组顺利通过第三方权威地面标准测试,有效验证了产品方案的兼容性与运行稳定性,为后续规模化商用打通关键路径。除技术研发落地外,星思半导体深度参与行业标准建设,积极投身NR-NTN标准在国内主流卫星互联网体系中的定制与落地工作,既是行业标准的落地执行者,也是技术创新的核心参与者与产业推动者,有效推动行业技术标准与实际产业发展需求精准适配。通过完善的研发体系建设,星思半导体搭建了超大规模芯片设计验证平台、高性能算法仿真环境及全套专业测试设备,可独立完成底层算法研发、芯片设计、性能验证到系统集成的全链路研发工作,",凤凰网,Media,https://sz.ifeng.com/c/8wbpb4dXFNo,Watch,,4,4,4,4.0,A,与主航道直接相关并具有明确产业影响；后续仍需用任务数据、量产交付或正式采购验证。,Yes,与主航道直接相关并具有明确产业影响；后续仍需用任务数据、量产交付或正式采购验证。,优先核对该信号能否转化为可复核的在轨任务、芯片/网络交付、正式采购或明确客户需求。,跟踪正式原文更新、合同或融资交割、量产/发射节点，以及可比较的性能、功耗、时延和客户采用数据。,已核对凤凰网全文；页面明确标注为企业宣传资讯，投入、全球首次和在轨验证等主张尚需第三方佐证。,Yes
2026W39-WEB-199,2026-09-22,2026-09-22,China,Technology,Chip;AI,快讯:阿里发布最强国产AI芯片_腾讯新闻,快讯:阿里发布最强国产AI芯片_腾讯新闻,"快讯:阿里发布最强国产AI芯片9月22日上午,阿里巴巴CEO吴泳铭在云栖大会表示,当前客户AI需求非常强劲,将全力投入AI基础设施建设,目标到2032年阿里云运营的全球数据中心规模超过20GW。当天,平头哥发布最强国产AI芯片真武V900, 算力提升至真武M890的3倍。据悉,平头哥AI芯片的年出货量将大幅提升。",腾讯网,Media,https://news.qq.com/rain/a/20260922A054QQ00,Watch,,4,4,4,4.0,A,与主航道直接相关并具有明确产业影响；后续仍需用任务数据、量产交付或正式采购验证。,Yes,与主航道直接相关并具有明确产业影响；后续仍需用任务数据、量产交付或正式采购验证。,优先核对该信号能否转化为可复核的在轨任务、芯片/网络交付、正式采购或明确客户需求。,跟踪正式原文更新、合同或融资交割、量产/发射节点，以及可比较的性能、功耗、时延和客户采用数据。,Pass A query 18; search discovery record pending full-text verification.,Yes
2026W39-MAN-TECH-US-001,2026-09-22,2026-09-22,US,Technology,Chip;AI,AMD,AMD称Versal AI Edge Gen 2进入全系列量产,AMD于9月22日介绍Versal AI Edge Gen 2及Vitis AI的生产就绪能力，强调单芯片完成传感器预处理、推理和后处理。,AMD,Company,https://www.amd.com/en/blogs/2026/from-sensor-to-insight-production-ready-single-chip.html,S_Core,,4,4,4,4.0,A,与主航道直接相关并具有明确产业影响；后续仍需用任务数据、量产交付或正式采购验证。,Yes,与主航道直接相关并具有明确产业影响；后续仍需用任务数据、量产交付或正式采购验证。,优先核对该信号能否转化为可复核的在轨任务、芯片/网络交付、正式采购或明确客户需求。,跟踪正式原文更新、合同或融资交割、量产/发射节点，以及可比较的性能、功耗、时延和客户采用数据。,公司技术博客；量产状态与客户实际部署规模需分开验证。,Yes
2026W39-QCC-DOMESTIC-012,2026-09-23,2026-09-23,China,Financing,Commercial_Space,星移联信,星移联信A+轮融资记录,低轨宽带通信载荷系统产品服务商；企查查披露金额：数亿元。,企查查（境内）,Database,https://mp.weixin.qq.com/s/CSawHvuG7Qzj4elYm6Jz4Q,Manual,,4,4,4,4.0,A,与主航道直接相关并具有明确产业影响；后续仍需用任务数据、量产交付或正式采购验证。,Yes,与主航道直接相关并具有明确产业影响；后续仍需用任务数据、量产交付或正式采购验证。,优先核对该信号能否转化为可复核的在轨任务、芯片/网络交付、正式采购或明确客户需求。,跟踪正式原文更新、合同或融资交割、量产/发射节点，以及可比较的性能、功耗、时延和客户采用数据。,QCC raw_id=2fd550bc87e8c7b448b1e395eeecf4b4；数据库线索不等于公司已公开确认，金额和日期保留原表口径。,No
2026W39-QCC-OVERSEAS-011,2026-09-23,2026-09-23,Global,Financing,AI,Snorkel AI,Snorkel AIE轮融资记录,AI 基础设施服务提供商；企查查披露金额：3.5亿美元。,企查查（境外）,Database,https://mp.weixin.qq.com/s/gYdEL7cfCTjjHnY7NJ25Sg,Manual,,4,4,4,4.0,A,与主航道直接相关并具有明确产业影响；后续仍需用任务数据、量产交付或正式采购验证。,Yes,与主航道直接相关并具有明确产业影响；后续仍需用任务数据、量产交付或正式采购验证。,优先核对该信号能否转化为可复核的在轨任务、芯片/网络交付、正式采购或明确客户需求。,跟踪正式原文更新、合同或融资交割、量产/发射节点，以及可比较的性能、功耗、时延和客户采用数据。,QCC raw_id=9a1dd482b9f07fa6dcc465ff2d5b9260；数据库线索不等于公司已公开确认，金额和日期保留原表口径。,No
2026W39-QCC-OVERSEAS-017,2026-09-23,2026-09-23,Global,Financing,AI,Verda,VerdaB轮融资记录,人工智能计算基础设施提供商；企查查披露金额：1.89亿美元。,企查查（境外）,Database,https://c.m.163.com/news/a/L7FIGMGH05561FZY.html,Manual,,4,4,4,4.0,A,与主航道直接相关并具有明确产业影响；后续仍需用任务数据、量产交付或正式采购验证。,Yes,与主航道直接相关并具有明确产业影响；后续仍需用任务数据、量产交付或正式采购验证。,优先核对该信号能否转化为可复核的在轨任务、芯片/网络交付、正式采购或明确客户需求。,跟踪正式原文更新、合同或融资交割、量产/发射节点，以及可比较的性能、功耗、时延和客户采用数据。,QCC raw_id=91df97e947bfb129e4fd70a1552e449a；数据库线索不等于公司已公开确认，金额和日期保留原表口径。,No
2026W39-MAN-POL-US-002,2026-09-23,2026-09-23,US,Policy,Commercial_Space;AI,SDA,SDA征集PEREGRINE Sentry低轨预警地面段能力来源,SDA于9月23日发布PEREGRINE Sentry能力来源征集，面向PWSA低轨导弹预警跟踪任务的模块化、多租户地面段。,Space Development Agency,Company,https://www.sda.mil/opportunities/,S_Core,,4,4,4,4.0,A,与主航道直接相关并具有明确产业影响；后续仍需用任务数据、量产交付或正式采购验证。,Yes,与主航道直接相关并具有明确产业影响；后续仍需用任务数据、量产交付或正式采购验证。,优先核对该信号能否转化为可复核的在轨任务、芯片/网络交付、正式采购或明确客户需求。,跟踪正式原文更新、合同或融资交割、量产/发射节点，以及可比较的性能、功耗、时延和客户采用数据。,已核对SDA机会页；当前为征集/拟采购阶段，不是授标。,Yes
2026W39-MAN-POL-US-003,2026-09-23,2026-09-23,US,Policy,Commercial_Space,NASA PRIMA,NASA选择PRIMA进入Probe Explorers任务Phase B,NASA于9月23日宣布PRIMA进入Phase B，项目仍需确认评审后方可进入实施阶段，项目成本上限不含发射费用。,NASA,Official,https://www.nasa.gov/news-release/nasa-selects-far-infrared-telescope-as-first-in-new-mission-class/,S_Core,,4,4,4,4.0,A,与主航道直接相关并具有明确产业影响；后续仍需用任务数据、量产交付或正式采购验证。,Yes,与主航道直接相关并具有明确产业影响；后续仍需用任务数据、量产交付或正式采购验证。,优先核对该信号能否转化为可复核的在轨任务、芯片/网络交付、正式采购或明确客户需求。,跟踪正式原文更新、合同或融资交割、量产/发射节点，以及可比较的性能、功耗、时延和客户采用数据。,已核对NASA原文；Phase B不是最终任务确认或发射承诺。,Yes
2026W39-WEB-112,2026-09-24,2026-09-24,China,Technology,Commercial_Space,中国成功发射遥感四十号04组卫星 -泉州网|泉州晚报社 泉州新闻门户网站,中国成功发射遥感四十号04组卫星,"中新社北京9月24日电 (记者 马帅莎)据中国航天科技集团消息,北京时间9月24日16时46分,中国在太原卫星发射中心使用长征六号改运载火箭,将遥感四十号04组卫星发射升空,卫星顺利进入预定轨道,发射任务取得圆满成功。遥感四十号04组卫星主要用于开展电磁环境探测及相关技术试验。长征六号改运载火箭是新一代固液捆绑中型运载火箭,可满足单星,多星串联、并联、堆叠、壁挂、搭载等多样化密集发射需求,太阳同步轨道运载能力不低于6.5吨。此次任务是长征系列运载火箭的第670次飞行。 责任编辑:蓝海波",泉州网,Media,https://www.qzwb.com/gb/content/2026-09/24/content_9254062.htm,Watch,,4,4,4,4.0,A,与主航道直接相关并具有明确产业影响；后续仍需用任务数据、量产交付或正式采购验证。,Yes,与主航道直接相关并具有明确产业影响；后续仍需用任务数据、量产交付或正式采购验证。,优先核对该信号能否转化为可复核的在轨任务、芯片/网络交付、正式采购或明确客户需求。,跟踪正式原文更新、合同或融资交割、量产/发射节点，以及可比较的性能、功耗、时延和客户采用数据。,已核对中新社转载全文；报道确认入轨成功，但公开信息仅说明用于电磁环境探测及相关技术试验。,Yes
2026W39-QCC-OVERSEAS-007,2026-09-25,2026-09-25,Global,Financing,Commercial_Space,Locus Lock,Locus Lock战略融资融资记录,软件化卫星定位系统研发商；企查查披露金额：未披露。,企查查（境外）,Database,https://mp.weixin.qq.com/s?__biz=MjM5NTM2OTcwMA==&mid=2653963837&idx=8&sn=c7aa4f49ce92c147a52f73280c840c0f&poc_token=HILltWqjH1zvP80Oqv1DRlINaFSRp0EuXkzT_5ZW,Manual,,4,4,4,4.0,A,与主航道直接相关并具有明确产业影响；后续仍需用任务数据、量产交付或正式采购验证。,Yes,与主航道直接相关并具有明确产业影响；后续仍需用任务数据、量产交付或正式采购验证。,优先核对该信号能否转化为可复核的在轨任务、芯片/网络交付、正式采购或明确客户需求。,跟踪正式原文更新、合同或融资交割、量产/发射节点，以及可比较的性能、功耗、时延和客户采用数据。,QCC raw_id=1d4664b860f85fff2d785bbf1e2e3b8e；数据库线索不等于公司已公开确认，金额和日期保留原表口径。,No
2026W39-WEB-196,2026-09-26,2026-09-26,China,Technology,Chip;AI,数据流架构加速国产AI芯片产业化 睿芯宣布高光D35实现量产-上海证券报·中国证券网,数据流架构加速国产AI芯片产业化 睿芯宣布高光D35实现量产-上海证券报·中国证券网,"数据流架构加速国产AI芯片产业化 睿芯宣布高光D35实现量产凡本报注明“来源:上海证券报”、“来源:上海证券报·中国证券网”和“来源:上海证券报微信公众号”的所有原创作品,著作权均属于本报所有。未经本报书面授权,任何组织不得以任何方式加以使用,包括转载、摘编、复制或建立镜像,本报保留追责的权利。如需获得授权请联系本报版权运营中心:021-38967792,bq@cnstock.com。",上海证券报,Media,https://www.cnstock.com/commonDetail/795745,Watch,,4,4,4,4.0,A,与主航道直接相关并具有明确产业影响；后续仍需用任务数据、量产交付或正式采购验证。,Yes,与主航道直接相关并具有明确产业影响；后续仍需用任务数据、量产交付或正式采购验证。,优先核对该信号能否转化为可复核的在轨任务、芯片/网络交付、正式采购或明确客户需求。,跟踪正式原文更新、合同或融资交割、量产/发射节点，以及可比较的性能、功耗、时延和客户采用数据。,Pass A query 18; search discovery record pending full-text verification.,Yes
2026W39-WEB-063,2026-09-27,2026-09-27,US,Policy,Commercial_Space,FAA已于9月26日签发新版许可证_腾讯新闻,FAA已于9月26日签发新版许可证_腾讯新闻,"FAA已于9月26日签发新版许可证。星舰第14飞计划在北京时间9月28日20:15开启75分钟发射窗口,S41飞船与B21助推器将挑战首次入轨,并计划部署26颗星链V3卫星。20:15是窗口开启时间,具体起飞仍取决于天气和设备状态。",腾讯网,Media,https://news.qq.com/rain/a/20260927A08UVT00,Watch,,4,4,4,4.0,A,与主航道直接相关并具有明确产业影响；后续仍需用任务数据、量产交付或正式采购验证。,Yes,与主航道直接相关并具有明确产业影响；后续仍需用任务数据、量产交付或正式采购验证。,优先核对该信号能否转化为可复核的在轨任务、芯片/网络交付、正式采购或明确客户需求。,跟踪正式原文更新、合同或融资交割、量产/发射节点，以及可比较的性能、功耗、时延和客户采用数据。,Pass A query 5; search discovery record pending full-text verification.,Yes
2026W39-WEB-032,2026-09-21,2026-09-21,China,Policy,Commercial_Space,"关于""十五五""对外技术合作科研 (民用航天领域)第一批项目指南发布的通告","关于""十五五""对外技术合作科研 (民用航天领域)第一批项目指南发布的通告","为拓展民用航天领域国际合作创新发展,根据工作安排,《关于印发""十五五""对外技术合作科研(民用航天领域)第一批项目指南的通知》现已正式发布,鼓励各类企事业单位积极申报,各单位可按相应渠道查阅申报要求和指南内容。 特此通告。 国家国防科工局系统工程一司 2026年9月21日",国家国防科技工业局,Official,https://www.sastind.gov.cn/n10086167/n10086216/c10774740/content.html,S_Core,,3,3,3,3.0,B,作为政策、技术或融资的宽口径周度信号保留；相关性或证据强度低于S/A，不据此作确定性外推。,Brief,作为政策、技术或融资的宽口径周度信号保留；相关性或证据强度低于S/A，不据此作确定性外推。,,,Pass A query 2; search discovery record pending full-text verification.,Yes
2026W39-WEB-061,2026-09-21,2026-09-21,US,Policy,AI,美国通报《通过设备授权计划保护通信供应链免受国家安全威胁》最终规则_经贸资讯_ 中国国际贸易促进委员会南京市分会,美国通报《通过设备授权计划保护通信供应链免受国家安全威胁》最终规则_经贸资讯_ 中国国际贸易促进委员会南京市分会,"美国通报《通过设备授权计划保护通信供应链免受国家安全威胁》最终规则 责任编辑:发展研究部 文章来源:厦门技术性贸易措施信息网 发布时间:2026-09-21 10:13 阅读次数:显示稿件总访问量 2026年9月15日,美国通报了《通过设备授权计划保护通信供应链免受国家安全威胁》最终规则。在该规则中,联邦通信委员会(FCC)采取进一步措施来加强其设备授权计划,以应对通信供应链面临的国家安全风险。该最终规则将于2026年10月13日生效。来源:技贸措施公共服务平台",中国国际贸易促进委员会南京市分会,Official,https://ccpit.nanjing.gov.cn/jmzx/202609/t20260921_5914597.html,S_Core,,3,3,3,3.0,B,作为政策、技术或融资的宽口径周度信号保留；相关性或证据强度低于S/A，不据此作确定性外推。,Brief,作为政策、技术或融资的宽口径周度信号保留；相关性或证据强度低于S/A，不据此作确定性外推。,,,Pass A query 5; search discovery record pending full-text verification.,Yes
2026W39-WEB-152,2026-09-21,2026-09-21,China,Technology,Commercial_Space;AI,头顶几大星座的数万颗卫星 靠谁在轨“维保”?商业航天进入2.0时代新蓝海 _ 东方财富网,头顶几大星座的数万颗卫星 靠谁在轨“维保”?商业航天进入2.0时代新蓝海 _ 东方财富网,"日前,我国“一箭九星”、“一箭十星”先后取得发射成功。前有全球最大固体运载火箭——“引力一号”遥三箭,在东海海域将8颗千帆星座组网卫星与1颗超高速无线通信技术试验卫星成功送入预定轨道;后有“朱雀二号”改进型遥七运载火箭,在东风商业航天创新试验区发射升空,其搭载千帆极轨19组的共10颗卫星,随之顺利入轨。后者,也是我国民营火箭首次执行大规模卫星互联网星座的批量组网任务。 在人们关注火箭发射本身同时,可以发现时隔仅一天,就有18颗“千帆”星座卫星上天。事实上,在人类头顶的这片空间,仅星链卫星就已超过1万颗。国际宇航科学院院士、上海交通大学航空航天学院讲席教授吴树范,20日在2026商业航天产业生态大会上表示,当火箭“进入太空”、卫星“留在太空”后,如何“掌控太空”为卫星等航天器进行“维保”,正催生“空间在轨服务”行业。未来10年,商业航天将进入这样一个2.0时代,航向一片新蓝海。 截至2026年9月1日,太空探索SpaceX的“星链”在轨卫星数量达到11102颗,其中11087颗正在轨工作,为全球167个国家和地区的1200万用户提供服务。在中国,星座的典型代表如国网(GW)星座,其计划的卫星数量也达万级,最新公开组网数据表明,其低轨部分的24组卫星已成功发射。 另一大星座就是千帆星座(SpaceSail),又称“G60星链”或“全球低轨多媒体卫星星座”,其一期到二期的卫星数量计划从数百到千余,而三期卫星数量也超万颗。最新发射数据显示,千帆已发射并在轨的卫星达238颗。 在专家眼中,商业卫星的设计寿命较短,通常仅为数年。数万颗卫星同时在轨期间,需要相应配套大量在轨服务。在轨服务主要是基于在轨航天器提供数据采集、处理及操作服务的商业化活动,并可对运行中的航天器进行维护、升级、回收、燃料补给、故障修复以及太空垃圾清理等操作。 吴树范教授认为,空间在轨服务可以延长卫星寿命、降低发射",东方财富网财经频道,Media,https://finance.eastmoney.com/a/202609213879509727.html,Watch,,3,3,3,3.0,B,作为政策、技术或融资的宽口径周度信号保留；相关性或证据强度低于S/A，不据此作确定性外推。,Brief,作为政策、技术或融资的宽口径周度信号保留；相关性或证据强度低于S/A，不据此作确定性外推。,,,Pass A query 11; search discovery record pending full-text verification.,Yes
2026W39-WEB-182,2026-09-21,2026-09-21,China,Policy,AI,【国家政策】工业和信息化部等五部门关于组织开展2026年度国家绿色算力设施推荐工作的通知_智造工业__天津市蓟州区人民政府,【国家政策】工业和信息化部等五部门关于组织开展2026年度国家绿色算力设施推荐工作的通知_智造工业__天津市蓟州区人民政府,"工业和信息化部等五部门关于组织开展2026年度国家绿色算力设施推荐工作的通知工信厅联节函〔2026〕433号各省、自治区、直辖市及计划单列市、新疆生产建设兵团工业和信息化主管部门、发展改革委、金融监管部门、机关事务管理部门、能源部门,各省、自治区、直辖市通信管理局,中国电信集团有限公司、中国移动通信集团有限公司、中国联合网络通信集团有限公司、中国广播电视网络集团有限公司:为贯彻落实中共中央办公厅、国务院办公厅《关于更高水平更高质量做好节能降碳工作的意见》,支持发展绿色低碳、集约循环的算力设施,加快数字基础设施节能降碳,现组织开展2026年度国家绿色算力设施推荐工作。有关事项通知如下:一、推荐要求在工业、信息通信、能源、互联网、金融、公共机构等领域,对照《国家绿色算力设施评价指标体系》(附件1),推荐一批能效、碳效水平高,且绿色低碳、布局合理、技术先进、管理完善的绿色算力设施,算力设施类型包括智算设施、通算设施、超算设施等。推荐的算力设施应具备以下条件:(一)算力设施所有者具有独立法人资格,算力设施产权清晰,具有明确、完整的物理边界,拥有独立的供配电和制冷系统,且截至申报日已全系统连续稳定运行1年以上。(二)符合国家新型基础设施绿色高质量发展有关规划和布局要求,审批手续完备,实现规模化、集约化、绿色化、智能化建设。2022年以后新建的大型、超大型算力设施,原则上应位于全国一体化算力网络枢纽以及国家明确的算电协同试点区域范围内。(三)算力设施规模不小于3000个标准机架(公共机构、金融领域算力设施以及智算设施除外),上架率不低于60%,算力资源使用率处于行业先进。(四)算力设施绿色发展水平应达到《绿色数据中心评价》(GB/T 44989)二级及以上等级。电能利用效率达到《数据中心能效限定值及能效等级》(GB 40879)中的2级及以上水平。采用的服务器能效应达到《塔式和机架式服",天津市蓟州区人民政府,Official,https://www.tjjz.gov.cn/ztzl/szzxfwjz/zcwj/zzgy_175081/202609/t20260921_7378578.html,S_Core,,3,3,3,3.0,B,作为政策、技术或融资的宽口径周度信号保留；相关性或证据强度低于S/A，不据此作确定性外推。,Brief,作为政策、技术或融资的宽口径周度信号保留；相关性或证据强度低于S/A，不据此作确定性外推。,,,Pass A query 17; search discovery record pending full-text verification.,Yes
2026W39-WEB-220,2026-09-21,2026-09-21,China,Technology,Chip;AI,"科技向人!2026年中国国际信息通信展览会,我们来了 -- 飞象网","科技向人!2026年中国国际信息通信展览会,我们来了 -- 飞象网","科技向人!2026年中国国际信息通信展览会,我们来了 2026年9月21日 21:11CCTIME飞象网 编 辑:章芳 飞象网版权及免责声明: 1.本网刊载内容,凡注明来源为“飞象网”和“飞象原创”皆属飞象网版权所有,未经允许禁止转载、摘编及镜像,违者必究。对于经过授权可以转载,请必须保持转载文章、图像、音视频的完整性,并完整标注作者信息和飞象网来源。 2.凡注明“来源:XXXX”的作品,均转载自其它媒体,在于传播更多行业信息,并不代表本网赞同其观点和对其真实性负责。 3.如因作品内容、版权和其它问题,请在相关作品刊发之日起30日内与本网联系,我们将第一时间予以处理。 本站联系电话为86-010-87765777,邮件后缀为cctime.com,冒充本站员工以任何其他联系方式,进行的“内容核实”、“商务联系”等行为,均不能代表本站。本站拥有对此声明的最终解释权。 推荐阅读 明天,北京国家会议中心将迎来一场属于通信行业的聚会。9月22日至24日,2026年中国国际信息通信展览会(PT EXPO CHINA 2026,以下简称PT展)将在这里举行。本届展会以“强网兴算 智汇生态”..[详细] AI手机竞争的下半场,比的不再只是模型,而是系统有多懂你。这个9月,手机圈的新品大战还在继续,操作系统却悄悄成了主角。荣耀发布行业首个真正实现系统级Agent Harness商用落地的MagicOS 1..[详细] 上周,苹果正式发布了传闻已久的折叠屏手机iPhone Duo,以苹果的生态能力而言,软件的适配似乎并不成本。但很多人还期待着苹果凭借着供应链整合能力,来解决折叠屏手机硬件上的几个顽疾,但..[详细] 在第27届CIOE中国国际光电博览会期间举办的“光引未来•大咖说”高端对话上,成都新易盛通信技术股份有限公司商务副总张金双,解析了硅光、薄膜铌酸锂、LPO(线性可插拔)/LRO(",www.cctime.com,Media,http://www.cctime.com/html/2026-9-21/1743408.htm,Watch,,3,3,3,3.0,B,作为政策、技术或融资的宽口径周度信号保留；相关性或证据强度低于S/A，不据此作确定性外推。,Brief,作为政策、技术或融资的宽口径周度信号保留；相关性或证据强度低于S/A，不据此作确定性外推。,,,Pass A query 19; search discovery record pending full-text verification.,Yes
2026W39-WEB-222,2026-09-21,2026-09-21,Global,Technology,Chip;AI,"AI需求持续爆发!韩国9月前20天出口额创历史新高,芯片出口激增259%-我的钢铁网","AI需求持续爆发!韩国9月前20天出口额创历史新高,芯片出口激增259%-我的钢铁网","韩国海关周一公布的数据显示,受强劲的半导体出口推动,9月前20天韩国出口额同比激增78%。 数据显示,9月1日至20日韩国出口额达到714亿美元,较2025年同期的400亿美元大幅攀升。 这一数据创下有记录以来最高的20天表现,此前的纪录为今年6月前20天创下的617亿美元。 同期,韩国进口额同比增长26.7%至484亿美元,录得230亿美元的贸易顺差。增长主要由半导体、原油和半导体制造设备推动。 本月前20天,韩国强劲的出口表现继续由半导体引领。分产品来看,芯片出口额飙升259%,达到341.2亿美元,再次创下历史新高。半导体出口占总出口额的比例达到47.8%,较上年同期增长24.1个百分点。 自去年6月至今年8月,韩国出口已连续15个月实现增长,这主要得益于,受全球人工智能(AI)需求激增推动,韩国半导体出口表现持续强劲。 此外,石油产品和汽车出口额分别增长47.8%和9.3%,达到40亿美元和37.3亿美元。其他主要增长品类包括钢铁产品和船舶,出口额分别增长8%和63%。 另一方面,移动设备出口额小幅下降0.4%,至12.4亿美元。 从出口目的地来看,对中国的出口额翻倍至166亿美元,对美国的出口额也激增118%至142亿美元。前三大出口目的地——中国、美国和越南——占出口总额的51.4%。 与此同时,截至周日,韩国今年的累计出口额达到7649亿美元,贸易顺差达到2255亿美元,是去年同期(421.63亿美元)的5.4倍。",我的钢铁网,Media,https://m.mysteel.com/a/26092110/89181424C33554FB_abc.html,Watch,,3,3,3,3.0,B,作为政策、技术或融资的宽口径周度信号保留；相关性或证据强度低于S/A，不据此作确定性外推。,Brief,作为政策、技术或融资的宽口径周度信号保留；相关性或证据强度低于S/A，不据此作确定性外推。,,,Pass A query 21; search discovery record pending full-text verification.,Yes
2026W39-SUP-250,2026-09-21,2026-09-21,China,Policy,AI,首批高标准数字园区建设对象名单公示,首批高标准数字园区建设对象名单公示,"为落实《制造业数字化转型行动方案》部署,按照《工业和信息化部办公厅关于印发〈高标准数字园区建设指南〉的通知》(工信厅规函〔2025〕466号)、《工业和信息化部办公厅 商务部办公厅关于开展首批高标准数字园区建设对象遴选工作的通知》(工信厅联规函〔2026〕74号)工作要求,经园区申报、地方推荐、形式审查、专家评审等环节,形成首批高标准数字园区建设对象名单,现予以公示。公示期为2026年9月17日起至2026年9月24日。如有异议,请在公示期内将意见反馈至工业和信息化部规划司。联系地址:北京市西长安街13号(100804)联系电话:010-68205740附件:首批高标准数字园区建设对象名单工业和信息化部规划司2026年9月17日",中华人民共和国工业和信息化部,Official,https://wap.miit.gov.cn/zwgk/wjgs/art/2026/art_ab9d6f6cb5b3411686d65a6d3e3ec7aa.html,S_Core,,3,3,3,3.0,B,作为政策、技术或融资的宽口径周度信号保留；相关性或证据强度低于S/A，不据此作确定性外推。,Brief,作为政策、技术或融资的宽口径周度信号保留；相关性或证据强度低于S/A，不据此作确定性外推。,,,Targeted supplemental search supp-search-cn-01.json; pending full-text verification.,Yes
2026W39-SUP-292,2026-09-21,2026-09-21,US,Policy,AI,G20 Energy Abundance Ministerial Concludes with Four Consensus Outcomes - The White House,G20 Energy Abundance Ministerial Concludes with Four Consensus Outcomes - The White House,"G20 Energy Abundance Ministerial Concludes with Four Consensus Outcomes On Wednesday, September 16th, 2026, G20 Energy Ministers concluded the Energy Abundance Ministerial in Houston, Texas. The Ministerial was hosted by the White House National Energy Dominance Council (NEDC), the Department of the Interior, the Department of Energy, and the Environmental Protection Agency. At the conclusion of the Ministerial, G20 Ministers reached consensus on four outcomes advancing energy access, infrastructure development, water resilience, and supply chain security. The outcomes advance the Energy Abundance Working Group’s three pillars: Energy Security and Affordable Baseload, Permitting and Regulatory Efficiency, and Critical Minerals and Resilient Supply Chains. Together, they support the common",www.whitehouse.gov,Official,https://www.whitehouse.gov/releases/2026/09/g20-energy-abundance-ministerial-concludes-with-four-consensus-outcomes/,S_Core,,3,3,3,3.0,B,作为政策、技术或融资的宽口径周度信号保留；相关性或证据强度低于S/A，不据此作确定性外推。,Brief,作为政策、技术或融资的宽口径周度信号保留；相关性或证据强度低于S/A，不据此作确定性外推。,,,Targeted supplemental search supp-search-us-05.json; pending full-text verification.,Yes
2026W39-QCC-DOMESTIC-039,2026-09-21,2026-09-21,China,Financing,Chip,​芯驰科技,​芯驰科技C+轮融资记录,汽车智能驾驶芯片研发商；企查查披露金额：约3亿元。,企查查（境内）,Database,https://www.zhangtongshe.com/article/detail?id=103413,Manual,,3,3,3,3.0,B,作为政策、技术或融资的宽口径周度信号保留；相关性或证据强度低于S/A，不据此作确定性外推。,Brief,作为政策、技术或融资的宽口径周度信号保留；相关性或证据强度低于S/A，不据此作确定性外推。,,,QCC raw_id=cab07494ca6f2bcb1c1e53bb4c4440ae；数据库线索不等于公司已公开确认，金额和日期保留原表口径。,No
2026W39-QCC-DOMESTIC-041,2026-09-21,2026-09-21,China,Financing,Chip,邦皓半导体,邦皓半导体A+轮融资记录,半导体芯片制造设备研发商；企查查披露金额：未披露。,企查查（境内）,Database,N/A,Manual,,3,3,3,3.0,B,作为政策、技术或融资的宽口径周度信号保留；相关性或证据强度低于S/A，不据此作确定性外推。,Brief,作为政策、技术或融资的宽口径周度信号保留；相关性或证据强度低于S/A，不据此作确定性外推。,,,QCC raw_id=516be127d1ddef3b08079fb4fd44a48f；数据库线索不等于公司已公开确认，金额和日期保留原表口径。,No
2026W39-QCC-DOMESTIC-046,2026-09-21,2026-09-21,China,Financing,Commercial_Space,斫月智能,斫月智能天使轮融资记录,太空具身智能技术研发商；企查查披露金额：未披露。,企查查（境内）,Database,N/A,Manual,,3,3,3,3.0,B,作为政策、技术或融资的宽口径周度信号保留；相关性或证据强度低于S/A，不据此作确定性外推。,Brief,作为政策、技术或融资的宽口径周度信号保留；相关性或证据强度低于S/A，不据此作确定性外推。,,,QCC raw_id=dcb54c6e9f147615e5d089733609f904；只有数据库线索，金额未披露，未找到可打开的公开原文，因此降为B级并不进入S/A核心清单。,No
2026W39-MAN-POL-US-001,2026-09-21,2026-09-21,US,Policy,Commercial_Space,Albania / NASA,阿尔巴尼亚成为第73个《阿尔忒弥斯协定》签署国,NASA记录阿尔巴尼亚于9月21日在华盛顿签署《阿尔忒弥斯协定》，属于国际空间治理合作扩围。,NASA,Official,https://www.nasa.gov/organizations/oiir/nasa-welcomes-albania-as-newest-artemis-accords-signatory/,S_Core,,3,3,3,3.0,B,作为政策、技术或融资的宽口径周度信号保留；相关性或证据强度低于S/A，不据此作确定性外推。,Brief,作为政策、技术或融资的宽口径周度信号保留；相关性或证据强度低于S/A，不据此作确定性外推。,,,已核对NASA原文；签署协定不等于形成具体商业采购。,Yes
2026W39-MAN-TECH-US-002,2026-09-21,2026-09-21,US,Technology,Chip;AI,Intel,Intel在AI Infra Summit更新AI基础设施路线,Intel于9月21日在AI Infra Summit页面集中更新数据中心与AI基础设施议题。,Intel,Company,https://newsroom.intel.com/artificial-intelligence/intel-at-ai-infra-summit-2026,S_Core,,3,3,3,3.0,B,作为政策、技术或融资的宽口径周度信号保留；相关性或证据强度低于S/A，不据此作确定性外推。,Brief,作为政策、技术或融资的宽口径周度信号保留；相关性或证据强度低于S/A，不据此作确定性外推。,,,公司活动页；具体性能主张需以产品资料和第三方测试核验。,Yes
2026W39-MAN-TECH-US-003,2026-09-21,2026-09-21,US,Technology,AI,NVIDIA,NVIDIA发布物理AI全栈安全工程框架,NVIDIA于9月21日发布物理AI规模化部署的分层安全工程观点，覆盖芯片、系统、模型与运营环节。,NVIDIA,Company,https://blogs.nvidia.com/,S_Core,,3,3,3,3.0,B,作为政策、技术或融资的宽口径周度信号保留；相关性或证据强度低于S/A，不据此作确定性外推。,Brief,作为政策、技术或融资的宽口径周度信号保留；相关性或证据强度低于S/A，不据此作确定性外推。,,,公司博客；属于方法论发布，不等于独立安全认证。,Yes
2026W39-MAN-TECH-GLOBAL-001,2026-09-21,2026-09-21,Global,Technology,AI,Microsoft India South Central,微软宣布印度South Central区域AI就绪云基础设施计划,微软在9月21日印度AI基础设施峰会披露India South Central区域及AI就绪能力布局。,Microsoft,Company,https://news.microsoft.com/source/asia/2026/09/21/ai-ambition-into-action-microsoft-brings-ai-ready-capabilities-across-its-india-cloud-infrastructure-establishes-india-south-central-region-as-a-strategic-hub-for-asia-and-global-south/,S_Core,,3,3,3,3.0,B,作为政策、技术或融资的宽口径周度信号保留；相关性或证据强度低于S/A，不据此作确定性外推。,Brief,作为政策、技术或融资的宽口径周度信号保留；相关性或证据强度低于S/A，不据此作确定性外推。,,,公司公告；区域定位与实际容量、上线节奏需后续核对。,Yes
2026W39-MAN-TECH-US-005,2026-09-21,2026-09-21,US,Technology,AI,Presidio PATH,Presidio扩展PATH企业AI实验室并引入加速基础设施,Presidio于9月21日宣布扩展PATH企业AI实验室，加入Dell加速基础设施供公共客户测试。,Presidio,Company,https://www.publicnow.com/view/C583976FC22ACA0ED9E177D3CB67FD03E05A7620,S_Core,,3,3,3,3.0,B,作为政策、技术或融资的宽口径周度信号保留；相关性或证据强度低于S/A，不据此作确定性外推。,Brief,作为政策、技术或融资的宽口径周度信号保留；相关性或证据强度低于S/A，不据此作确定性外推。,,,新闻稿分发来源；实验室开放不等于客户生产部署。,Yes
2026W39-MAN-TECH-US-006,2026-09-21,2026-09-21,US,Technology,AI,Data Center Watch,研究称二季度680亿美元数据中心项目受社区反对影响,9月21日发布的行业报道援引Data Center Watch称，美国二季度有约680亿美元数据中心项目被阻止或延迟，反映算力基础设施选址约束。,Tom’s Hardware,Company,https://www.tomshardware.com/tech-industry/data-centers/local-opposition-blocked-usd68-billion-worth-of-data-center-projects-in-the-second-quarter-of-2026-data-center-investments-reportedly-still-on-track-to-hit-usd32-trillion-by-2050,S_Core,,3,3,3,3.0,B,作为政策、技术或融资的宽口径周度信号保留；相关性或证据强度低于S/A，不据此作确定性外推。,Brief,作为政策、技术或融资的宽口径周度信号保留；相关性或证据强度低于S/A，不据此作确定性外推。,,,二手报道且数据统计对象为二季度；本周新增的是研究披露，不写作本周新增投资损失。,Yes
2026W39-WEB-166,2026-09-22,2026-09-22,China,Technology,Commercial_Space;AI,一周超30颗卫星入轨 商业航天进入密集发射期,一周超30颗卫星入轨 商业航天进入密集发射期,"据记者不完全统计,9月14日至9月20日一周内,我国共完成六次火箭发射,将超过30颗卫星送入预定轨道。从低轨宽带星座组网到科学试验,从西北戈壁到东部海上,国家队与商业火箭企业同台发力,陆海发射场协同配合,我国商业航天正以前所未有的节奏进入高密度发射期。 新华社图片 多型火箭连发 近一周,朱雀二号改进型、引力一号、长征十二号、快舟十一号、长征二号丁、力箭一号等多款火箭接连发射,任务均取得成功。近期发射任务中,国家队和商业火箭企业各占半壁江山。 9月15日,蓝箭航天朱雀二号改进型遥七运载火箭在东风商业航天创新试验区点火升空,以一箭10星方式将上海垣信卫星科技有限公司千帆极轨19组卫星送入预定轨道。这是我国民营商业航天企业首次承担大型卫星互联网星座组网任务,完成了一箭多星、星箭协同、卫星批量部署以及火箭末级钝化离轨的整套工程流程,意味着民营航天企业已深入参与国家级空天基础设施建设。 次日,东方空间引力一号遥三运载火箭便在上海东部海域接续执行千帆星座发射任务,将千帆极轨26组卫星及EUHT技术试验卫星共9颗卫星顺利送入预定轨道。两家商业火箭公司连续两天为同一大型星座运送组网卫星,在我国尚属首次。 9月20日,中科宇航力箭一号遥十八运载火箭又在东风商业航天创新试验区以“一箭9星”方式,将“超智算一号”等9颗卫星送入预定轨道。 值得关注的是,头部商业火箭企业已普遍形成多型号并行、批量化交付的供给能力。 蓝箭航天市场营销部总经理马海静向记者表示,朱雀二号改进型是公司承担常态化商业发射任务的重要型号,主要面向当前市场和客户的实际需求;朱雀三号可回收火箭则面向未来更大运力、更高频次的发射需求。两型火箭一子级均采用天鹊12A发动机、二子级均采用天鹊15A发动机,并均通过气动推杆完成一二级分离,技术上相互助力、市场上相互补充。此次遥七任务距朱雀三号遥二火箭一子级陆地回收仅20多天,表明高频发射",中证网,Media,https://www.cs.com.cn/ssgs/01/2026/09/22/detail_2026092210040812.html,Watch,,3,3,3,3.0,B,作为政策、技术或融资的宽口径周度信号保留；相关性或证据强度低于S/A，不据此作确定性外推。,Brief,作为政策、技术或融资的宽口径周度信号保留；相关性或证据强度低于S/A，不据此作确定性外推。,,,Pass A query 12; search discovery record pending full-text verification.,Yes
2026W39-WEB-180,2026-09-22,2026-09-22,China,Policy,AI,湖北发放“算力券” 模型、词元等服务纳入补贴_凤凰网,湖北发放“算力券” 模型、词元等服务纳入补贴_凤凰网,"原标题:湖北:发放“算力券”提升补贴比例,将模型、词元等服务模式纳入补贴范围湖北省人民政府办公厅近日印发《湖北省三四季度长短结合促进经济稳中向好若干措施》。其中提出,加力推进“六张网”建设。建立项目储备库及年度重大项目清单,安排省预算内投资前期工作费支持重大项目推进。支持各地积极探索“厂网一体、供排综合管理”及特许经营模式,鼓励各类企业参与城市地下管网“投建管运”。深化国有水资源水工程资产化改革,培育壮大现代绿色水经济。发放“算力券”,提升补贴比例,将模型、词元等服务模式纳入补贴范围,切实降低中小微企业、科创团队用算门槛。支持新建负荷、出口型企业等有绿色电力消费需求的市场主体、工业园区利用周边新能源资源开展绿电直连。安排财政资金重点支持多式联运体系构建、城乡双向流通和应急保供物流补短板、供应链创新与应用等领域项目。",凤凰网湖北频道,Media,https://hb.ifeng.com/c/8wcTYnSvc8V,Watch,,3,3,3,3.0,B,作为政策、技术或融资的宽口径周度信号保留；相关性或证据强度低于S/A，不据此作确定性外推。,Brief,作为政策、技术或融资的宽口径周度信号保留；相关性或证据强度低于S/A，不据此作确定性外推。,,,Pass A query 17; search discovery record pending full-text verification.,Yes
2026W39-WEB-234,2026-09-22,2026-09-22,China,Technology,Chip;AI,专家解读之一:健全绿色算力设施评价指标体系 引导算力设施绿色低碳发展,专家解读之一:健全绿色算力设施评价指标体系 引导算力设施绿色低碳发展,"近日,为贯彻落实中共中央办公厅、国务院办公厅《关于更高水平更高质量做好节能降碳工作的意见》,工业和信息化部办公厅、国家发展改革委办公厅、金融监管总局办公厅、国管局办公室、国家能源局综合司联合印发了《关于组织开展2026年度国家绿色算力设施推荐工作的通知》(以下简称《通知》)。《通知》明确,在工业、信息通信、能源、互联网、金融、公共机构等领域,对照《国家绿色算力设施评价指标体系》(以下简称《指标体系》),推荐一批能效、碳效水平高,且绿色低碳、布局合理、技术先进、管理完善的绿色算力设施。一、持续更新《指标体系》,对标算力设施绿色低碳发展新要求《指标体系》是国家绿色算力设施认定的技术标尺,也是传导宏观节能降碳政策、引导算力企业转型升级的重要抓手。当前,我国算力基础设施建设提速扩容,算力设施能源消费及碳排放呈较快增长态势,已成为国家节能降碳重点关注领域。2026年出台的“十五五”规划《纲要》《关于更高水平更高质量做好节能降碳工作的意见》《“十五五”碳达峰行动方案》等纲领性政策文件,均对算力设施绿色低碳转型作出专项部署,其中《关于更高水平更高质量做好节能降碳工作的意见》明确提出“支持发展绿色低碳、集约循环的算力设施”。本次《指标体系》迭代升级,严格对标国家顶层政策导向,充分考虑算力行业发展新形势、新需求,确保评价标准贴合政策要求、贴合行业实际、贴合转型方向。二、系统优化指标设置,充分发挥《指标体系》引导作用2026年度《指标体系》立足国家节能降碳、双碳管控、资源集约利用总体部署,对原有评价规则进行系统优化升级,将能效管控、碳排放管控、节水增效、算力高效利用等政策要求,细化为可量化、可核验的评审标准,进一步夯实算力设施绿色低碳发展基础。一是精准贴合算力设施双重属性。算力设施是承载人工智能运算、云计算、数据存储加工、工业数字化赋能的重要基础设施,是支撑数字经济提质增效、培育新质生产力的",中华人民共和国工业和信息化部,Official,https://wap.miit.gov.cn/jgsj/jns/gzdt/art/2026/art_28d8d0e85fc344728026ad23fb7074f7.html,S_Core,,3,3,3,3.0,B,作为政策、技术或融资的宽口径周度信号保留；相关性或证据强度低于S/A，不据此作确定性外推。,Brief,作为政策、技术或融资的宽口径周度信号保留；相关性或证据强度低于S/A，不据此作确定性外推。,,,Pass A query 23; search discovery record pending full-text verification.,Yes
2026W39-SUP-299,2026-09-22,2026-09-22,US,Policy,Commercial_Space;Chip;AI,NASA Kicks Off Nationwide Effort to Prepare Tomorrow’s Space Workforce - NASA,NASA Kicks Off Nationwide Effort to Prepare Tomorrow’s Space Workforce - NASA,"NASA kicked off its State Hubs for Skilled Technical Workforce initiative Sept. 15, 2026 with awardees at Space Center Houston. Agency leadership convened State Hub partners to align strategy and build momentum while focusing on partnerships, small business engagement, and next steps. “The NASA State Hubs initiative is a top priority for the agency, because we know the space economy is really accelerating across the country,” said Elaine Ho, associate administrator for NASA’s Office of STEM Engagement at NASA Headquarters in Washington. “It’s energizing to watch our partners come together to put real plans into action to help students advance into well paying, rewarding technical jobs. I am excited about what’s ahead.” NASA State Hubs project leaders and agency, state, and federal partners",NASA,Official,https://www.nasa.gov/learning-resources/nasa-kicks-off-nationwide-effort-to-prepare-tomorrows-space-workforce/,S_Core,,3,3,3,3.0,B,作为政策、技术或融资的宽口径周度信号保留；相关性或证据强度低于S/A，不据此作确定性外推。,Brief,作为政策、技术或融资的宽口径周度信号保留；相关性或证据强度低于S/A，不据此作确定性外推。,,,Targeted supplemental search supp-search-us-07.json; pending full-text verification.,Yes
2026W39-QCC-DOMESTIC-024,2026-09-22,2026-09-22,China,Financing,Chip,芯速联科技,芯速联科技B+轮融资记录,光通信芯片研发商；企查查披露金额：未披露。,企查查（境内）,Database,https://c.m.163.com/news/a/L7DPNUOE0534A4SC.html,Manual,,3,3,3,3.0,B,作为政策、技术或融资的宽口径周度信号保留；相关性或证据强度低于S/A，不据此作确定性外推。,Brief,作为政策、技术或融资的宽口径周度信号保留；相关性或证据强度低于S/A，不据此作确定性外推。,,,QCC raw_id=94ae2545de9c4d255ec71b4eacecfab6；数据库线索不等于公司已公开确认，金额和日期保留原表口径。,No
2026W39-QCC-DOMESTIC-029,2026-09-22,2026-09-22,China,Financing,Chip,驰芯半导体,驰芯半导体A+轮融资记录,低功耗物联网芯片设计研发商；企查查披露金额：超2亿元。,企查查（境内）,Database,https://mp.weixin.qq.com/s?__biz=MzkxMTE5NTUyMw==&mid=2247489223&idx=1&sn=0a030c0cc4457ec6cd06b4a30c1a15ab&poc_token=HB1psmqjuAnfs7YmFFh7llY_MiTVQWVfzsQxjEEP,Manual,,3,3,3,3.0,B,作为政策、技术或融资的宽口径周度信号保留；相关性或证据强度低于S/A，不据此作确定性外推。,Brief,作为政策、技术或融资的宽口径周度信号保留；相关性或证据强度低于S/A，不据此作确定性外推。,,,QCC raw_id=220130d99c2eb38edd92e3927c11a250；数据库线索不等于公司已公开确认，金额和日期保留原表口径。,No
2026W39-QCC-DOMESTIC-033,2026-09-22,2026-09-22,China,Financing,Chip,宸存科技,宸存科技天使轮融资记录,集成电路设计商；企查查披露金额：未披露。,企查查（境内）,Database,N/A,Manual,,3,3,3,3.0,B,作为政策、技术或融资的宽口径周度信号保留；相关性或证据强度低于S/A，不据此作确定性外推。,Brief,作为政策、技术或融资的宽口径周度信号保留；相关性或证据强度低于S/A，不据此作确定性外推。,,,QCC raw_id=57cad2c1e15073db55338bc2ae2c2856；数据库线索不等于公司已公开确认，金额和日期保留原表口径。,No
2026W39-QCC-DOMESTIC-034,2026-09-22,2026-09-22,China,Financing,Commercial_Space,锦升空天,锦升空天天使轮融资记录,航天器制造商；企查查披露金额：未披露。,企查查（境内）,Database,N/A,Manual,,3,3,3,3.0,B,作为政策、技术或融资的宽口径周度信号保留；相关性或证据强度低于S/A，不据此作确定性外推。,Brief,作为政策、技术或融资的宽口径周度信号保留；相关性或证据强度低于S/A，不据此作确定性外推。,,,QCC raw_id=592113bdd7250a17bb155dab15f43568；数据库线索不等于公司已公开确认，金额和日期保留原表口径。,No
2026W39-QCC-DOMESTIC-036,2026-09-22,2026-09-22,China,Financing,Chip,江湾世纪,江湾世纪天使轮融资记录,半导体特色工艺设备制造商；企查查披露金额：未披露。,企查查（境内）,Database,N/A,Manual,,3,3,3,3.0,B,作为政策、技术或融资的宽口径周度信号保留；相关性或证据强度低于S/A，不据此作确定性外推。,Brief,作为政策、技术或融资的宽口径周度信号保留；相关性或证据强度低于S/A，不据此作确定性外推。,,,QCC raw_id=bcf8072732874e00512465856328afb1；数据库线索不等于公司已公开确认，金额和日期保留原表口径。,No
2026W39-QCC-DOMESTIC-038,2026-09-22,2026-09-22,China,Financing,Commercial_Space,天弓磁航,天弓磁航天使轮融资记录,航天发射工位建设运营商；企查查披露金额：未披露。,企查查（境内）,Database,N/A,Manual,,3,3,3,3.0,B,作为政策、技术或融资的宽口径周度信号保留；相关性或证据强度低于S/A，不据此作确定性外推。,Brief,作为政策、技术或融资的宽口径周度信号保留；相关性或证据强度低于S/A，不据此作确定性外推。,,,QCC raw_id=d31fb5491ecd7197431d992d72cabdf9；数据库线索不等于公司已公开确认，金额和日期保留原表口径。,No
2026W39-QCC-OVERSEAS-021,2026-09-22,2026-09-22,Global,Financing,Chip,Morphotonics,MorphotonicsB轮融资记录,大面积纳米压印光刻设备制造商；企查查披露金额：超4000万欧元。,企查查（境外）,Database,https://www.finsmes.com/2026/09/morphotonics-raises-over-40m-in-series-b-funding.html,Manual,,3,3,3,3.0,B,作为政策、技术或融资的宽口径周度信号保留；相关性或证据强度低于S/A，不据此作确定性外推。,Brief,作为政策、技术或融资的宽口径周度信号保留；相关性或证据强度低于S/A，不据此作确定性外推。,,,QCC raw_id=66a4bb7a3a145af567dca31fc1ad4e6b；数据库线索不等于公司已公开确认，金额和日期保留原表口径。,No
2026W39-WEB-090,2026-09-23,2026-09-23,China,Policy,Commercial_Space,2026年度长沙市卫星应用技术中心应用服务体系建设项目成交结果公告,2026年度长沙市卫星应用技术中心应用服务体系建设项目成交结果公告,"12575140 2026年度长沙市卫星应用技术中心应用服务体系建设项目成交结果公告 45016 通知公告 20 长沙市自然资源和规划局 csszgj 2026-09-23 2026年度长沙市卫星应用技术中心应用服务体系建设项目成交结果公告 2026年度长沙市卫星应用技术中心应用服务体系建设项目成交结果公告 2026-09-23 来源:长沙市自然资源和规划局 【字体:大中小】 一、项目编号:HNZT-2026ZF246二、项目名称:2026年度长沙市卫星应用技术中心应用服务体系建设项目 三、中标(成交)信息供应商名称:长沙市勘测设计研究院 供应商地址:长沙市岳麓区桐梓坡西路350号 成交金额:410000.00元四、主要标的信息 序号 供应商名称 服务名称 服务范围 服务要求 服务时间 服务标准 1 长沙市勘测设计研究院 2026年度长沙市卫星应用技术中心应用服务体系建设项目 详见采购需求 详见采购需求 详见采购需求 详见采购需求五、评审专家名单朱丽琴(组长)、李翔、余艳六、代理服务收费标准及金额:按采购代理协议执行七、公告期限:自本公告发布之日起1个工作日八、其它补充事宜 供应商信息 资格审查结果 符合性审查结果 报价 (单位:元) 评审得分 评审结果 长沙市勘测设计研究院 审核通过 审核通过 410000.00 92.28 第一成交候选人 湖南中云图地理信息科技有限公司 审核通过 审核通过 410116.00 79.10 第二成交候选人 湖南中元大地测绘有限公司 审核通过 审核通过 350000.00 75.67 第三成交候选人参与采购活动的供应商认为成交结果使自己权益受到损害的,可以在知道或者应知其权益受到损害之日起7个工作日内以书面形式向采购人或采购代理机构提出质疑。九、凡对本次公告内容提出询问,请按以下方式联系。 1、采购人名 称:长沙市自然资源和规划局地 址:长",长沙市政府门户网站,Official,http://zygh.changsha.gov.cn/zfxxgk/tzgg_1/202609/t20260923_12575140.html,S_Core,,3,3,3,3.0,B,作为政策、技术或融资的宽口径周度信号保留；相关性或证据强度低于S/A，不据此作确定性外推。,Brief,作为政策、技术或融资的宽口径周度信号保留；相关性或证据强度低于S/A，不据此作确定性外推。,,,Pass A query 7; search discovery record pending full-text verification.,Yes
2026W39-WEB-195,2026-09-23,2026-09-23,China,Technology,AI,专家解读之二:发挥国家绿色算力设施引领作用 推动算力产业绿色低碳转型,专家解读之二:发挥国家绿色算力设施引领作用 推动算力产业绿色低碳转型,"近日,工业和信息化部办公厅、国家发展改革委办公厅、金融监管总局办公厅、国管局办公室、国家能源局综合司联合印发《关于组织开展2026年度国家绿色算力设施推荐工作的通知》(以下简称《通知》),正式启动新一轮国家绿色算力设施推荐工作。《通知》紧扣算力产业绿色发展实际,统筹智算设施、通算设施、超算设施三类载体,覆盖工业、信息通信、能源、互联网、金融、公共机构等领域,从能源利用水平、碳排放管理水平、水资源利用水平、算力资源利用水平等4个方面构建国家绿色算力设施评价体系,支持发展绿色低碳、集约循环的算力设施,加快数字基础设施节能降碳。一、建设国家绿色算力设施对算力产业绿色低碳转型具有重要意义习近平总书记强调,绿色发展是高质量发展的底色,新质生产力本身就是绿色生产力。《“十五五”碳达峰行动方案》提出“推进算力设施绿色低碳转型。强化算力设施与可再生能源协同布局,支持开展绿电直供,合理配置储能、备用电源等配套设施,推动新建算力设施主要使用非化石能源电力。完善算力设施节能降碳标准,推动未达标算力设施开展节能降碳改造,有序淘汰落后低效技术和设备,提升算力设施能效水平”。截至2025年底,我国在用算力设施超过1373万标准机架,建成42个万卡级智算集群,智算规模达159万PFLOPS(FP16),人工智能大模型训练、工业互联网赋能等场景的算力需求呈指数级增长。同时,算力设施规模的持续扩张,拉动能源需求的高速增长,据国家能源局统计,2025年全国算力设施总用电量达到1700亿千瓦时,占全社会用电量的1.6%,全国一体化算力网络八大枢纽节点算力用电近3年平均增长约39.5%。能源系统的韧性、效率和可持续性决定人工智能技术迭代速度,“算力的尽头是电力、是能源”已成为行业共识,也让全球面临“能源不可能三角”悖论,即充足的能源供应、清洁的能源结构、经济的能源成本三者难以兼得。面对这一挑战,各国将算力发展与",中华人民共和国工业和信息化部,Official,https://wap.miit.gov.cn/jgsj/jns/gzdt/art/2026/art_3039b817619146e39703cc32356ae0d9.html,S_Core,,3,3,3,3.0,B,作为政策、技术或融资的宽口径周度信号保留；相关性或证据强度低于S/A，不据此作确定性外推。,Brief,作为政策、技术或融资的宽口径周度信号保留；相关性或证据强度低于S/A，不据此作确定性外推。,,,Pass A query 17; search discovery record pending full-text verification.,Yes
2026W39-SUP-310,2026-09-23,2026-09-23,US,Technology,Commercial_Space,"NASA's Hubble Telescope Reaches Milestone, Looks for Elusive Supernova - NASA","NASA's Hubble Telescope Reaches Milestone, Looks for Elusive Supernova - NASA","NASA’s Hubble Space Telescope captured this image of massive galaxy cluster MACS J0417 (left of center) on Sept. 19, 2026. This galaxy cluster acts as a gravitational lens, bending and magnifying light from objects far behind it. Supernova Athena, discovered by NASA’s James Webb Space Telescope in 2025, is predicted to reappear between now and early March 2027. Measuring the timing of Athena’s reappearances can help researchers map the mass of MACS J0417, which acts as a magnifying, foreground lens for distant objects, and refine our understanding of the expansion rate of the universe. Hubble also completed its 200,000th orbit around Earth on Sept. 19, marking another new milestone for an observatory that continues to transform our understanding of the universe. Read more about Hubble and",NASA,Official,https://www.nasa.gov/image-article/nasas-hubble-telescope-reaches-milestone-looks-for-elusive-supernova/,S_Core,,3,3,3,3.0,B,作为政策、技术或融资的宽口径周度信号保留；相关性或证据强度低于S/A，不据此作确定性外推。,Brief,作为政策、技术或融资的宽口径周度信号保留；相关性或证据强度低于S/A，不据此作确定性外推。,,,Targeted supplemental search supp-search-us-07.json; pending full-text verification.,Yes
2026W39-SUP-311,2026-09-23,2026-09-23,US,Technology,Commercial_Space;Chip,Risk of Hydrazine Use Following Freeze-Thaw Exposure - NASA,Risk of Hydrazine Use Following Freeze-Thaw Exposure - NASA,"For more information, contact Jonathan E. Jones, Langley Research Center, jonathan.e.jones@nasa.gov Download the PDF version The purpose of this Technical Bulletin is to communicate the risks associated with freeze–thaw cycles in hydrazine monopropellant systems and to provide general recommendations for mitigating damage, operational hazards, and loss of system reliability in propulsion and auxiliary hydrazine systems. BackgroundHydrazine (N2H4) freezes near 1.6°C, and its phase transition is known to introduce risks to flight hardware. Multiple NASA programs have historically encountered hydrazine freeze related issues: • Space Shuttle APU hydrazine lines were vulnerable to freeze induced contraction followed by thaw induced over expansion, capable of bursting plumbing. Shuttle flight ru",NASA,Official,https://www.nasa.gov/general/risk-of-hydrazine-use-following-freeze-thaw-exposure/,S_Core,,3,3,3,3.0,B,作为政策、技术或融资的宽口径周度信号保留；相关性或证据强度低于S/A，不据此作确定性外推。,Brief,作为政策、技术或融资的宽口径周度信号保留；相关性或证据强度低于S/A，不据此作确定性外推。,,,Targeted supplemental search supp-search-us-07.json; pending full-text verification.,Yes
2026W39-QCC-DOMESTIC-011,2026-09-23,2026-09-23,China,Financing,Chip,矽芯微,矽芯微B轮融资记录,半导体先进封装技术研发商；企查查披露金额：2亿元。,企查查（境内）,Database,https://mp.weixin.qq.com/s?__biz=MzAwMDEwMDk5Mg==&mid=2651302485&idx=2&sn=71656555755c1fb2213e7a761c577024&poc_token=HCKgs2qj0j_h0IcG7WMZNFE-2Jt1MBsvwk3QLpUG,Manual,,3,3,3,3.0,B,作为政策、技术或融资的宽口径周度信号保留；相关性或证据强度低于S/A，不据此作确定性外推。,Brief,作为政策、技术或融资的宽口径周度信号保留；相关性或证据强度低于S/A，不据此作确定性外推。,,,QCC raw_id=8969ed12b59fd5d5708aabab259da4af；数据库线索不等于公司已公开确认，金额和日期保留原表口径。,No
2026W39-QCC-DOMESTIC-014,2026-09-23,2026-09-23,China,Financing,Chip,玖熠半导体,玖熠半导体A+轮融资记录,半导体EDA软件产品研发商；企查查披露金额：未披露。,企查查（境内）,Database,N/A,Manual,,3,3,3,3.0,B,作为政策、技术或融资的宽口径周度信号保留；相关性或证据强度低于S/A，不据此作确定性外推。,Brief,作为政策、技术或融资的宽口径周度信号保留；相关性或证据强度低于S/A，不据此作确定性外推。,,,QCC raw_id=d140b8e293ea6ab27772df636e02b1fe；数据库线索不等于公司已公开确认，金额和日期保留原表口径。,No
2026W39-QCC-DOMESTIC-016,2026-09-23,2026-09-23,China,Financing,Chip,纳时微电子,纳时微电子A轮融资记录,半导体芯片设计研发商；企查查披露金额：未披露。,企查查（境内）,Database,N/A,Manual,,3,3,3,3.0,B,作为政策、技术或融资的宽口径周度信号保留；相关性或证据强度低于S/A，不据此作确定性外推。,Brief,作为政策、技术或融资的宽口径周度信号保留；相关性或证据强度低于S/A，不据此作确定性外推。,,,QCC raw_id=bfb9ce97abe29933afd0e8ba709c2f0f；数据库线索不等于公司已公开确认，金额和日期保留原表口径。,No
2026W39-MAN-TECH-GLOBAL-003,2026-09-23,2026-09-23,Europe,Technology,Commercial_Space,BepiColombo,BepiColombo完成水星转移模块分离,ESA披露BepiColombo在水星抵达准备中完成MTM分离，为后续入轨阶段推进关键构型转换。,ESA,Official,https://www.esa.int/Enabling_Support/Operations/BepiColombo_begins_Mercury_arrival_with_MTM_separation_success,S_Core,,3,3,3,3.0,B,作为政策、技术或融资的宽口径周度信号保留；相关性或证据强度低于S/A，不据此作确定性外推。,Brief,作为政策、技术或融资的宽口径周度信号保留；相关性或证据强度低于S/A，不据此作确定性外推。,,,已核对ESA来源入口；具体时间与后续轨道操作以任务更新为准。,Yes
2026W39-WEB-130,2026-09-24,2026-09-24,China,Technology,Commercial_Space,2026年中国国际信息通信展览会卫星互联网论坛在京举办_凤凰网,2026年中国国际信息通信展览会卫星互联网论坛在京举办_凤凰网,"人民财讯9月24日电,据中国信通院公众号,9月22日上午,2026年中国国际信息通信展览会卫星互联网论坛在北京国家会议中心举办。论坛由中国信息通信研究院主办,现场发布NTN卫星通信先锋行动第一阶段成果,举行卫星物联网标识解析二级节点上线暨首批重点企业接入仪式,并设置多场主题演讲。",凤凰网,Media,https://finance.ifeng.com/c/8wgMqaMMDc7,Watch,,3,3,3,3.0,B,作为政策、技术或融资的宽口径周度信号保留；相关性或证据强度低于S/A，不据此作确定性外推。,Brief,作为政策、技术或融资的宽口径周度信号保留；相关性或证据强度低于S/A，不据此作确定性外推。,,,Pass A query 10; search discovery record pending full-text verification.,Yes
2026W39-WEB-136,2026-09-24,2026-09-24,China,Technology,Commercial_Space;Chip;AI,PT展观察 | 卫星互联网进入“落地时间”_腾讯新闻,PT展观察 | 卫星互联网进入“落地时间”_腾讯新闻,"工业和信息化部信息通信管理局业务资源处处长赵阳表示,我国卫星互联网建设步入快车道,已成功发射25组互联网低轨卫星,“千帆”星座累计发射256颗卫星,以“天启”星座、“吉利未来出行”星座为代表的卫星物联网星座均已完成一期组网部署。同时,相关遥感星座、算力星座也在加快布局,我国低轨星座建设呈现多元化、体系化、规模化、智能化的良好态势。作为6G“空天地海一体化”的核心基础设施,我国卫星互联网组网已初步达成阶段目标。同时,我国新一代通信网建设全面提速,地面5G-A、万兆光网与空间卫星互联网协同推进,天地融合的全域通信底座正在加快成型。在此背景下,应用落地节奏加快。中国卫通在展会期间举办卫星移动数据合约机产品发布会,首批官方认证终端包括便携式抛物面终端、车载平板动中通终端、相控阵动中通终端三款机型,采用“网络+终端+平台+资费”一体化服务模式,主打消费级价格、流量随用随充、7×24专属保障。中信卫星依托亚洲系列卫星资源,展示应急通信、卫星物联网、航空机载等方向,已为东航、南航、厦航、海航提供机上互联网服务。时空道宇首次登陆PT展,展出全栈自研低轨卫星物联网星座系统、卫星通信芯片、模组与系列终端产品,呈现卫星研制及量产AIT等核心实力。其第一批终端用户已在吉利车上完成上车,今年预计超过几十万辆车上搭载通信终端,并与曹操出行Robotaxi开展了超过10万公里的路测。星地融合进程不断提速。中国电信的卫星通信展区展示了手机、汽车直连卫星能力,华为、荣耀、小米、OPPO、vivo等手机厂商均已推出具备直连卫星功能的手机。荣耀Magic8 RSR保时捷设计机型搭载第二代自研卫星芯片与双卫星荣耀鸿燕通信,支持天通与北斗双卫星链路,累计可待机时长达170个小时。中国移动以“一套技术、一张网络、一部终端”为目标,提出STCN创新技术体系;发射“中国移动02星”验证星地切换和地面波控技术,创新无GNS",腾讯网,Media,https://news.qq.com/rain/a/20260924A0ESEC00,Watch,,3,3,3,3.0,B,作为政策、技术或融资的宽口径周度信号保留；相关性或证据强度低于S/A，不据此作确定性外推。,Brief,作为政策、技术或融资的宽口径周度信号保留；相关性或证据强度低于S/A，不据此作确定性外推。,,,Pass A query 10; search discovery record pending full-text verification.,Yes
2026W39-WEB-173,2026-09-24,2026-09-24,US,Technology,Commercial_Space,SpaceX第14次飞行目标日期为9月28日_腾讯新闻,SpaceX第14次飞行目标日期为9月28日_腾讯新闻,"观点网讯:9月24日消息,SpaceX表示,在“第14次飞行”发射前,计划进行机会性全栈测试。在获得监管批准的前提下,该发射任务正按计划推进,目标日期为9月28日。免责声明:本文内容与数据由观点根据公开信息整理,不构成投资建议,使用前请核实。",腾讯网,Media,https://news.qq.com/rain/a/20260924A054HM00,Watch,,3,3,3,3.0,B,作为政策、技术或融资的宽口径周度信号保留；相关性或证据强度低于S/A，不据此作确定性外推。,Brief,作为政策、技术或融资的宽口径周度信号保留；相关性或证据强度低于S/A，不据此作确定性外推。,,,Pass A query 13; search discovery record pending full-text verification.,Yes
2026W39-WEB-174,2026-09-24,2026-09-24,US,Technology,Commercial_Space,SpaceX据报停止接受2028年以后的猎鹰9号火箭发射订单_腾讯新闻,SpaceX据报停止接受2028年以后的猎鹰9号火箭发射订单_腾讯新闻,"9月24日,据报道,SpaceX已停止接受2028年以后的猎鹰9号火箭发射预订,原因是公司预计届时下一代星舰火箭将全面接替相关发射任务。",腾讯网,Media,https://news.qq.com/rain/a/20260924A03VDG00,Watch,,3,3,3,3.0,B,作为政策、技术或融资的宽口径周度信号保留；相关性或证据强度低于S/A，不据此作确定性外推。,Brief,作为政策、技术或融资的宽口径周度信号保留；相关性或证据强度低于S/A，不据此作确定性外推。,,,Pass A query 13; search discovery record pending full-text verification.,Yes
2026W39-WEB-178,2026-09-24,2026-09-24,China,Policy,AI,天津第二批算力券兑付-新闻中心-北方网,天津第二批算力券兑付-新闻中心-北方网,"天津第二批算力券完成兑付。 天津算力券政策,对企业购买智算、超算服务按合同金额10%给予补贴。企业注册在天津,算力应用符合重点产业方向就能申报。天津第二批算力券共涉及24家企业的兑现,申请全部完成,涉及补贴资金超600万元。今年算力券补贴扩展到了数字文创、网络安全等更广泛领域,并首次将一人公司纳入扶持范围。共有五家从事人工智能应用设计、短剧制作的一人公司享受补贴。按照实际使用算力的合同额进行核算后,集中兑付。",北方网,Media,http://news.enorth.com.cn/system/2026/09/24/059806585.shtml,Watch,,3,3,3,3.0,B,作为政策、技术或融资的宽口径周度信号保留；相关性或证据强度低于S/A，不据此作确定性外推。,Brief,作为政策、技术或融资的宽口径周度信号保留；相关性或证据强度低于S/A，不据此作确定性外推。,,,Pass A query 17; search discovery record pending full-text verification.,Yes
2026W39-WEB-212,2026-09-24,2026-09-24,US,Technology,AI,【光通信】ECOC光博会调研--大摩_腾讯新闻,【光通信】ECOC光博会调研--大摩_腾讯新闻,"大摩ECOC光博会调研:1/ 相比半年前的 OFC 展会,最大的增量信息是什么?● 业界对 NPO(近封装光学)的落地时间表有了明确共识 → 预计 2028 年开始在 Scale-up 网络中试用。● 半年前(OFC展会)= 客户极度抵触英伟达封闭的 CPO 生态 + 担心被单一供应商死死绑定。● 现在 = Open CPX MSA(开放标准)的推出打破了僵局 → 建立了通用参数 + 降低了云厂商的采用顾虑 → 意味着开放的光学器件生态正在成型。2/ 现在的供应链产能到底有多紧缺?● 基本上就代表“全线售罄” = 多数组件/系统供应商未来 12-18 个月的产能已被彻底订满。● 最大的卡脖子环节 = InP(磷化铟)衬底材料紧缺。● 现状 = EML、CW 激光器、泵浦激光器等核心部件持续供不应求。● 只要 InP 产能释放或良率提升 → 相关的就有直接的上行空间。3/ 大厂折腾各种新架构的终极目的是什么?● 核心诉求 = 降低功耗 + 降低成本 + 降低延迟 + 提升带宽密度。● 2028 年的第一代 NPO/CPO 产品大概率不是最终形态 → 激光器类型、放置位置等在未来几代还会剧烈演变。● 用大白话总结就是:虽然具体的技术路线还在“神仙打架”,但 AI 网络中“光通信含量”持续暴增是绝对的确定性趋势。4/ 这个增量信息意味着什么?-无论最终哪种技术路线胜出,只要大家还在疯狂试错和研发,测试设备厂商就能稳赚不赔。● LITE和COHR=第一代 NPO 大概率必须使用外置激光器 → 这意味着需要更高功率的激光器 → 这两家将直接吃下这波需求暴增的红利。● COHR 的 PhotonLink 方案很亮眼 = 直接给客户提供端到端的 NPO/CPO 交钥匙方案,解决了云厂商自己不懂组装的痛点。● OCS(光路交换机)正在全面铺开 = 谷歌依然是绝对主力(LITE 吃下大头)+",腾讯网,Media,https://news.qq.com/rain/a/20260924A04L8C00,Watch,,3,3,3,3.0,B,作为政策、技术或融资的宽口径周度信号保留；相关性或证据强度低于S/A，不据此作确定性外推。,Brief,作为政策、技术或融资的宽口径周度信号保留；相关性或证据强度低于S/A，不据此作确定性外推。,,,Pass A query 19; search discovery record pending full-text verification.,Yes
2026W39-SUP-297,2026-09-24,2026-09-24,US,Technology,Commercial_Space,Practicing for Safe Landings on the Moon and Beyond - NASA,Practicing for Safe Landings on the Moon and Beyond - NASA,"Practicing for Safe Landings on the Moon and BeyondAn Alta-X drone flies an advanced guidance and navigation system known as the Safe and Precise Landing – Integrated Capabilities Evolution (SPLICE) experiment near NASA’s Armstrong Flight Research Center in Edwards, California, on Thursday, Aug. 27, 2026.Image Credit: NASA/Ryan KlineRead More",NASA,Official,https://www.nasa.gov/image-detail/nasa-navigation-experiment-shows-promise-for-landing-on-other-planets/,S_Core,,3,3,3,3.0,B,作为政策、技术或融资的宽口径周度信号保留；相关性或证据强度低于S/A，不据此作确定性外推。,Brief,作为政策、技术或融资的宽口径周度信号保留；相关性或证据强度低于S/A，不据此作确定性外推。,,,Targeted supplemental search supp-search-us-07.json; pending full-text verification.,Yes
2026W39-SUP-303,2026-09-24,2026-09-24,US,Technology,Commercial_Space,NASA Shares SpaceX Crew-14 Assignments for Space Station Mission - NASA,NASA Shares SpaceX Crew-14 Assignments for Space Station Mission - NASA,"Four crew members from three space agencies will launch to the International Space Station no earlier than spring 2027 for a long-duration science expedition as part of NASA’s SpaceX Crew-14 mission. NASA astronauts Kayla Barron and Chris Birch will serve as spacecraft commander and pilot, with JAXA (Japan Aerospace Exploration Agency) astronaut Makoto Suwa, and Roscosmos cosmonaut Arutyun Kiviryan as mission specialists. After docking, Crew-14 will join the space station’s Expedition 75/76. This mission is the 14th commercial crew rotation with SpaceX under NASA’s Low Earth Orbit Program. The crew will conduct scientific investigations and technology demonstrations to help prepare humans for future exploration missions to the Moon and Mars and to benefit people on Earth. This will be Bar",NASA,Official,https://www.nasa.gov/news-release/nasa-shares-spacex-crew-14-assignments-for-space-station-mission/,S_Core,,3,3,3,3.0,B,作为政策、技术或融资的宽口径周度信号保留；相关性或证据强度低于S/A，不据此作确定性外推。,Brief,作为政策、技术或融资的宽口径周度信号保留；相关性或证据强度低于S/A，不据此作确定性外推。,,,Targeted supplemental search supp-search-us-07.json; pending full-text verification.,Yes
2026W39-SUP-312,2026-09-24,2026-09-24,US,Technology,AI,NASA Modernizes Commercial Airline Systems - NASA,NASA Modernizes Commercial Airline Systems - NASA,"NASA’s researchers know that when you settle into your seat on a commercial flight, you expect a smooth takeoff, views over the clouds, a steady descent, and hopefully an early arrival at your destination. But when your flight gets delayed on the tarmac instead of lifting off, or it ends up in a holding pattern rather than landing on time, things start to change. Your experience goes from smooth to anxiety-inducing as you worry about making your connection or getting home in time for dinner. Large airports are among the busiest, most complex environments in aviation, with aircraft, ground crews, and service vehicles sharing crowded taxiways. Researchers at NASA’s Ames Research Center in California’s Silicon Valley recently worked with Boeing to advance three types of field tests – digital",NASA,Official,https://www.nasa.gov/directorates/armd/aosp/nasa-modernizes-commercial-airline-systems/,S_Core,,3,3,3,3.0,B,作为政策、技术或融资的宽口径周度信号保留；相关性或证据强度低于S/A，不据此作确定性外推。,Brief,作为政策、技术或融资的宽口径周度信号保留；相关性或证据强度低于S/A，不据此作确定性外推。,,,Targeted supplemental search supp-search-us-07.json; pending full-text verification.,Yes
2026W39-QCC-DOMESTIC-001,2026-09-24,2026-09-24,China,Financing,Chip,芯带科技,芯带科技B轮融资记录,多标准基带SoC芯片设计服务商；企查查披露金额：未披露。,企查查（境内）,Database,N/A,Manual,,3,3,3,3.0,B,作为政策、技术或融资的宽口径周度信号保留；相关性或证据强度低于S/A，不据此作确定性外推。,Brief,作为政策、技术或融资的宽口径周度信号保留；相关性或证据强度低于S/A，不据此作确定性外推。,,,QCC raw_id=223a5a118f652603cbb29fb7df053dc9；数据库线索不等于公司已公开确认，金额和日期保留原表口径。,No
2026W39-QCC-DOMESTIC-002,2026-09-24,2026-09-24,China,Financing,Chip,宇称电子,宇称电子A轮融资记录,高性能单光子探测集成电路解决方案生产商；企查查披露金额：未披露。,企查查（境内）,Database,N/A,Manual,,3,3,3,3.0,B,作为政策、技术或融资的宽口径周度信号保留；相关性或证据强度低于S/A，不据此作确定性外推。,Brief,作为政策、技术或融资的宽口径周度信号保留；相关性或证据强度低于S/A，不据此作确定性外推。,,,QCC raw_id=2298c3606bf1a08f911e2df40a8735ba；数据库线索不等于公司已公开确认，金额和日期保留原表口径。,No
2026W39-QCC-DOMESTIC-005,2026-09-24,2026-09-24,China,Financing,AI,芯网动力,芯网动力Pre-A+轮融资记录,智算互联核心解决方案提供商；企查查披露金额：未披露。,企查查（境内）,Database,https://mp.weixin.qq.com/s?__biz=MzY4MjI0MjI5NQ==&mid=2247483666&idx=1&sn=d91f36e5fa835e99ef79594cfa2b96c2&poc_token=HCzTtWqjdaRhWgWKLeWpWEAW1kaZXgEW3qannu-I,Manual,,3,3,3,3.0,B,作为政策、技术或融资的宽口径周度信号保留；相关性或证据强度低于S/A，不据此作确定性外推。,Brief,作为政策、技术或融资的宽口径周度信号保留；相关性或证据强度低于S/A，不据此作确定性外推。,,,QCC raw_id=ae79c5a807e51e8613b8e7dbe9befd6d；数据库线索不等于公司已公开确认，金额和日期保留原表口径。,No
2026W39-MAN-TECH-US-004,2026-09-24,2026-09-24,US,Technology,AI,DOE Quantum Grid Planning,DOE公布量子电网规划竞赛优胜团队,DOE于9月24日公布量子与混合计算电网规划挑战优胜团队，问题包括数据中心负载增长下的储能和微电网选址。,U.S. Department of Energy,Official,https://www.energy.gov/technologycommercialization/articles/doe-announces-winning-teams-quantum-grid-planning-competition,S_Core,,3,3,3,3.0,B,作为政策、技术或融资的宽口径周度信号保留；相关性或证据强度低于S/A，不据此作确定性外推。,Brief,作为政策、技术或融资的宽口径周度信号保留；相关性或证据强度低于S/A，不据此作确定性外推。,,,已核对DOE原文；竞赛结果不是生产环境性能证明。,Yes
2026W39-WEB-237,2026-09-25,2026-09-25,China,Policy,Commercial_Space,中国与挪威主管部门间第二次卫星网络协调会谈顺利举行,中国与挪威主管部门间第二次卫星网络协调会谈顺利举行,"2026年9月21日至23日,工业和信息化部无线电管理局与挪威通信管理局在挪威奥斯陆举行了第二次主管部门间卫星网络协调会谈。双方在国际电信联盟《无线电规则》框架下,就高低轨多个卫星系统的30余项议题开展协商,涉及卫星固定、卫星移动等多种业务,涵盖L、S、C、X、Ku、Ka和Q/V等多个频段。双方充分交换意见并达成多项共识,共同签署了会议纪要。此次会谈的成功举办,促进了两国卫星系统间的频率轨道兼容共用,有助于加快我国卫星网络频率国际协调进程,推动我国航天工程建设。本次会谈,中方代表团由工业和信息化部无线电管理局、国家无线电频谱管理中心、北京跟踪与通信技术研究所、中国卫星网络集团有限公司、中国卫通集团股份有限公司、上海垣信卫星科技有限公司以及清华大学等单位组成。挪威代表团由挪威通信管理局、Space Norway和SpaceX Norway等单位组成。",中华人民共和国工业和信息化部,Official,https://www.miit.gov.cn/jgsj/wgj/gzdt/art/2026/art_8995c9acb12248b0ba7a299d4c1b5d68.html,S_Core,,3,3,3,3.0,B,作为政策、技术或融资的宽口径周度信号保留；相关性或证据强度低于S/A，不据此作确定性外推。,Brief,作为政策、技术或融资的宽口径周度信号保留；相关性或证据强度低于S/A，不据此作确定性外推。,,,Pass A query 23; search discovery record pending full-text verification.,Yes
2026W39-SUP-296,2026-09-25,2026-09-25,US,Technology,Commercial_Space;AI,"NASA, Boeing to Provide Update on Starliner Development - NASA","NASA, Boeing to Provide Update on Starliner Development - NASA","During a news conference at 3 p.m. EDT on Monday, Sept. 28, NASA and Boeing leadership will discuss Starliner’s development and plans for regular crew flights to and from the International Space Station. Learn where to watch online: https://www.nasa.gov/live The briefing participants include: NASA Administrator Jared Isaacman Dana Weigel, manager, NASA’s Low Earth Orbit Program Woody Hoburg, NASA astronaut John Mulholland, vice president and program manager, Boeing Commercial Crew Media already credentialed for Crew-13 may participate in person at NASA’s Kennedy Space Center in Florida. To ask questions, media must request the dial-in number from the Kennedy newsroom by emailing: ksc-newsroom@mail.nasa.gov no later than one hour prior to the start of the call. A copy of NASA’s media accre",NASA,Official,https://www.nasa.gov/news-release/nasa-boeing-to-provide-update-on-starliner-development/,S_Core,,3,3,3,3.0,B,作为政策、技术或融资的宽口径周度信号保留；相关性或证据强度低于S/A，不据此作确定性外推。,Brief,作为政策、技术或融资的宽口径周度信号保留；相关性或证据强度低于S/A，不据此作确定性外推。,,,Targeted supplemental search supp-search-us-07.json; pending full-text verification.,Yes
2026W39-SUP-301,2026-09-25,2026-09-25,US,Technology,Commercial_Space;AI,"NASA, SpaceX Proceed Toward Crew-13 Launch - NASA","NASA, SpaceX Proceed Toward Crew-13 Launch - NASA","NASA, SpaceX Proceed Toward Crew-13 Launch NASA, SpaceX, and international partners polled “go” to continue preparing for the agency’s Crew‐13 launch to the International Space Station following today’s Flight Readiness Review at NASA’s Kennedy Space Center in Florida. The Crew-13 mission remains targeted to launch no earlier than 11:10 a.m. EDT Thursday, Oct. 1, aboard a SpaceX Falcon 9 rocket from Space Launch Complex 40 at Cape Canaveral Space Force Station in Florida. The Flight Readiness Review is an in-depth assessment of SpaceX’s transportation system, mission operations, support functions, and readiness of the International Space Station to support the incoming crew. NASA astronauts Jessica Watkins, commander, and Luke Delaney, pilot, along with mission specialists CSA (Canadian Sp",NASA,Official,https://www.nasa.gov/blogs/spacestation/2026/09/25/nasa-spacex-proceed-toward-crew-13-launch/,S_Core,,3,3,3,3.0,B,作为政策、技术或融资的宽口径周度信号保留；相关性或证据强度低于S/A，不据此作确定性外推。,Brief,作为政策、技术或融资的宽口径周度信号保留；相关性或证据强度低于S/A，不据此作确定性外推。,,,Targeted supplemental search supp-search-us-07.json; pending full-text verification.,Yes
2026W39-SUP-313,2026-09-25,2026-09-25,US,Technology,Commercial_Space,NASA Unveils Winning Designs for Mars Space Food Systems Challenge - NASA,NASA Unveils Winning Designs for Mars Space Food Systems Challenge - NASA,"NASA announced the winners of the Deep Space Food Challenge: Mars to Table Thursday, with the top $300,000 prize being awarded to Chinyere Ukeje of Philadelphia, Pa. for the Adaptive Nourishment Infrastructure (ANI) food system concept. This competition challenged solvers to explore innovative solutions for integrated space food systems that would provide safe, nutritious meals to astronauts living and working in space. Mars to Table launched in January 2026 as a follow on to the Deep Space Food Challenge, which NASA ran from 2021-2014 in collaboration with CSA (Canadian Space Agency). The original challenge focused on prototyped novel food production methods, while the 2026 competition asked teams to conceptualize space meals not as individual technology components, but as a complete foo",NASA,Official,https://www.nasa.gov/directorates/stmd/prizes-challenges-crowdsourcing-program/centennial-challenges/nasa-unveils-winning-designs-for-mars-space-food-systems-challenge/,S_Core,,3,3,3,3.0,B,作为政策、技术或融资的宽口径周度信号保留；相关性或证据强度低于S/A，不据此作确定性外推。,Brief,作为政策、技术或融资的宽口径周度信号保留；相关性或证据强度低于S/A，不据此作确定性外推。,,,Targeted supplemental search supp-search-us-07.json; pending full-text verification.,Yes
2026W39-SUP-304,2026-09-26,2026-09-26,US,Technology,Commercial_Space,NASA Tests Dual Mode Propulsion CubeSat Ahead of Launch - NASA,NASA Tests Dual Mode Propulsion CubeSat Ahead of Launch - NASA,"Spacecraft propulsion traditionally relies on volatile fuels and separate, bulky systems for different types of maneuvering in space. NASA is working to change that paradigm. Engineers at NASA’s Marshall Space Flight Center in Huntsville, Alabama, recently completed a rigorous series of environmental and physical tests on a new small satellite designed to make spaceflight safer and more efficient. The ASCENT (Advanced Spacecraft Energetic Non-Toxic) Propulsion Dual Mode mission is a flight demonstration of a spacecraft about the size of a large shoebox. The mission will test a single, integrated propulsion system that uses a common fuel tank to feed two different types of engines. Typically, spacecraft carry two separate propulsion systems to navigate: a high-thrust chemical system for rap",NASA,Official,https://www.nasa.gov/directorates/rtmd/nasa-tests-dual-mode-propulsion-cubesat-ahead-of-launch/,S_Core,,3,3,3,3.0,B,作为政策、技术或融资的宽口径周度信号保留；相关性或证据强度低于S/A，不据此作确定性外推。,Brief,作为政策、技术或融资的宽口径周度信号保留；相关性或证据强度低于S/A，不据此作确定性外推。,,,Targeted supplemental search supp-search-us-07.json; pending full-text verification.,Yes
2026W39-WEB-071,2026-09-27,2026-09-27,China,Policy,Commercial_Space,关于国家重点研发计划“前沿卫星互联网”重点专项2026年度项目申报指南建议征求意见的通知,关于国家重点研发计划“前沿卫星互联网”重点专项2026年度项目申报指南建议征求意见的通知,"各二级单位、有关老师:根据《科技部财政部关于印发(国家重点研发计划管理暂行办法)的通知》(国科发资[2024]28号)等文件要求,现将中国卫星网络集团有限公司(以下简称中国星网)主责的国家重点研发计划“前沿卫星互联网”重点专项2026年度项目申报指南建议向社会征求意见。征求意见时间为2026年9月25日至9月28日,有关单位和人员可登录国家科技管理信息系统(https://service.mast.gov.cn/)查看项目申报指南建议(征求意见稿),如有意见建议,请于9月28日24点前反馈至电子邮箱fanxk@chinasatnet.com.cn,并同时抄送至科研院邮箱:zxkyc@dhu.edu.cn。本次征求意见重点针对指南提出的合理性、科学性、先进性等方面听取各方意见。中国星网将会同有关方面,认真研究收到的意见,修改完善项目申报指南。附件: 国家重点研发计划“前沿卫星互联网”重点专项2026年度项目申报指南(征求意见稿)注:根据相关要求,指南内容不得转载,请登录国家科技管理信息系统(https://service.mast.gov.cn/),或联系科研院重大专项处查看相关附件。无登录账号的老师,请在微信小程序“科管服务”中申请账号,并联系科研院审核通过后,进行查看下载。科研院联系人:刘老师 联系电话:67792269 联系邮箱:zxkyc@dhu.edu.cn 科学技术研究院2026年9月27日",东华大学,Media,https://research.dhu.edu.cn/2026/0927/c6973a381107/page.htm,Watch,,3,3,3,3.0,B,作为政策、技术或融资的宽口径周度信号保留；相关性或证据强度低于S/A，不据此作确定性外推。,Brief,作为政策、技术或融资的宽口径周度信号保留；相关性或证据强度低于S/A，不据此作确定性外推。,,,Pass A query 5; search discovery record pending full-text verification.,Yes
2026W39-WEB-005,2026-09-21,2026-09-21,China,Technology,Space_Compute;Commercial_Space;AI,"卫星不再只是传数据,算力开始上天了","卫星不再只是传数据,算力开始上天了","卫星的角色正在被重新定义。过去它们负责采集数据、传回地面,现在多颗搭载星载AI处理能力的卫星完成部署,太空计算从研究演示阶段走向商业落地。卫星从数据采集终端,变成了计算节点。从传数据到算数据 这一转变的关键在于,AI处理能力被直接放到了卫星上。数据不必全部传回地面再处理,卫星本身就能完成一部分计算任务。商业航天的竞争逻辑也随之改变——比拼的不只是谁能把卫星送上天,还有谁能让卫星在天上算得动。多颗具备星载AI处理能力的卫星同时部署,意味着这条路径已经不再是单点验证。从研究演示到商业部署,中间跨过的是可靠性和规模化两道门槛。竞争逻辑被改写当卫星成为计算节点,商业航天的价值链就多了一环。数据采集、星上处理、结果回传,每个环节都可能长出新的商业模式。谁能把算力稳定地送上天并跑起来,谁就在这条新赛道上占了先手。太空计算从演示走向商用,这个信号本身比任何单颗卫星的发射都更值得关注。",网易新闻客户端,Media,https://c.m.163.com/news/a/L7BL0BB005561FZD.html,Watch,,1,2,2,1.5,C,留在事件库供检索，但未达到本周正文相关性、证据质量或去重要求。,Database_Only,留在事件库供检索，但未达到本周正文相关性、证据质量或去重要求。,,,Pass A query 1; search discovery record pending full-text verification.,Yes
2026W39-WEB-006,2026-09-21,2026-09-21,China,Policy,Space_Compute;Commercial_Space;AI,算力上天 商业航天开始争夺这块蛋糕了- CFi.CN 中财网,算力上天 商业航天开始争夺这块蛋糕了- CFi.CN 中财网,"算力上天 商业航天开始争夺这块蛋糕了 时间:2026年09月21日 08:29:11 中财网 9月20日12时03分,力箭一号遥十八运载火箭以“一箭9星”方式,将“超智算一号”等卫星送入预定轨道。 这次发射呈现出在轨卫星的一项新变化:计算能力正在进入卫星的核心载荷,卫星从数据采集终端向计算节点演进。 “超智算一号”搭载光学遥感和AI计算载荷。 据项目方介绍,卫星可以在轨处理影像、识别目标,只将筛选后的高价值数据传回地面,部分场景的数据响应时间可由数小时压缩至分钟级。 同箭入轨的鹏城首发星,将5G非地面网络基站、核心网、星载AI计算以及激光、微波通信载荷集成在一颗卫星上,验证通信、感知和计算的在轨协同。 一天前,株洲太空星际PIESAT-2 13至16星进入预定轨道。这批SAR卫星搭载星上智能处理和任务规划载荷,可以直接在轨解译遥感数据,再向地面输出应用结果。 两天内,多颗具备在轨处理能力的卫星密集入轨。太空算力的验证正从科研示范走向商业化、工程化部署,也给商业卫星和火箭发射带来了新的任务来源。 卫星数据处理是太空算力当前最明确的应用方向。 卫星经过单个地面站时,有效通信窗口通常只有约10分钟,高分辨率遥感卫星一次生成的原始影像可能达到数百GB。 有限的通信窗口和持续增长的数据量,使星地传输成为遥感应用的效率瓶颈。之江实验室此前披露,受限于地面站资源和带宽,约九成卫星数据未能传回地面,遥感数据平均回传时间超过一小时。 在轨计算可以先识别火点、船舶、洪水范围或地表变化,再将坐标、范围和分析结果传回地面。这种处理方式能够压缩数据量,缩短卫星观测与地面决策之间的时间。 应急救灾、海洋巡查、自然资源管理和生态监测对数据时效要求较高,也最容易体现分钟级响应的价值。这些场景将成为太空算力率先落地的市场。 国内相关探索已经从单颗卫星延伸至计算星座。 2025年发射的三体计算星座首批12颗",中财网,Media,https://www.cfi.net.cn/p20260921000130.html,Watch,,1,2,2,1.5,C,留在事件库供检索，但未达到本周正文相关性、证据质量或去重要求。,Database_Only,留在事件库供检索，但未达到本周正文相关性、证据质量或去重要求。,,,Pass A query 1; search discovery record pending full-text verification.,Yes
2026W39-WEB-007,2026-09-21,2026-09-21,China,Policy,Space_Compute;Commercial_Space;AI,算力上天 商业航天开始争夺这块蛋糕了- CFi.CN 中财网,算力上天 商业航天开始争夺这块蛋糕了- CFi.CN 中财网,"算力上天 商业航天开始争夺这块蛋糕了 时间:2026年09月21日 08:29:11 中财网 9月20日12时03分,力箭一号遥十八运载火箭以“一箭9星”方式,将“超智算一号”等卫星送入预定轨道。 这次发射呈现出在轨卫星的一项新变化:计算能力正在进入卫星的核心载荷,卫星从数据采集终端向计算节点演进。 “超智算一号”搭载光学遥感和AI计算载荷。 据项目方介绍,卫星可以在轨处理影像、识别目标,只将筛选后的高价值数据传回地面,部分场景的数据响应时间可由数小时压缩至分钟级。 同箭入轨的鹏城首发星,将5G非地面网络基站、核心网、星载AI计算以及激光、微波通信载荷集成在一颗卫星上,验证通信、感知和计算的在轨协同。 一天前,株洲太空星际PIESAT-2 13至16星进入预定轨道。这批SAR卫星搭载星上智能处理和任务规划载荷,可以直接在轨解译遥感数据,再向地面输出应用结果。 两天内,多颗具备在轨处理能力的卫星密集入轨。太空算力的验证正从科研示范走向商业化、工程化部署,也给商业卫星和火箭发射带来了新的任务来源。 卫星数据处理是太空算力当前最明确的应用方向。 卫星经过单个地面站时,有效通信窗口通常只有约10分钟,高分辨率遥感卫星一次生成的原始影像可能达到数百GB。 有限的通信窗口和持续增长的数据量,使星地传输成为遥感应用的效率瓶颈。之江实验室此前披露,受限于地面站资源和带宽,约九成卫星数据未能传回地面,遥感数据平均回传时间超过一小时。 在轨计算可以先识别火点、船舶、洪水范围或地表变化,再将坐标、范围和分析结果传回地面。这种处理方式能够压缩数据量,缩短卫星观测与地面决策之间的时间。 应急救灾、海洋巡查、自然资源管理和生态监测对数据时效要求较高,也最容易体现分钟级响应的价值。这些场景将成为太空算力率先落地的市场。 国内相关探索已经从单颗卫星延伸至计算星座。 2025年发射的三体计算星座首批12颗",中国财经信息网,Media,https://industry.cfi.cn/p20260921000130.html,Watch,,1,2,2,1.5,C,留在事件库供检索，但未达到本周正文相关性、证据质量或去重要求。,Database_Only,留在事件库供检索，但未达到本周正文相关性、证据质量或去重要求。,,,Pass A query 1; search discovery record pending full-text verification.,Yes
2026W39-WEB-022,2026-09-21,2026-09-21,China,Financing,Commercial_Space,"记住:不管是航天航空母舰原子弹,来到这里,都要遵循这里的规则,“资本市场”_航天工程(603698)股吧_东方财富网股吧","记住:不管是航天航空母舰原子弹,来到这里,都要遵循这里的规则,“资本市场”_航天工程(603698)股吧_东方财富网股吧","张老怪2026-09-21 10:27:36来自黑龙江郑重声明:用户在财富号/股吧/博客等社区发表的所有信息(包括但不限于文字、视频、音频、数据及图表)仅代表个人观点,与本网站立场无关,不对您构成任何投资建议,据此操作风险自担。请勿相信代客理财、免费荐股和炒股培训等宣传内容,远离非法证券活动。请勿添加发言用户的手机号码、公众号、微博、微信及QQ等信息,谨防上当受骗!",股吧,Media,"https://guba.eastmoney.com/news,603698,1775568948.html",Watch,,1,2,2,1.5,C,留在事件库供检索，但未达到本周正文相关性、证据质量或去重要求。,Database_Only,留在事件库供检索，但未达到本周正文相关性、证据质量或去重要求。,,,Pass A query 2; search discovery record pending full-text verification.,Yes
2026W39-WEB-023,2026-09-21,2026-09-21,China,Technology,Commercial_Space,战略性新兴产业-商业航天行业发展研究及信用探析(简版)_报告网,战略性新兴产业-商业航天行业发展研究及信用探析(简版)_报告网,"战略性新兴产业—商业航天行业发展研究及信用探析(简版) 2026-09-21 18:10:37上传人:思念**寄去 Aa 小 中 大 核心观点:1.低轨卫星互联网将进入大规模部署和常态化组网阶段;2.可重复使用火箭技术取得突破,大幅降低发射成本;3.太空经济加速发展,将成为推动全球经济增长的新引擎;4.商业航天行业内企业主要包括火箭和卫星研制、航天材料及零部件制造、航天应用与服务等相关企业,信用评级覆盖AAA、AA+、AA、AA-和A+等,近三年来信 图1.1 商业航天产业链 ..................................................................... ......11图1.2 猎鹰9号从佛罗里达州卡纳维拉尔角太空军基地发射星链卫星 ................15图1.3 Blue Origin“新格伦号 ”火箭...................................................... ........17图1.4 Rocket Lab“中子星”火箭.........................................................图1.5 日本种子岛航天中心 .........................................................图1.6 韩国“世界”号火箭.........................................................图1.7 长征三号丙火箭发射 “嫦娥二号 ”................................................ ......34图1.8 中科宇航“力箭二号 ”......................",报告网,Media,https://www.baogao.com/jigou/1508604.html,Watch,,1,2,2,1.5,C,留在事件库供检索，但未达到本周正文相关性、证据质量或去重要求。,Database_Only,留在事件库供检索，但未达到本周正文相关性、证据质量或去重要求。,,,Pass A query 2; search discovery record pending full-text verification.,Yes
2026W39-WEB-024,2026-09-21,2026-09-21,China,Policy,Commercial_Space;AI,国家航空航天产业基地_产业园优惠政策|产业扶持政策|招商奖励政策|税收优惠政策|招商引资优惠政策,国家航空航天产业基地_产业园优惠政策|产业扶持政策|招商奖励政策|税收优惠政策|招商引资优惠政策,"© 国家航空航天产业基地 All Rights Reserved. 选这儿(天津)科技有限公司提供网络招商及技术运营支持。 本站为非官方网站,数据全部来源于互联网,仅供参考,如有侵权,请邮件 Email:China@xuanzher.com",中国招商网,Media,https://www.zhaoshang-gov.cn/detail/zhaoshang-4392.html,Watch,,1,2,2,1.5,C,留在事件库供检索，但未达到本周正文相关性、证据质量或去重要求。,Database_Only,留在事件库供检索，但未达到本周正文相关性、证据质量或去重要求。,,,Pass A query 2; search discovery record pending full-text verification.,Yes
2026W39-WEB-026,2026-09-21,2026-09-21,China,Policy,Commercial_Space;AI,天津航天光电产业园招商引资网_产业园优惠政策|产业扶持政策|招商奖励政策|税收优惠政策|招商引资优惠政策,天津航天光电产业园招商引资网_产业园优惠政策|产业扶持政策|招商奖励政策|税收优惠政策|招商引资优惠政策,"© 天津航天光电产业园招商引资网 All Rights Reserved. 选这儿(天津)科技有限公司提供网络招商及技术运营支持。 本站为非官方网站,数据全部来源于互联网,仅供参考,如有侵权,请邮件 Email:China@xuanzher.com",中国招商网,Media,https://www.zhaoshang-gov.cn/detail/zhaoshang-44847.html,Watch,,1,2,2,1.5,C,留在事件库供检索，但未达到本周正文相关性、证据质量或去重要求。,Database_Only,留在事件库供检索，但未达到本周正文相关性、证据质量或去重要求。,,,Pass A query 2; search discovery record pending full-text verification.,Yes
2026W39-WEB-028,2026-09-21,2026-09-21,China,Policy,AI,其他许可内容,其他许可内容,"(一)大气环境管理要求 按环评,《排污许可证申请与核发技术规范 电子工业》((HJ 1031—2019),《排污许可证申请与核发技术规范 锅炉》(HJ953—2018),《排污单位自行监测技术指南 电子工业》(HJ 1253—2022),《排污单位自行监测技术指南 火力发电及锅炉》(HJ 820-2017)标准中的规定执行。 (二)水环境管理要求 按环评,《排污许可证申请与核发技术规范 电子工业》((HJ 1031—2019),《排污许可证申请与核发技术规范 锅炉》(HJ953—2018),《排污单位自行监测技术指南 电子工业》(HJ 1253—2022),《排污单位自行监测技术指南 火力发电及锅炉》(HJ 820-2017)标准中的规定执行。 (三)土壤污染防治要求 如纳入地方土壤污染重点监管单位,则:1. 严格控制有毒有害物质排放,并按年度向生态环境主管部门报告排放情况;2. 建立土壤污染隐患排查制度,保证持续有效防止有毒有害物质渗漏、流失、扬散;3. 制定、实施自行监测方案,并将监测数据报生态环境主管部门(可通过全国排污许可证管理信息平台或全国污染源监测信息管理与共享系统等途径报送)。 (四)固体废物污染环境防治要求 1. 记录固体废物产生、贮存、利用、处置的种类及数量(含委托利用处置和自行利用处置);2. 属于一般工业固体废物的,其贮存场、处置场应符合GB18599的相关要求;采用库房、包装容器贮存的,应满足相应的防尘、防水、防漏环境保护要求;3. 属于危险废物的,其贮存应符合GB18597的相关要求,并委托具有危险废物环境许可证的单位进行利用处置或按照GB18484等相关标准及技术规范要求自行利用处置;危险废物应按照规定严格执行危险废物转移联单制度。 (五)其他控制及管理要求 1.排污单位应遵守备案意见要求,《排污许可证申请与核发技术规范 工业噪声》(HJ 13",中华人民共和国生态环境部,Official,https://permit.mee.gov.cn/perxxgkinfo/xkgkAction!xkgk.action?xkgk=approveothercon_xkzgk&dataid=a8dfa81bd61b41d2af3ee910dfe59ac5&operate=readonly,S_Core,,1,2,2,1.5,C,留在事件库供检索，但未达到本周正文相关性、证据质量或去重要求。,Database_Only,留在事件库供检索，但未达到本周正文相关性、证据质量或去重要求。,,,Pass A query 2; search discovery record pending full-text verification.,Yes
2026W39-WEB-029,2026-09-21,2026-09-21,China,Policy,Commercial_Space,2026年航天发动机研究报告_标签大全_报告大厅,2026年航天发动机研究报告_标签大全_报告大厅,"航天发动机研究报告是报告大厅在对要从事航天发动机行业或者要进入投资之前,对航天发动机行业的相关因素以及具体的行情进行具体研究、分析、调查以及评估项目的可行性、效果效益等,从而提出建设性意见以及建议对策。为航天发动机行业投资决策者或者是主管总结下研究性报告! 航天发动机研究报告主要是对分析航天发动机行业需求、供给、经营特性、获取能力、产业链和价值链等多方面的内容,整合行业、市场、企业、用户等多层面数据和信息资源,为客户提供深度的航天发动机行业市场研究报告,以专业的研究方法帮助客户深入的了解航天发动机行业最新情况,发现投资价值和投资机会,规避经营风险,提高管理和运营能力。 航天发动机研究报告必须对航天发动机行业研究的内容和方法进行全面的阐述和论证,对研究过程中所获取的航天发动机最新资料进行全面系统的整理和分析,通过图表、统计结果及文献资料,或以纵向的发展过程,或横向类别分析提出论点、分析论据,进行论证。 航天发动机研究报告分:航天发动机研究的对象和方法 、研究的内容和假设 、研究的步骤及过程以及研究结果的分析与讨论。航天发动机研究报告内容的逻辑性是整个研究思路逻辑性的写照,没有一个好的研究基础以及研究渠道方法,是写不出航天发动机科研报告。 对于航天发动机研究报告内容报告大厅绝对如实地反映客观情况,一切叙述、说明、推断、引用,恰如其分。文字、用词应力求准确。概念表述用科学性用语,避免用常识性用语,以免读者费解或产生歧义。当然,研究报告的文字我们也努力做到简单、明了、通顺、流畅,既要明白如话,又要把研究的效果准确地、科学地表达出来。通过全面的调查研究以及分析论证某个建设或改造工程、某种科学研究、某项商务活动切实可行而提出的一种书面材料。 总结:航天发动机研究报告主要是通过对航天发动机行业的主要内容和配套条件,如市场调查、资源供应、建设规模、工艺路线、设备选型、环境影响、资金筹措、",报告大厅,Media,https://m.chinabgao.com/tag/report/htfdj.html,Watch,,1,2,2,1.5,C,留在事件库供检索，但未达到本周正文相关性、证据质量或去重要求。,Database_Only,留在事件库供检索，但未达到本周正文相关性、证据质量或去重要求。,,,Pass A query 2; search discovery record pending full-text verification.,Yes
2026W39-WEB-038,2026-09-21,2026-09-21,China,Technology,Space_Compute;Commercial_Space;Chip;AI,"“超智算一号”入轨,太空算力走向应用验证 - 21经济网","“超智算一号”入轨,太空算力走向应用验证 - 21经济网","21世纪经济报道记者 彭新太空算力再添一个在轨试验项目。9月20日12时03分,力箭一号遥十八运载火箭在东风商业航天创新试验区发射,以“一箭9星”方式将“超智算一号”等9颗卫星送入预定轨道。其中,“超智算一号”卫星是由超智算(北京)科技有限公司(下文简称“超智算”)主导定制研发的一颗高分辨率、具备在轨数据处理的遥感卫星。“凭借在轨算力能力,‘超智算一号’突破传统卫星海量原始数据下行的瓶颈,成为超智算分布式太空算力网络的首个在轨核心节点。”超智算称。多应用推动太空算力需求目前来看,卫星遥感是太空算力需求的主要场景。遥感是指对远距离目标进行探测和感知,传统遥感卫星通过光学相机、雷达等设备获取地表信息,将数据存储在星上,待进入地面站接收范围后再下传,由地面完成处理和分析。在这一流程下,从卫星拍摄到客户拿到图像,往往需要数小时。此外,随着成像分辨率和观测能力提升,卫星获取的数据量不断增加,给数据传输和地面处理带来更大压力。中继卫星、激光通信等技术有助于提高传输效率,而推动卫星智能化,将部分处理和分析工作前移至卫星上,则有望减少数据回传需求,缩短从观测到应用的时间。以本次发射的“超智算一号”为例,据超智算介绍,“超智算一号”卫星主载荷为高分光学载荷和AI智算载荷,具备光学遥感成像、在轨数据处理与目标识别等能力。卫星率先探索“天感天算”的在轨智能处理路径,可直接在太空完成影像解析、目标识别,仅下传高价值结果信息,把数据响应时间由传统数小时压缩至分钟级。实际上,智能遥感卫星与太空算力星座也有望协同发展。例如,遥感卫星可通过星间激光链路,将数据处理任务交由算力卫星承担,减少自身搭载计算设备的负担,更专注于成像与观测。如在轨处理结果能够及时反馈,还可帮助遥感卫星调整观测计划,提高对重点区域的持续监测和快速响应能力。过去两年,太空算力受到越来越多的市场关注,离不开美国企业家马斯克的持续推动,",21经济网,Media,https://www.21jingji.com/article/20260921/herald/03e7ce295cf79bce179a2ed97e58eef3.html,Watch,,1,2,2,1.5,C,留在事件库供检索，但未达到本周正文相关性、证据质量或去重要求。,Database_Only,留在事件库供检索，但未达到本周正文相关性、证据质量或去重要求。,,,Pass A query 3; search discovery record pending full-text verification.,Yes
2026W39-WEB-040,2026-09-21,2026-09-21,China,Policy,Space_Compute;Commercial_Space;AI,算力上天 商业航天开始争夺这块蛋糕了 - 今日头条,算力上天 商业航天开始争夺这块蛋糕了 - 今日头条,"9月20日12时03分,力箭一号遥十八运载火箭以“一箭9星”方式,将“超智算一号”等卫星送入预定轨道。这次发射呈现出在轨卫星的一项新变化:计算能力正在进入卫星的核心载荷,卫星从数据采集终端向计算节点演进。“超智算一号”搭载光学遥感和AI计算载荷。据项目方介绍,卫星可以在轨处理影像、识别目标,只将筛选后的高价值数据传回地面,部分场景的数据响应时间可由数小时压缩至分钟级。同箭入轨的鹏城首发星,将5G非地面网络基站、核心网、星载AI计算以及激光、微波通信载荷集成在一颗卫星上,验证通信、感知和计算的在轨协同。一天前,株洲太空星际PIESAT-2 13至16星进入预定轨道。这批SAR卫星搭载星上智能处理和任务规划载荷,可以直接在轨解译遥感数据,再向地面输出应用结果。两天内,多颗具备在轨处理能力的卫星密集入轨。太空算力的验证正从科研示范走向商业化、工程化部署,也给商业卫星和火箭发射带来了新的任务来源。卫星数据处理是太空算力当前最明确的应用方向。卫星经过单个地面站时,有效通信窗口通常只有约10分钟,高分辨率遥感卫星一次生成的原始影像可能达到数百GB。有限的通信窗口和持续增长的数据量,使星地传输成为遥感应用的效率瓶颈。之江实验室此前披露,受限于地面站资源和带宽,约九成卫星数据未能传回地面,遥感数据平均回传时间超过一小时。在轨计算可以先识别火点、船舶、洪水范围或地表变化,再将坐标、范围和分析结果传回地面。这种处理方式能够压缩数据量,缩短卫星观测与地面决策之间的时间。应急救灾、海洋巡查、自然资源管理和生态监测对数据时效要求较高,也最容易体现分钟级响应的价值。这些场景将成为太空算力率先落地的市场。国内相关探索已经从单颗卫星延伸至计算星座。2025年发射的三体计算星座首批12颗卫星,单星最高算力达到744TOPS,整体在轨算力达到5POPS。此后,首批卫星实现了星间激光建链,并部署了11个AI模型",今日头条,Media,https://www.toutiao.com/article/7687776889137676838/,Watch,,1,2,2,1.5,C,留在事件库供检索，但未达到本周正文相关性、证据质量或去重要求。,Database_Only,留在事件库供检索，但未达到本周正文相关性、证据质量或去重要求。,,,Pass A query 3; search discovery record pending full-text verification.,Yes
2026W39-WEB-048,2026-09-21,2026-09-21,China,Policy,Commercial_Space,"创投观察站|商业航天融资加速度,深蓝航天C轮拿下16家机构","创投观察站|商业航天融资加速度,深蓝航天C轮拿下16家机构","新华日报财经讯 近日,根据工商变更信息显示,江苏深蓝航天有限公司(下称“深蓝航天”)已经正式完成C轮融资。本轮投资阵容“强大”,涵盖了16家专业机构和产业资本,映照了当前国内商业航天融资的力度和热度。 公开信息显示,自成立以来,深蓝航天分别于2020年完成Pre-A轮、2022年完成A+轮、2024年完成多轮B系列融资。本轮C轮融资总规模接近5亿元人民币,是深蓝航天近年来公布的一笔最大额融资。‌‌‌ 据了解,本轮新增投资方合计共16家,其中专业投资机构包括睿石成长、海松资本、毅达资本、华福成长投资、上海自贸区基金、卓源亚洲、显鋆投资、万石创投、宏润建设、锡创投;产业资本包括宝通科技、苏州施必牢精密紧固件有限公司、厦门正悦柏发企业管理合伙企业(有限合伙)、尤洛卡(山东)数字科技有限公司、永利投资咨询(广州)有限公司、引创星曜(无锡)投资合伙企业(有限合伙)。‌‌‌此外,正悦投资、东泰惠德投资、真成投资等老股东也在本轮C轮融资中持续跟投。 结合深蓝航天公布的研发节点,本轮融资的资金将主要用于星云系列可回收液体运载火箭的研发落地,重点推进星云-1火箭的入轨发射和回收试验任务,保障相关试验节点顺利推进。 数据显示,2026年上半年商业航天领域已披露融资总额达127.9亿元,较去年同期增长273%。与深蓝航天本轮融资几乎同期,星际荣耀完成 E 轮融资近 10 亿元首批资金交割;航天驭星完成近20亿元D轮系列融资。 这些企业的融资节奏和融资规模,体现了2026年商业航天资本逻辑的整体转向。钱在向少数已经逼近技术验终点的头部标的集中,融资节奏与技术里程碑的咬合越来越紧,而可回收火箭的首飞结果,正在成为决定企业能否拿到下一轮资本“船票”的分水岭。 ‌‌值得关注的是,上交所2025年底发布的科创板第五套标准指引,将商业火箭企业的上市资格直接与技术里程碑挂钩,即“在申报时至少实现采用可重复使用",新华报业网,Media,https://www.xhby.net/content/s6ab1181ce4b0f22f853cebae.html,Watch,,1,2,2,1.5,C,留在事件库供检索，但未达到本周正文相关性、证据质量或去重要求。,Database_Only,留在事件库供检索，但未达到本周正文相关性、证据质量或去重要求。,,,Pass A query 4; search discovery record pending full-text verification.,Yes
2026W39-WEB-069,2026-09-21,2026-09-21,US,Policy,AI,2026-09-14至2026-09-20行政许可决定书_上海市水务局,2026-09-14至2026-09-20行政许可决定书_上海市水务局,2026-09-14至2026-09-20行政许可决定书 时间:2026.09.21 信息明细属性 信息名称 2026-09-14至2026-09-20行政许可决定书,中国上海,Official,https://swj.sh.gov.cn/swj-xzxk/20260921/b481ea7473144f7c95e53d6342e87f02.html,S_Core,,1,2,2,1.5,C,留在事件库供检索，但未达到本周正文相关性、证据质量或去重要求。,Database_Only,留在事件库供检索，但未达到本周正文相关性、证据质量或去重要求。,,,Pass A query 5; search discovery record pending full-text verification.,Yes
2026W39-WEB-094,2026-09-21,2026-09-21,US,Policy,Chip;AI,本周科创领域有哪些大事?一文看清_腾讯新闻,本周科创领域有哪些大事?一文看清_腾讯新闻,"9月21日(周一)1. AICC 2026人工智能计算大会(北京海淀·中关村国际创新中心)本周顶级AI算力产业峰会,聚焦智能体、国产智算底座、开放计算领域,发布多项智算产业落地方案,由中关村管委会、北京市经信局指导,集中展示国内算力基础设施最新进展。9月22日(周二)1. 中国国际信息通信展览会(PT展,北京国家会议中心,9.22–9.24)行业年度重磅通信大展,聚焦6G前沿技术、智能算力、具身智能、AI智能终端,展会期间同步发布Token经济行业研究报告,覆盖通信与AI融合全新赛道。2. 中关村集成电路流片补贴正式开启申报北京放出硬核半导体扶持政策,单家企业年度最高补贴1500万元,精准面向芯片设计企业,大幅降低芯片研发、流片试产的核心成本,助力国产芯片产业提速。3. 全球首届沉浸式消费嘉年华(北京亦庄通明湖会展中心,9.22–9.24)聚焦XR技术、智能座舱、沉浸式AI消费应用,百度、华为、京东方等头部企业集中参展,集中展示AI落地消费端的全新场景与商业化成果。4. S创上海2026科创大会(徐汇西岸艺术中心,9.22–9.23)亚洲顶级科创创投盛会,覆盖人工智能、生命健康、未来出行三大热门赛道,集结全球创投机构与优质初创企业,推动硬科技项目投融资与落地。本周科创活动集中在前几日。北京接连启动算力、通信、沉浸式科技展会,千万级芯片流片补贴同步开启申报;上海S创大会同步开启,汇聚全球创投资源。算力、半导体、AI应用,成为硬科技落地主线。文|翟天一 摄影|翟天一编辑|宋霞 实习生|魏明越",腾讯网,Media,https://news.qq.com/rain/a/20260921A02N8I00,Watch,,1,2,2,1.5,C,留在事件库供检索，但未达到本周正文相关性、证据质量或去重要求。,Database_Only,留在事件库供检索，但未达到本周正文相关性、证据质量或去重要求。,,,Pass A query 8; search discovery record pending full-text verification.,Yes
2026W39-WEB-095,2026-09-21,2026-09-21,US,Technology,Commercial_Space;Chip;AI,9.21盘前:存储芯片、AI 算力、PCB、变压器、MLCC、AI 制药、面板等核心概念梳理_财富号_东方财富网,9.21盘前:存储芯片、AI 算力、PCB、变压器、MLCC、AI 制药、面板等核心概念梳理_财富号_东方财富网,"一、盘前消息题材发酵事件存储芯片2026年9月19日媒T报道,瑞银上调AI资本支出预测:2026年规模逼近万亿美元,九成增量来自内存涨价。此外,美古存储芯片周五持续走强,闪迪涨逾10%。长鑫科技、兆易创新、君正股份、协创数据、香农芯创、普冉股份、朗科科技、大为股份、万润科技、恒烁股份、东芯股份、同有科技、成都华微、紫光国微、复旦微电、诚邦股份、盛景微。面板大尺寸面板价格全面上涨。2026年1月5日,根据TrendForce发布的液晶显示屏价格下旬预测,2026年1月电视液晶显示屏(Open-Cell)价格呈现全面上涨趋势。京东方A、维信诺、TCL科技、深天马A、和辉光电、华映科技、长信科技、凯盛科技、莱宝高科。财经媒体2026年9月18日盘后公告,新华C媒于9月21日复牌。此前,新华C媒因拟以发行G份方式购买上海界面财L社科技G份有限公司控G权,预计构成重大资C重组,于9月7日停牌。新华传媒、中油资本、君正集团、视觉中国、蓝色光标、博瑞传播、南方传媒、生意宝、新华都、中信出版、新华网、人民网、中视传媒、东方明珠。AI 算力Anthropic 计划 2026 年底算力扩至 5GW、2027 年再翻倍;马S克预言 AI 将使明年美国 GDP 增速翻番至 4%;美国拟组建""人工智能部队"";北京印发词元经济行动方案;国内首个""首箭首星""一体化算力卫星""超智算一号""成功入轨,实现运载火箭独家冠名与星箭一体化全域 AI 算力搭载,""算力上天、天数天算""进入工程化阶段。寒武纪、海光信息、龙芯中科、中科曙光、浪潮信息、紫光股份、工业富联、神州数码、拓维信息、浪潮软件、中国长城、中科蓝讯中国卫星、上海瀚讯、航天宏图、振芯科技、海格通信、星网锐捷、华力创通、中海达、北斗星通、欧比特、雷科防务、合众思壮外贸出口2026年9月19日讯,何L峰将于9月19日至23日率团赴美国与美方举行J贸磋商,双方",财富号,Media,https://caifuhao.eastmoney.com/news/20260921071046219419340,Watch,,1,2,2,1.5,C,留在事件库供检索，但未达到本周正文相关性、证据质量或去重要求。,Database_Only,留在事件库供检索，但未达到本周正文相关性、证据质量或去重要求。,,,Pass A query 8; search discovery record pending full-text verification.,Yes
2026W39-WEB-108,2026-09-21,2026-09-21,US,Financing,Commercial_Space;Chip;AI,AI科技热点日报 | 2026年09月21日-CSDN博客,AI科技热点日报 | 2026年09月21日-CSDN博客,"AI科技热点日报 | 2026年09月21日 综合整理自 TechCrunch、Reuters、CNBC、Yahoo Finance、新浪财经、财联社、钛媒体、证券时报、界面新闻、21财经 等国内外主流科技与财经媒体当日报道,聚焦 AI 大模型、具身智能、AI 芯片、算力基础设施、投融资、产业大会等核心动态。  今日摘要 今天 AI 与科技产业有三件大事集中落地:超聚变在郑州全球首发 FusionXpark M 系列桌面 AI 超级计算机,AICC 2026 人工智能计算大会在北京中关村开幕聚焦智能体算力底座,国产 AI 基础设施商硅基流动年内累计融资额逼近 29 亿元。具身智能赛道继续高歌猛进——智身科技完成数亿元 B 轮融资、量产突破 1.5 万台。海外方面,Anthropic 考虑在 IPO 前推出新模型对标 GPT-6 Astra,4 家美国 AI 巨头被消费者以「放缓技术节奏」为由诉至联邦法院。 Today the AI and tech industry saw three concentrated milestones: xFusion globally launched the FusionXpark M-series desktop AI supercomputer in Zhengzhou; AICC 2026 (AI Computing Conference) opened at Zhongguancun in Beijing with a focus on the compute substr",CSDN,Media,https://blog.csdn.net/haohaizi_liu/article/details/166248434,Watch,,1,2,2,1.5,C,留在事件库供检索，但未达到本周正文相关性、证据质量或去重要求。,Database_Only,留在事件库供检索，但未达到本周正文相关性、证据质量或去重要求。,,,Pass A query 8; search discovery record pending full-text verification.,Yes
2026W39-WEB-127,2026-09-21,2026-09-21,China,Technology,Commercial_Space,Китай запустил новую группу спутников,Китай запустил новую группу спутников,"Китай запустил новую группу спутников Фото: Синьхуа Цзюцюань, 20 сентября /Синьхуа/ -- Китай в воскресенье успешно запустил ракету-носитель ""Лицзянь-1 Y18"" /""Lijian-1 Y18""/ в космос с площадки инновационной экспериментальной зоны коммерческих космических запусков ""Дунфэн"" на северо-западе Китая. Ракета-носитель стартовала в 12:03 по пекинскому времени и вывела на заданные орбиты 9 спутников. Данная группа спутников в основном предназначена для мониторинга космической среды, предотвращения стихийных бедствий и смягчения их последствий, а также для проведения научных экспериментов. Миссия была признана успешной. Данный запуск стал 17-м полетным заданием для ракет-носителей серии ""Лицзянь"", разработанных компанией CAS Space - коммерческой космической фирмой, основанной Институтом механики пр",人民网,Media,https://russian.people.com.cn/n3/2026/0921/c31517-20502031.html,Watch,,1,2,2,1.5,C,留在事件库供检索，但未达到本周正文相关性、证据质量或去重要求。,Database_Only,留在事件库供检索，但未达到本周正文相关性、证据质量或去重要求。,,,Pass A query 9; search discovery record pending full-text verification.,Yes
2026W39-WEB-129,2026-09-21,2026-09-21,China,Policy,Commercial_Space,卫星互联网:天地一体新蓝海--《信息通信行业发展“十五五”规划》解读-顶端新闻,卫星互联网:天地一体新蓝海--《信息通信行业发展“十五五”规划》解读-顶端新闻,"2025年8月,工信部正式印发《关于优化业务准入促进卫星通信产业发展的指导意见》(工信部信管〔2025〕180 号),明确提出到2030年发展卫星通信用户超千万。紧随其后,《信息通信行业“十五五”规划》进一步将“星地融合发展”写入专章,推动低轨卫星互联网、高轨卫星通信、卫星物联网与地面5G/6G网络深度耦合。据中投产业研究院测算,2025年中国商业航天市场规模已突破2.8万亿元,其中卫星互联网占比超过四成;以中国星网GW星座和上海垣信千帆星座为代表的两大国家级低轨星座体系正同步加速。一、政策东风:两份顶层文件为产业定调卫星互联网是6G“空天地海”一体化网络的核心组成,也是构建新型信息基础设施的关键方向。《信息通信行业“十五五”规划》明确提出构建天地一体的空间网络,并首次设置“星地融合发展”专栏,要求强化高中低轨卫星星座协同,提升高轨宽窄带通信卫星系统容量,增强低轨卫星互联网、高轨卫星通信、卫星物联网等组网服务能力,推动卫星网络与地面 5G/6G 网络深度融合。更具操作性的是工信部2025年8月印发的《关于优化业务准入促进卫星通信产业发展的指导意见》。文件从有序扩大市场开放、持续拓展应用场景、培育壮大产业生态、优化电信资源供给、加强卫星通信监管、形成协同推进合力等六个方面提出19条具体举措,并设定到2030年发展卫星通信用户超千万的明确目标。至此,政策从“鼓励发展”走向“放量发展”,产业进入由牌照、订单、频轨和资本共同驱动的关键五年。二、市场空间:万亿级新蓝海加速打开中投产业研究院数据显示,2025年中国商业航天市场规模已突破2.8万亿元,其中卫星互联网占比超过四成。中商产业研究院发布的《2025—2030年中国卫星互联网行业市场发展现状及投资规划建议报告》显示,2024年我国卫星互联网市场规模约404亿元,2025年预计达到447亿元,2021—2025年复合增长率约11%",www.topnews.cn,Media,https://www.topnews.cn/news/1451D6E046B84972,Watch,,1,2,2,1.5,C,留在事件库供检索，但未达到本周正文相关性、证据质量或去重要求。,Database_Only,留在事件库供检索，但未达到本周正文相关性、证据质量或去重要求。,,,Pass A query 10; search discovery record pending full-text verification.,Yes
2026W39-WEB-141,2026-09-21,2026-09-21,China,Technology,Commercial_Space,中国卫星:58.99 -1.02% -0.61 600118 搜狐证券,中国卫星:58.99 -1.02% -0.61 600118 搜狐证券,"当前: 中国卫星 (600118) 沪股通 融 58.99 -0.61 -1.02% 2026-09-21 15:00 均价: 59.30 现手: -- 换手率: 2.13% 量比: 1.30 最高: 60.12 涨停: 65.56 昨收: 59.60 市盈TTM: 693.29 总手: 25.14万 总金额: 14.91亿 市值: 697.55亿 最低: 58.69 跌停: 53.64 今开: 59.67 盘后固定价格交易(进行中):价格:58.99现手:8成交量:8成交额:4.72万09-21 15:05转股溢价率0.00% 其他方式 微信登录 qq登录 微博登录 账号密码登录 手机号验证码登录 安全提示 系统出于安全考虑,在点击“发送语音验证码”后,您将会收到一条来自950开头号码的语音验证码,请注意接听。",搜狐股票,Media,https://q.stock.sohu.com/cn/600118/index.shtml?date=2026-09-21,Watch,,1,2,2,1.5,C,留在事件库供检索，但未达到本周正文相关性、证据质量或去重要求。,Database_Only,留在事件库供检索，但未达到本周正文相关性、证据质量或去重要求。,,,Pass A query 10; search discovery record pending full-text verification.,Yes
2026W39-WEB-150,2026-09-21,2026-09-21,China,Financing,Commercial_Space,为什么火箭发射变得这么频繁?中国准备在太空干啥?,为什么火箭发射变得这么频繁?中国准备在太空干啥?,"三、商业闭环路 完成了低成本火箭的研制,也争取到了宝贵的空间频谱和轨道位置,接下来必须回答的核心财务问题是:整个星座工程的投资回报来自哪里? 在很多人原有的认知中,地面移动通信网络已经高度发达。全国范围内5G基站总数已突破500万个,光纤宽带直接铺设到了绝大多数城镇与乡村,普通消费者每月只需支付几十元到上百元人民币,就能获得稳定且高速的互联网连接。 在地面通信资费如此低廉、网络覆盖如此完善的情况下,如果低轨卫星互联网试图依靠向普通家庭兜售昂贵的宽带接入服务来盈利,在财务模型上是完全无法成立的。 这不仅无法收回前期的巨额固定资产投资,每年的系统维护和卫星替换成本甚至会带来持续的净亏损。 事实上,低轨卫星互联网的真实收益来源,集中在地面基站无法覆盖的增量市场以及高价值的垂直工业场景中。 从全球物理空间来看,人类建设的地面基站网络仅仅覆盖全球陆地面积的20%左右,其余80%的陆地(包括荒漠、高山、极地森林)以及95%以上的海洋和高空空域,均处于地面通信的盲区。在这些物理区域,铺设地面光缆和基站的工程成本是天文数字,唯有低轨卫星能以极低的边际服务成本提供通信能力。",中华网,Media,https://kan.china.com/article/6448902_6.html,Watch,,1,2,2,1.5,C,留在事件库供检索，但未达到本周正文相关性、证据质量或去重要求。,Database_Only,留在事件库供检索，但未达到本周正文相关性、证据质量或去重要求。,,,Pass A query 11; search discovery record pending full-text verification.,Yes
2026W39-WEB-153,2026-09-21,2026-09-21,China,Technology,Commercial_Space;AI,"头顶几大星座的数万颗卫星,靠谁在轨“维保”?商业航天进入2.0时代新蓝海|运载火箭|星链|技术试验卫星|千帆星座|一箭九星_新浪军事_新浪新闻","头顶几大星座的数万颗卫星,靠谁在轨“维保”?商业航天进入2.0时代新蓝海|运载火箭|星链|技术试验卫星|千帆星座|一箭九星_新浪军事_新浪新闻","(来源:上观新闻)日前,我国“一箭九星”、“一箭十星”先后取得发射成功。前有全球最大固体运载火箭——“引力一号”遥三箭,在东海海域将8颗千帆星座组网卫星与1颗超高速无线通信技术试验卫星成功送入预定轨道;后有“朱雀二号”改进型遥七运载火箭,在东风商业航天创新试验区发射升空,其搭载千帆极轨19组的共10颗卫星,随之顺利入轨。后者,也是我国民营火箭首次执行大规模卫星互联网星座的批量组网任务。9月16日6时00分,我国太原卫星发射中心在上海东部海域使用引力一号遥三运载火箭,将搭载的千帆极轨26组卫星及EUHT技术试验卫星共9颗卫星顺利送入预定轨道,飞行试验任务取得圆满成功。 新华社记者 丁汀 摄在人们关注火箭发射本身同时,可以发现时隔仅一天,就有18颗“千帆”星座卫星上天。事实上,在人类头顶的这片空间,仅星链卫星就已超过1万颗。国际宇航科学院院士、上海交通大学航空航天学院讲席教授吴树范,20日在2026商业航天产业生态大会上表示,当火箭“进入太空”、卫星“留在太空”后,如何“掌控太空”为卫星等航天器进行“维保”,正催生“空间在轨服务”行业。未来10年,商业航天将进入这样一个2.0时代,航向一片新蓝海。9月15日14时26分,朱雀二号改进型遥七运载火箭在东风商业航天创新试验区发射升空,将搭载的千帆极轨19组共10颗卫星顺利送入预定轨道,飞行试验任务取得圆满成功。 新华社发截至2026年9月1日,太空探索SpaceX的“星链”在轨卫星数量达到11102颗,其中11087颗正在轨工作,为全球167个国家和地区的1200万用户提供服务。在中国,星座的典型代表如国网(GW)星座,其计划的卫星数量也达万级,最新公开组网数据表明,其低轨部分的24组卫星已成功发射。另一大星座就是千帆星座(SpaceSail),又称“G60星链”或“全球低轨多媒体卫星星座”,其一期到二期的卫星数量计划从数百到千余",新浪看点,Media,https://k.sina.cn/article_5953190046_162d6789e06703smmg.html,Watch,,1,2,2,1.5,C,留在事件库供检索，但未达到本周正文相关性、证据质量或去重要求。,Database_Only,留在事件库供检索，但未达到本周正文相关性、证据质量或去重要求。,,,Pass A query 11; search discovery record pending full-text verification.,Yes
2026W39-WEB-154,2026-09-21,2026-09-21,China,Policy,Commercial_Space;Chip,为什么火箭发射变得这么频繁?中国准备在太空干啥?,为什么火箭发射变得这么频繁?中国准备在太空干啥?,"低轨卫星互联网系统可以在灾害发生的第一时间,为现场便携式应急终端提供大容量的数据上行通道。 这种通信保障能力能够大幅减少次生灾害发生概率,显著降低灾害带来的综合财产损失,其间接产生的经济效益是无法单以商业账面利润来衡量的。 此外,低轨卫星还在为新兴产业提供基础设施支持。在低空经济领域,无人机物流巡检、电动垂直起降飞行器需要在复杂的低空空域内飞行,必须拥有无缝连接的通信链路来进行航路规划与避障控制。 在农林资源监测中,卫星搭载的多光谱载荷能够定期对全国耕地的土壤墒情、农作物病虫害以及森林火险隐患进行数据采集,直接提高农业估产的准确度,减少农业保险机构的理赔误差。在偏远工矿区、跨国输油气管道巡检中,物联网设备可以通过卫星网络实现无人化远程运维。 随着终端射频芯片和相控阵天线集成技术的突破,普通消费级智能手机直连卫星的技术规范正在快速成熟。这意味着在不久的将来,用户不需要额外购买沉重的专用接收设备,普通手机即可在脱离地面基站信号时自动接入低轨网络。 当服务的使用者从少数专业机构扩展到数以亿计的普通移动终端时,单次连接的边际服务成本就会无限趋近于零。 前期投入的重资产基建,最终将通过各行各业的日常数据消耗实现长周期的稳定分摊与盈利,形成一个自我造血的正向商业闭环。",中华网,Media,https://kan.china.com/article/6448902_8.html,Watch,,1,2,2,1.5,C,留在事件库供检索，但未达到本周正文相关性、证据质量或去重要求。,Database_Only,留在事件库供检索，但未达到本周正文相关性、证据质量或去重要求。,,,Pass A query 11; search discovery record pending full-text verification.,Yes
2026W39-WEB-155,2026-09-21,2026-09-21,China,Financing,Commercial_Space,"长八甲一箭20星,单星发射成本直降75%,中国准备在太空干啥?_新闻频道_中华网","长八甲一箭20星,单星发射成本直降75%,中国准备在太空干啥?_新闻频道_中华网","这种工业化的高频发射体系,保障了我国在国际电信联盟框架下对宝贵空间频谱与轨道资源的实质性占有,把纸面上的申报数据逐步转化为受国际规则保护的在轨权利。三、商业闭环路完成了低成本火箭的研制,也争取到了宝贵的空间频谱和轨道位置,接下来必须回答的核心财务问题是:整个星座工程的投资回报来自哪里?在很多人原有的认知中,地面移动通信网络已经高度发达。全国范围内5G基站总数已突破500万个,光纤宽带直接铺设到了绝大多数城镇与乡村,普通消费者每月只需支付几十元到上百元人民币,就能获得稳定且高速的互联网连接。在地面通信资费如此低廉、网络覆盖如此完善的情况下,如果低轨卫星互联网试图依靠向普通家庭兜售昂贵的宽带接入服务来盈利,在财务模型上是完全无法成立的。这不仅无法收回前期的巨额固定资产投资,每年的系统维护和卫星替换成本甚至会带来持续的净亏损。事实上,低轨卫星互联网的真实收益来源,集中在地面基站无法覆盖的增量市场以及高价值的垂直工业场景中。从全球物理空间来看,人类建设的地面基站网络仅仅覆盖全球陆地面积的20%左右,其余80%的陆地(包括荒漠、高山、极地森林)以及95%以上的海洋和高空空域,均处于地面通信的盲区。在这些物理区域,铺设地面光缆和基站的工程成本是天文数字,唯有低轨卫星能以极低的边际服务成本提供通信能力。",中华网新闻频道,Media,https://news.china.com/socialgd/10000169/20260921/49758033_4.html,Watch,,1,2,2,1.5,C,留在事件库供检索，但未达到本周正文相关性、证据质量或去重要求。,Database_Only,留在事件库供检索，但未达到本周正文相关性、证据质量或去重要求。,,,Pass A query 11; search discovery record pending full-text verification.,Yes
2026W39-WEB-181,2026-09-21,2026-09-21,China,Policy,AI,湖北:发放“算力券”提升补贴比例 将模型、词元等服务模式纳入补贴范围_腾讯新闻,湖北:发放“算力券”提升补贴比例 将模型、词元等服务模式纳入补贴范围_腾讯新闻,"【湖北:发放“算力券”提升补贴比例 将模型、词元等服务模式纳入补贴范围】财联社9月21日电,湖北省人民政府办公厅印发《湖北省三四季度长短结合促进经济稳中向好若干措施》,其中提出,加力推进“六张网”建设。建立项目储备库及年度重大项目清单,安排省预算内投资前期工作费支持重大项目推进。支持各地积极探索“厂网一体、供排综合管理”及特许经营模式,鼓励各类企业参与城市地下管网“投建管运”。深化国有水资源水工程资产化改革,培育壮大现代绿色水经济。发放“算力券”,提升补贴比例,将模型、词元等服务模式纳入补贴范围,切实降低中小微企业、科创团队用算门槛。支持新建负荷、出口型企业等有绿色电力消费需求的市场主体、工业园区利用周边新能源资源开展绿电直连。安排财政资金重点支持多式联运体系构建、城乡双向流通和应急保供物流补短板、供应链创新与应用等领域项目。",腾讯网,Media,https://news.qq.com/rain/a/20260921A0BX8X00,Watch,,1,2,2,1.5,C,留在事件库供检索，但未达到本周正文相关性、证据质量或去重要求。,Database_Only,留在事件库供检索，但未达到本周正文相关性、证据质量或去重要求。,,,Pass A query 17; search discovery record pending full-text verification.,Yes
2026W39-WEB-183,2026-09-21,2026-09-21,China,Policy,AI,"湖北:发放“算力券”提升补贴比例,将模型、词元等服务模式纳入补贴范围","湖北:发放“算力券”提升补贴比例,将模型、词元等服务模式纳入补贴范围","湖北:发放“算力券”提升补贴比例,将模型、词元等服务模式纳入补贴范围钛媒体App 9月21日,湖北省人民政府办公厅印发《湖北省三四季度长短结合促进经济稳中向好若干措施》,其中提出,加力推进“六张网”建设。建立项目储备库及年度重大项目清单,安排省预算内投资前期工作费支持重大项目推进。支持各地积极探索“厂网一体、供排综合管理”及特许经营模式,鼓励各类企业参与城市地下管网“投建管运”。深化国有水资源水工程资产化改革,培育壮大现代绿色水经济。发放“算力券”,提升补贴比例,将模型、词元等服务模式纳入补贴范围,切实降低中小微企业、科创团队用算门槛。支持新建负荷、出口型企业等有绿色电力消费需求的市场主体、工业园区利用周边新能源资源开展绿电直连。安排财政资金重点支持多式联运体系构建、城乡双向流通和应急保供物流补短板、供应链创新与应用等领域项目。(湖北省人民政府网)本文内容仅供参考,不构成投资建议,请谨慎对待。",钛媒体官方网站,Media,https://www.tmtpost.com/nictation/8148047.html,Watch,,1,2,2,1.5,C,留在事件库供检索，但未达到本周正文相关性、证据质量或去重要求。,Database_Only,留在事件库供检索，但未达到本周正文相关性、证据质量或去重要求。,,,Pass A query 17; search discovery record pending full-text verification.,Yes
2026W39-WEB-185,2026-09-21,2026-09-21,China,Policy,AI,"湖北:发放“算力券”,提升补贴比例,将模型、词元等服务模式纳入补贴范围_大风号_凤凰网","湖北:发放“算力券”,提升补贴比例,将模型、词元等服务模式纳入补贴范围_大风号_凤凰网","湖北省人民政府办公厅印发《湖北省三四季度长短结合促进经济稳中向好若干措施》,其中提出,加力推进“六张网”建设。建立项目储备库及年度重大项目清单,安排省预算内投资前期工作费支持重大项目推进。支持各地积极探索“厂网一体、供排综合管理”及特许经营模式,鼓励各类企业参与城市地下管网“投建管运”。深化国有水资源水工程资产化改革,培育壮大现代绿色水经济。发放“算力券”,提升补贴比例,将模型、词元等服务模式纳入补贴范围,切实降低中小微企业、科创团队用算门槛。支持新建负荷、出口型企业等有绿色电力消费需求的市场主体、工业园区利用周边新能源资源开展绿电直连。",凤凰网,Media,https://feng.ifeng.com/c/8wbo9XmmITc,Watch,,1,2,2,1.5,C,留在事件库供检索，但未达到本周正文相关性、证据质量或去重要求。,Database_Only,留在事件库供检索，但未达到本周正文相关性、证据质量或去重要求。,,,Pass A query 17; search discovery record pending full-text verification.,Yes
2026W39-WEB-186,2026-09-21,2026-09-21,China,Policy,AI,湖北:发放“算力券”提升补贴比例 将模型、词元等服务模式纳入补贴范围-科技频道-和讯网,湖北:发放“算力券”提升补贴比例 将模型、词元等服务模式纳入补贴范围-科技频道-和讯网,"每经AI快讯,9月21日消息,湖北省人民政府办公厅印发《湖北省三四季度长短结合促进经济稳中向好若干措施》,其中提出,加力推进“六张网”建设。建立项目储备库及年度重大项目清单,安排省预算内投资前期工作费支持重大项目推进。支持各地积极探索“厂网一体、供排综合管理”及特许经营模式,鼓励各类企业参与城市地下管网“投建管运”。深化国有水资源水工程资产化改革,培育壮大现代绿色水经济。发放“算力券”,提升补贴比例,将模型、词元等服务模式纳入补贴范围,切实降低中小微企业、科创团队用算门槛。支持新建负荷、出口型企业等有绿色电力消费需求的市场主体、工业园区利用周边新能源资源开展绿电直连。安排财政资金重点支持多式联运体系构建、城乡双向流通和应急保供物流补短板、供应链创新与应用等领域项目。每日经济新闻 (责任编辑:刘畅 ) 【免责声明】本文仅代表作者本人观点,与和讯网无关。和讯网站对文中陈述、观点判断保持中立,不对所包含内容的准确性、可靠性或完整性提供任何明示或暗示的保证。请读者仅作参考,并请自行承担全部责任。邮箱:zbb@staff.hexun.com",和讯网,Media,https://tech.hexun.com/2026-09-21/225040126.html,Watch,,1,2,2,1.5,C,留在事件库供检索，但未达到本周正文相关性、证据质量或去重要求。,Database_Only,留在事件库供检索，但未达到本周正文相关性、证据质量或去重要求。,,,Pass A query 17; search discovery record pending full-text verification.,Yes
2026W39-WEB-189,2026-09-21,2026-09-21,China,Policy,AI,"湖北:发放“算力券”,提升补贴比例,将模型、词元等服务模式纳入补贴范围_股票频道_证券之星","湖北:发放“算力券”,提升补贴比例,将模型、词元等服务模式纳入补贴范围_股票频道_证券之星","(原标题:湖北:发放“算力券”,提升补贴比例,将模型、词元等服务模式纳入补贴范围) 人民财讯9月21日电,湖北省人民政府办公厅印发《湖北省三四季度长短结合促进经济稳中向好若干措施》,其中提出,加力推进“六张网”建设。建立项目储备库及年度重大项目清单,安排省预算内投资前期工作费支持重大项目推进。支持各地积极探索“厂网一体、供排综合管理”及特许经营模式,鼓励各类企业参与城市地下管网“投建管运”。深化国有水资源水工程资产化改革,培育壮大现代绿色水经济。发放“算力券”,提升补贴比例,将模型、词元等服务模式纳入补贴范围,切实降低中小微企业、科创团队用算门槛。支持新建负荷、出口型企业等有绿色电力消费需求的市场主体、工业园区利用周边新能源资源开展绿电直连。安排财政资金重点支持多式联运体系构建、城乡双向流通和应急保供物流补短板、供应链创新与应用等领域项目。",证券之星股票频道,Media,https://stock.stockstar.com/IG2026092100032563.shtml,Watch,,1,2,2,1.5,C,留在事件库供检索，但未达到本周正文相关性、证据质量或去重要求。,Database_Only,留在事件库供检索，但未达到本周正文相关性、证据质量或去重要求。,,,Pass A query 17; search discovery record pending full-text verification.,Yes
2026W39-WEB-190,2026-09-21,2026-09-21,China,Policy,AI,"湖北:发放“算力券”,提升补贴比例,将模型、词元等服务模式纳入补贴范围_股票频道_证券之星","湖北:发放“算力券”,提升补贴比例,将模型、词元等服务模式纳入补贴范围_股票频道_证券之星","湖北省人民政府办公厅印发《湖北省三四季度长短结合促进经济稳中向好若干措施》,其中提出,加力推进“六张网”建设。建立项目储备库及年度重大项目清单,安排省预算内投资前期工作费支持重大项目推进。支持各地积极探索“厂网一体、供排综合管理”及特许经营模式,鼓励各类企业参与城市地下管网“投建管运”。深化国有水资源水工程资产化改革,培育壮大现代绿色水经济。发放“算力券”,提升补贴比例,将模型、词元等服务模式纳入补贴范围,切实降低中小微企业、科创团队用算门槛。支持新建负荷、出口型企业等有绿色电力消费需求的市场主体、工业园区利用周边新能源资源开展绿电直连。安排财政资金重点支持多式联运体系构建、城乡双向流通和应急保供物流补短板、供应链创新与应用等领域项目。(人民财讯)",证券之星股票频道,Media,https://stock.stockstar.com/KX2026092100032135.shtml,Watch,,1,2,2,1.5,C,留在事件库供检索，但未达到本周正文相关性、证据质量或去重要求。,Database_Only,留在事件库供检索，但未达到本周正文相关性、证据质量或去重要求。,,,Pass A query 17; search discovery record pending full-text verification.,Yes
2026W39-WEB-191,2026-09-21,2026-09-21,China,Policy,AI,湖北:发放“算力券”提升补贴比例 将模型、词元等服务模式纳入补贴范围_凤凰网,湖北:发放“算力券”提升补贴比例 将模型、词元等服务模式纳入补贴范围_凤凰网,"每经AI快讯,9月21日消息,湖北省人民政府办公厅印发《湖北省三四季度长短结合促进经济稳中向好若干措施》,其中提出,加力推进“六张网”建设。建立项目储备库及年度重大项目清单,安排省预算内投资前期工作费支持重大项目推进。支持各地积极探索“厂网一体、供排综合管理”及特许经营模式,鼓励各类企业参与城市地下管网“投建管运”。深化国有水资源水工程资产化改革,培育壮大现代绿色水经济。发放“算力券”,提升补贴比例,将模型、词元等服务模式纳入补贴范围,切实降低中小微企业、科创团队用算门槛。支持新建负荷、出口型企业等有绿色电力消费需求的市场主体、工业园区利用周边新能源资源开展绿电直连。安排财政资金重点支持多式联运体系构建、城乡双向流通和应急保供物流补短板、供应链创新与应用等领域项目。每日经济新闻",凤凰网,Media,https://news.ifeng.com/c/8wbmzYhjlKn,Watch,,1,2,2,1.5,C,留在事件库供检索，但未达到本周正文相关性、证据质量或去重要求。,Database_Only,留在事件库供检索，但未达到本周正文相关性、证据质量或去重要求。,,,Pass A query 17; search discovery record pending full-text verification.,Yes
2026W39-WEB-193,2026-09-21,2026-09-21,China,Policy,AI,"湖北:发放“算力券”,提升补贴比例,将模型、词元等服务模式纳入补贴范围","湖北:发放“算力券”,提升补贴比例,将模型、词元等服务模式纳入补贴范围","人民财讯9月21日电,湖北省人民政府办公厅印发《湖北省三四季度长短结合促进经济稳中向好若干措施》,其中提出,加力推进“六张网”建设。建立项目储备库及年度重大项目清单,安排省预算内投资前期工作费支持重大项目推进。支持各地积极探索“厂网一体、供排综合管理”及特许经营模式,鼓励各类企业参与城市地下管网“投建管运”。深化国有水资源水工程资产化改革,培育壮大现代绿色水经济。发放“算力券”,提升补贴比例,将模型、词元等服务模式纳入补贴范围,切实降低中小微企业、科创团队用算门槛。支持新建负荷、出口型企业等有绿色电力消费需求的市场主体、工业园区利用周边新能源资源开展绿电直连。安排财政资金重点支持多式联运体系构建、城乡双向流通和应急保供物流补短板、供应链创新与应用等领域项目。 声明:证券时报力求信息真实、准确,文章提及内容仅供参考,不构成实质性投资建议,据此操作风险自担 下载""证券时报""官方APP,或关注官方微信公众号,即可随时了解股市动态,洞察政策信息,把握财富机会。",证券时报,Media,https://stcn.com/article/detail/4193820.html,Watch,,1,2,2,1.5,C,留在事件库供检索，但未达到本周正文相关性、证据质量或去重要求。,Database_Only,留在事件库供检索，但未达到本周正文相关性、证据质量或去重要求。,,,Pass A query 17; search discovery record pending full-text verification.,Yes
2026W39-WEB-194,2026-09-21,2026-09-21,China,Policy,AI,"湖北:发放“算力券”,提升补贴比例,将模型、词元等服务模式纳入补贴范围_凤凰网","湖北:发放“算力券”,提升补贴比例,将模型、词元等服务模式纳入补贴范围_凤凰网","人民财讯9月21日电,湖北省人民政府办公厅印发《湖北省三四季度长短结合促进经济稳中向好若干措施》,其中提出,加力推进“六张网”建设。建立项目储备库及年度重大项目清单,安排省预算内投资前期工作费支持重大项目推进。支持各地积极探索“厂网一体、供排综合管理”及特许经营模式,鼓励各类企业参与城市地下管网“投建管运”。深化国有水资源水工程资产化改革,培育壮大现代绿色水经济。发放“算力券”,提升补贴比例,将模型、词元等服务模式纳入补贴范围,切实降低中小微企业、科创团队用算门槛。支持新建负荷、出口型企业等有绿色电力消费需求的市场主体、工业园区利用周边新能源资源开展绿电直连。安排财政资金重点支持多式联运体系构建、城乡双向流通和应急保供物流补短板、供应链创新与应用等领域项目。",凤凰网,Media,https://finance.ifeng.com/c/8wbmzYhjlLS,Watch,,1,2,2,1.5,C,留在事件库供检索，但未达到本周正文相关性、证据质量或去重要求。,Database_Only,留在事件库供检索，但未达到本周正文相关性、证据质量或去重要求。,,,Pass A query 17; search discovery record pending full-text verification.,Yes
2026W39-WEB-215,2026-09-21,2026-09-21,US,Technology,Chip,技术研讨会_标签_网易出品,技术研讨会_标签_网易出品,相关内容 网易号 EETOP半导体社区 2026-06-29 网易号 EETOP半导体社区 2026-06-12 网易号 EETOP半导体社区 2026-06-10 网易号 EETOP半导体社区 2026-06-10 网易号 EETOP半导体社区 2026-05-23 网易号 汽车评价Carbingo 2026-04-02 网易号 EETOP半导体社区 2026-03-24 网易号 美通社PRNewswire 2026-01-31 网易号 EETOP半导体社区 2026-01-09 网易号 EETOP半导体社区 2026-01-06 网易号 EETOP半导体社区 2025-12-30 网易号 EETOP半导体社区 2025-12-25 网易号 EETOP半导体社区 2025-12-24 无障碍浏览 进入关怀版,网易家居,Media,https://home.163.com/keywords/6/8/6280672f78148ba84f1a/1.html,Watch,,1,2,2,1.5,C,留在事件库供检索，但未达到本周正文相关性、证据质量或去重要求。,Database_Only,留在事件库供检索，但未达到本周正文相关性、证据质量或去重要求。,,,Pass A query 19; search discovery record pending full-text verification.,Yes
2026W39-WEB-223,2026-09-21,2026-09-21,US,Technology,Chip;AI,AI需求持续爆发!韩国9月前20天出口额创历史新高 芯片出口激增259%-中宏网股票,AI需求持续爆发!韩国9月前20天出口额创历史新高 芯片出口激增259%-中宏网股票,"韩国海关周一公布的数据显示,受强劲的半导体出口推动,9月前20天韩国出口额同比激增78%。 数据显示,9月1日至20日韩国出口额达到714亿美元,较2025年同期的400亿美元大幅攀升。 这一数据创下有记录以来最高的20天表现,此前的纪录为今年6月前20天创下的617亿美元。 同期,韩国进口额同比增长26.7%至484亿美元,录得230亿美元的贸易顺差。增长主要由半导体、原油和半导体制造设备推动。 本月前20天,韩国强劲的出口表现继续由半导体引领。分产品来看,芯片出口额飙升259%,达到341.2亿美元,再次创下历史新高。半导体出口占总出口额的比例达到47.8%,较上年同期增长24.1个百分点。 自去年6月至今年8月,韩国出口已连续15个月实现增长,这主要得益于,受全球人工智能(AI)需求激增推动,韩国半导体出口表现持续强劲。 此外,石油产品和汽车出口额分别增长47.8%和9.3%,达到40亿美元和37.3亿美元。其他主要增长品类包括钢铁产品和船舶,出口额分别增长8%和63%。 另一方面,移动设备出口额小幅下降0.4%,至12.4亿美元。 从出口目的地来看,对中国的出口额翻倍至166亿美元,对美国的出口额也激增118%至142亿美元。前三大出口目的地——中国、美国和越南——占出口总额的51.4%。 与此同时,截至周日,韩国今年的累计出口额达到7649亿美元,贸易顺差达到2255亿美元,是去年同期(421.63亿美元)的5.4倍。(编辑 卞纯) 免责声明:以上内容为本网站转自其他媒体,相关信息仅为传递更多信息之目的,不代表本网观点,亦不代表本网站赞同其观点或证实其内容的真实性。如稿件版权单位或个人不想在本网发布,可与本网联系,本网视情况可立即将其撤除。 素材源:吕怡蕾 编辑:康书源 审核:王明月",中宏网,Media,http://gp.zhonghongwang.com/show-12-79700-1.html,Watch,,1,2,2,1.5,C,留在事件库供检索，但未达到本周正文相关性、证据质量或去重要求。,Database_Only,留在事件库供检索，但未达到本周正文相关性、证据质量或去重要求。,,,Pass A query 21; search discovery record pending full-text verification.,Yes
2026W39-WEB-224,2026-09-21,2026-09-21,US,Technology,Chip;AI,"AI需求持续爆发!韩国9月前20天出口额创历史新高,芯片出口激增259%-我的钢铁网","AI需求持续爆发!韩国9月前20天出口额创历史新高,芯片出口激增259%-我的钢铁网","智能摘要 内容由AI生成 韩国海关数据显示,9月前20天韩国出口额同比上涨78%至714亿美元,创有记录以来新高。芯片出口额上涨259%至341.2亿美元,创历史新高,半导体出口占总出口47.8%。进口额上涨26.7%至484亿美元,贸易顺差230亿美元。对中美出口分别翻倍和上涨118%。今年累计出口7649亿美元,贸易顺差2255亿美元。 韩国海关周一公布的数据显示,受强劲的半导体出口推动,9月前20天韩国出口额同比激增78%。 数据显示,9月1日至20日韩国出口额达到714亿美元,较2025年同期的400亿美元大幅攀升。 这一数据创下有记录以来最高的20天表现,此前的纪录为今年6月前20天创下的617亿美元。 同期,韩国进口额同比增长26.7%至484亿美元,录得230亿美元的贸易顺差。增长主要由半导体、原油和半导体制造设备推动。 本月前20天,韩国强劲的出口表现继续由半导体引领。分产品来看,芯片出口额飙升259%,达到341.2亿美元,再次创下历史新高。半导体出口占总出口额的比例达到47.8%,较上年同期增长24.1个百分点。 自去年6月至今年8月,韩国出口已连续15个月实现增长,这主要得益于,受全球人工智能(AI)需求激增推动,韩国半导体出口表现持续强劲。 此外,石油产品和汽车出口额分别增长47.8%和9.3%,达到40亿美元和37.3亿美元。其他主要增长品类包括钢铁产品和船舶,出口额分别增长8%和63%。 另一方面,移动设备出口额小幅下降0.4%,至12.4亿美元。 从出口目的地来看,对中国的出口额翻倍至166亿美元,对美国的出口额也激增118%至142亿美元。前三大出口目的地——中国、美国和越南——占出口总额的51.4%。 与此同时,截至周日,韩国今年的累计出口额达到7649亿美元,贸易顺差达到2255亿美元,是去年同期(421.63亿美元)的5.4倍。 资讯",我的钢铁网,Media,https://news.mysteel.com/a/26092110/89181424C33554FB.html,Watch,,1,2,2,1.5,C,留在事件库供检索，但未达到本周正文相关性、证据质量或去重要求。,Database_Only,留在事件库供检索，但未达到本周正文相关性、证据质量或去重要求。,,,Pass A query 21; search discovery record pending full-text verification.,Yes
2026W39-WEB-225,2026-09-21,2026-09-21,US,Technology,Chip;AI,AI需求持续爆发!韩国9月前20天出口额创历史新高 芯片出口激增259% _ 东方财富网,AI需求持续爆发!韩国9月前20天出口额创历史新高 芯片出口激增259% _ 东方财富网,"韩国海关周一公布的数据显示,受强劲的半导体出口推动,9月前20天韩国出口额同比激增78%。 数据显示,9月1日至20日韩国出口额达到714亿美元,较2025年同期的400亿美元大幅攀升。 这一数据创下有记录以来最高的20天表现,此前的纪录为今年6月前20天创下的617亿美元。 同期,韩国进口额同比增长26.7%至484亿美元,录得230亿美元的贸易顺差。增长主要由半导体、原油和半导体制造设备推动。 本月前20天,韩国强劲的出口表现继续由半导体引领。分产品来看,芯片出口额飙升259%,达到341.2亿美元,再次创下历史新高。半导体出口占总出口额的比例达到47.8%,较上年同期增长24.1个百分点。 自去年6月至今年8月,韩国出口已连续15个月实现增长,这主要得益于,受全球人工智能(AI)需求激增推动,韩国半导体出口表现持续强劲。 此外,石油产品和汽车出口额分别增长47.8%和9.3%,达到40亿美元和37.3亿美元。其他主要增长品类包括钢铁产品和船舶,出口额分别增长8%和63%。 另一方面,移动设备出口额小幅下降0.4%,至12.4亿美元。 从出口目的地来看,对中国的出口额翻倍至166亿美元,对美国的出口额也激增118%至142亿美元。前三大出口目的地——中国、美国和越南——占出口总额的51.4%。 与此同时,截至周日,韩国今年的累计出口额达到7649亿美元,贸易顺差达到2255亿美元,是去年同期(421.63亿美元)的5.4倍。(文章来源:财联社)",东方财富网财经频道,Media,https://finance.eastmoney.com/a/202609213879646389.html,Watch,,1,2,2,1.5,C,留在事件库供检索，但未达到本周正文相关性、证据质量或去重要求。,Database_Only,留在事件库供检索，但未达到本周正文相关性、证据质量或去重要求。,,,Pass A query 21; search discovery record pending full-text verification.,Yes
2026W39-WEB-226,2026-09-21,2026-09-21,US,Technology,Chip;AI,AI需求持续爆发!韩国9月前20天出口额创历史新高 芯片出口激增259%,AI需求持续爆发!韩国9月前20天出口额创历史新高 芯片出口激增259%,"财联社9月21日讯(编辑 卞纯)韩国海关周一公布的数据显示,受强劲的半导体出口推动,9月前20天韩国出 口额同比激增78%。数据显示,9月1日至20日韩国出口额达到714亿美元,较2025年同期的400亿美元大幅攀升。这一数据创下有记录以来最高的20天表现,此前的纪录为今年6月前20天创下的617亿美元。同期,韩国进口额同比增长26.7%至484亿美元,录得230亿美元的贸易顺差。增长主要由半导体、原油和半导体制造设备推动。本月前20天,韩国强劲的出口表现继续由半导体引领。分产品来看,芯片出口额飙升259%,达到341.2亿美元,再次创下历史新高。半导体出口占总出口额的比例达到47.8%,较上年同期增长24.1个百分点。自去年6月至今年8月,韩国出口已连续15个月实现增长,这主要得益于,受全球人工智能(AI)需求激增推动,韩国半导体出口表现持续强劲。此外,石油产品和汽车出口额分别增长47.8%和9.3%,达到40亿美元和37.3亿美元。其他主要增长品类包括钢铁产品和船舶,出口额分别增长8%和63%。另一方面,移动设备出口额小幅下降0.4%,至12.4亿美元。从出口目的地来看,对中国的出口额翻倍至166亿美元,对美国的出口额也激增118%至142亿美元。前三大出口目的地——中国、美国和越南——占出口总额的51.4%。与此同时,截至周日,韩国今年的累计出口额达到7649亿美元,贸易顺差达到2255亿美元,是去年同期(421.63亿美元)的5.4倍。(财联社 卞纯)",网易新闻客户端,Media,https://c.m.163.com/news/a/L7BGA5AM05198CJN.html,Watch,,1,2,2,1.5,C,留在事件库供检索，但未达到本周正文相关性、证据质量或去重要求。,Database_Only,留在事件库供检索，但未达到本周正文相关性、证据质量或去重要求。,,,Pass A query 21; search discovery record pending full-text verification.,Yes
2026W39-WEB-227,2026-09-21,2026-09-21,US,Technology,Chip;AI,AI需求持续爆发!韩国9月前20天出口额创历史新高 芯片出口激增259%|ai需求|国家统计局|进口额|韩国_手机网易网,AI需求持续爆发!韩国9月前20天出口额创历史新高 芯片出口激增259%|ai需求|国家统计局|进口额|韩国_手机网易网,"财联社9月21日讯(编辑 卞纯)韩国海关周一公布的数据显示,受强劲的半导体出口推动,9月前20天韩国出 口额同比激增78%。数据显示,9月1日至20日韩国出口额达到714亿美元,较2025年同期的400亿美元大幅攀升。这一数据创下有记录以来最高的20天表现,此前的纪录为今年6月前20天创下的617亿美元。同期,韩国进口额同比增长26.7%至484亿美元,录得230亿美元的贸易顺差。增长主要由半导体、原油和半导体制造设备推动。本月前20天,韩国强劲的出口表现继续由半导体引领。分产品来看,芯片出口额飙升259%,达到341.2亿美元,再次创下历史新高。半导体出口占总出口额的比例达到47.8%,较上年同期增长24.1个百分点。自去年6月至今年8月,韩国出口已连续15个月实现增长,这主要得益于,受全球人工智能(AI)需求激增推动,韩国半导体出口表现持续强劲。此外,石油产品和汽车出口额分别增长47.8%和9.3%,达到40亿美元和37.3亿美元。其他主要增长品类包括钢铁产品和船舶,出口额分别增长8%和63%。另一方面,移动设备出口额小幅下降0.4%,至12.4亿美元。从出口目的地来看,对中国的出口额翻倍至166亿美元,对美国的出口额也激增118%至142亿美元。前三大出口目的地——中国、美国和越南——占出口总额的51.4%。与此同时,截至周日,韩国今年的累计出口额达到7649亿美元,贸易顺差达到2255亿美元,是去年同期(421.63亿美元)的5.4倍。(财联社 卞纯)",网易,Media,https://m.163.com/dy/article/L7BGA5AM05198CJN.html,Watch,,1,2,2,1.5,C,留在事件库供检索，但未达到本周正文相关性、证据质量或去重要求。,Database_Only,留在事件库供检索，但未达到本周正文相关性、证据质量或去重要求。,,,Pass A query 21; search discovery record pending full-text verification.,Yes
2026W39-WEB-228,2026-09-21,2026-09-21,US,Technology,Chip;AI,AI需求持续爆发!韩国9月前20天出口额创历史新高 芯片出口激增259%_腾讯新闻,AI需求持续爆发!韩国9月前20天出口额创历史新高 芯片出口激增259%_腾讯新闻,"财联社9月21日讯(编辑 卞纯)韩国海关周一公布的数据显示,受强劲的半导体出口推动,9月前20天韩国出 口额同比激增78%。数据显示,9月1日至20日韩国出口额达到714亿美元,较2025年同期的400亿美元大幅攀升。这一数据创下有记录以来最高的20天表现,此前的纪录为今年6月前20天创下的617亿美元。同期,韩国进口额同比增长26.7%至484亿美元,录得230亿美元的贸易顺差。增长主要由半导体、原油和半导体制造设备推动。本月前20天,韩国强劲的出口表现继续由半导体引领。分产品来看,芯片出口额飙升259%,达到341.2亿美元,再次创下历史新高。半导体出口占总出口额的比例达到47.8%,较上年同期增长24.1个百分点。受全球人工智能(AI)需求激增推动,韩国半导体出口持续强劲增长,自去年6月至今年8月,韩国出口已连续15个月实现增长。此外,石油产品和汽车出口额分别增长47.8%和9.3%,达到40亿美元和37.3亿美元。其他主要增长品类包括钢铁产品和船舶,出口额分别增长8%和63%。另一方面,移动设备出口额小幅下降0.4%,至12.4亿美元。从出口目的地来看,对中国的出口额翻倍至166亿美元,对美国的出口额也激增118%至142亿美元。前三大出口目的地——中国、美国和越南——占出口总额的51.4%。与此同时,截至周日,韩国今年的累计出口额达到7649亿美元,贸易顺差达到2255亿美元,是去年同期(421.63亿美元)的5.4倍。",腾讯网,Media,https://news.qq.com/rain/a/20260921A03D5Z00,Watch,,1,2,2,1.5,C,留在事件库供检索，但未达到本周正文相关性、证据质量或去重要求。,Database_Only,留在事件库供检索，但未达到本周正文相关性、证据质量或去重要求。,,,Pass A query 21; search discovery record pending full-text verification.,Yes
2026W39-WEB-229,2026-09-21,2026-09-21,US,Technology,Chip;AI,全球芯片LOF将于2026年9月22日开市起至10:30停牌,全球芯片LOF将于2026年9月22日开市起至10:30停牌,"每经AI快讯,9月21日消息,全球芯片LOF(501225)将于2026年9月22日开市起停牌,自2026年9月22日10:30起复牌,停牌期间赎回业务照常办理。",网易新闻客户端,Media,https://c.m.163.com/news/a/L7CEVIEJ0512B07B.html,Watch,,1,2,2,1.5,C,留在事件库供检索，但未达到本周正文相关性、证据质量或去重要求。,Database_Only,留在事件库供检索，但未达到本周正文相关性、证据质量或去重要求。,,,Pass A query 21; search discovery record pending full-text verification.,Yes
2026W39-WEB-230,2026-09-21,2026-09-21,US,Financing,Chip;AI,AI需求持续爆发!韩国9月前20天出口额创历史新高 芯片出口激增259%_腾讯新闻,AI需求持续爆发!韩国9月前20天出口额创历史新高 芯片出口激增259%_腾讯新闻,"该图片使用了AI生成技术韩国芯片出口激增259%:AI算力产业链竞争格局生变韩国海关最新旬度数据,给全球AI算力产业链投下一枚“信号弹”:9月前20天,韩国出口额达714亿美元,同比大增78%,创下有记录以来同期最高;其中半导体出口341.2亿美元,同比激增259%,占总出口比重升至47.8%,较上年同期提高24.1个百分点。同期进口额484亿美元,贸易顺差230亿美元。这组数据的分量,不在于韩国出口本身,而在于它清晰勾勒出全球AI算力投资从云端向芯片、存储、设备、网络侧传导的路径。半导体再次成为战略资源,而韩国正处在这一轮周期的关键供给位上。一、芯片“一枝独秀”:AI把存储推回战略资源韩国9月前20天的出口结构中,半导体几乎以一己之力拉动了整体增长。芯片出口同比增幅259%,规模达到341.2亿美元,刷新历史峰值;半导体在总出口中的占比接近48%,较上年同期大幅抬升。与此同时,移动设备出口小幅下降0.4%,终端消费电子与算力基础设施的冷热对比十分鲜明。这并非传统半导体周期的简单反弹。AI大模型训练和推理需求爆发,带动GPU加速卡、AI服务器和智算中心建设,进而拉动高带宽内存(HBM)、DDR5、企业级SSD等存储产品需求。HBM已成为AI芯片性能释放的关键瓶颈之一,三星、SK海力士等韩国存储厂商直接受益。韩国半导体制造设备进口同步增长,也说明当地存储和先进封装产能仍在扩张。从通信产业视角看,AI算力集群不是单一芯片的竞争,而是计算、存储、网络、能源的系统竞争。存储墙、功耗墙正在成为制约算力效率的核心问题。韩国芯片出口激增,反映的正是全球AI基础设施对高性能存储和先进封装的迫切需求。二、对华、对美出口双增:算力需求没有单一中心更值得关注的是韩国半导体的流向。9月前20天,韩国对中国出口额翻倍至166亿美元,对美国出口额激增118%至142亿美元。中国、美国、越南三大目的地",腾讯网,Media,https://news.qq.com/rain/a/20260921A0443M00,Watch,,1,2,2,1.5,C,留在事件库供检索，但未达到本周正文相关性、证据质量或去重要求。,Database_Only,留在事件库供检索，但未达到本周正文相关性、证据质量或去重要求。,,,Pass A query 21; search discovery record pending full-text verification.,Yes
2026W39-WEB-231,2026-09-21,2026-09-21,US,Financing,Chip;AI,AI需求持续爆发!韩国9月前20天出口额创历史新高 芯片出口激增259%|ai需求|gpu|hbm|韩国_手机网易网,AI需求持续爆发!韩国9月前20天出口额创历史新高 芯片出口激增259%|ai需求|gpu|hbm|韩国_手机网易网,"打开网易新闻 查看精彩图片 韩国芯片出口激增259%:AI算力产业链竞争格局生变韩国海关最新旬度数据,给全球AI算力产业链投下一枚“信号弹”:9月前20天,韩国出口额达714亿美元,同比大增78%,创下有记录以来同期最高;其中半导体出口341.2亿美元,同比激增259%,占总出口比重升至47.8%,较上年同期提高24.1个百分点。同期进口额484亿美元,贸易顺差230亿美元。这组数据的分量,不在于韩国出口本身,而在于它清晰勾勒出全球AI算力投资从云端向芯片、存储、设备、网络侧传导的路径。半导体再次成为战略资源,而韩国正处在这一轮周期的关键供给位上。一、芯片“一枝独秀”:AI把存储推回战略资源韩国9月前20天的出口结构中,半导体几乎以一己之力拉动了整体增长。芯片出口同比增幅259%,规模达到341.2亿美元,刷新历史峰值;半导体在总出口中的占比接近48%,较上年同期大幅抬升。与此同时,移动设备出口小幅下降0.4%,终端消费电子与算力基础设施的冷热对比十分鲜明。这并非传统半导体周期的简单反弹。AI大模型训练和推理需求爆发,带动GPU加速卡、AI服务器和智算中心建设,进而拉动高带宽内存(HBM)、DDR5、企业级SSD等存储产品需求。HBM已成为AI芯片性能释放的关键瓶颈之一,三星、SK海力士等韩国存储厂商直接受益。韩国半导体制造设备进口同步增长,也说明当地存储和先进封装产能仍在扩张。从通信产业视角看,AI算力集群不是单一芯片的竞争,而是计算、存储、网络、能源的系统竞争。存储墙、功耗墙正在成为制约算力效率的核心问题。韩国芯片出口激增,反映的正是全球AI基础设施对高性能存储和先进封装的迫切需求。二、对华、对美出口双增:算力需求没有单一中心更值得关注的是韩国半导体的流向。9月前20天,韩国对中国出口额翻倍至166亿美元,对美国出口额激增118%至142亿美元。中国、美国、越南三大目",网易,Media,https://m.163.com/dy/article/L7BHGR9F051288FS.html,Watch,,1,2,2,1.5,C,留在事件库供检索，但未达到本周正文相关性、证据质量或去重要求。,Database_Only,留在事件库供检索，但未达到本周正文相关性、证据质量或去重要求。,,,Pass A query 21; search discovery record pending full-text verification.,Yes
2026W39-WEB-232,2026-09-21,2026-09-21,US,Technology,Chip;AI,全球芯片LOF将于2026年9月22日开市起至10:30停牌_凤凰网,全球芯片LOF将于2026年9月22日开市起至10:30停牌_凤凰网,"每经AI快讯,9月21日消息,全球芯片LOF(501225)将于2026年9月22日开市起停牌,自2026年9月22日10:30起复牌,停牌期间赎回业务照常办理。每日经济新闻",凤凰网,Media,https://news.ifeng.com/c/8wbbL3nlPQ5,Watch,,1,2,2,1.5,C,留在事件库供检索，但未达到本周正文相关性、证据质量或去重要求。,Database_Only,留在事件库供检索，但未达到本周正文相关性、证据质量或去重要求。,,,Pass A query 21; search discovery record pending full-text verification.,Yes
2026W39-WEB-233,2026-09-21,2026-09-21,US,Policy,AI,"2026 ""Top 100 AI Go Global Future Unicorns List"" released","2026 ""Top 100 AI Go Global Future Unicorns List"" released","On September 19, the Release Ceremony of the 2026 ""Top 100 AI Go Global Future Unicorns List"" and the Artificial Intelligence Scenario Matchmaking Conference were held at the Nanning International Convention and Exhibition Center, serving as a key supporting event for the 23rd China-ASEAN Expo. The event was hosted by the China-ASEAN Expo Secretariat and co-organized by Hangzhou Chuansongmen Network Technology Co., Ltd. and the Guangxi ASEAN Cross Border E-commerce Headquarters Base. At the event, the 2026 ""Top 100 AI Go Global Future Unicorns List"" was released, and a number of cooperation projects were signed.With continued focus on AI enterprises going global as set in 2025, the list this year has closely aligned with the development of AI industries in China and the local application",南宁市人民政府门户网站,Official,https://english.nanning.gov.cn/Business_2025/AI_Nanning_2025/t6735496.html,S_Core,,1,2,2,1.5,C,留在事件库供检索，但未达到本周正文相关性、证据质量或去重要求。,Database_Only,留在事件库供检索，但未达到本周正文相关性、证据质量或去重要求。,,,Pass A query 21; search discovery record pending full-text verification.,Yes
2026W39-WEB-235,2026-09-21,2026-09-21,China,Policy,AI,工业和信息化部等五部门关于组织开展2026年度国家绿色算力设施推荐工作的通知,工业和信息化部等五部门关于组织开展2026年度国家绿色算力设施推荐工作的通知,"各省、自治区、直辖市及计划单列市、新疆生产建设兵团工业和信息化主管部门、发展改革委、金融监管部门、机关事务管理部门、能源部门,各省、自治区、直辖市通信管理局,中国电信集团有限公司、中国移动通信集团有限公司、中国联合网络通信集团有限公司、中国广播电视网络集团有限公司:为贯彻落实中共中央办公厅、国务院办公厅《关于更高水平更高质量做好节能降碳工作的意见》,支持发展绿色低碳、集约循环的算力设施,加快数字基础设施节能降碳,现组织开展2026年度国家绿色算力设施推荐工作。有关事项通知如下:一、推荐要求在工业、信息通信、能源、互联网、金融、公共机构等领域,对照《国家绿色算力设施评价指标体系》(附件1),推荐一批能效、碳效水平高,且绿色低碳、布局合理、技术先进、管理完善的绿色算力设施,算力设施类型包括智算设施、通算设施、超算设施等。推荐的算力设施应具备以下条件:(一)算力设施所有者具有独立法人资格,算力设施产权清晰,具有明确、完整的物理边界,拥有独立的供配电和制冷系统,且截至申报日已全系统连续稳定运行1年以上。(二)符合国家新型基础设施绿色高质量发展有关规划和布局要求,审批手续完备,实现规模化、集约化、绿色化、智能化建设。2022年以后新建的大型、超大型算力设施,原则上应位于全国一体化算力网络枢纽以及国家明确的算电协同试点区域范围内。(三)算力设施规模不小于3000个标准机架(公共机构、金融领域算力设施以及智算设施除外),上架率不低于60%,算力资源使用率处于行业先进。(四)算力设施绿色发展水平应达到《绿色数据中心评价》(GB/T 44989)二级及以上等级。电能利用效率达到《数据中心能效限定值及能效等级》(GB 40879)中的2级及以上水平。采用的服务器能效应达到《塔式和机架式服务器能效限定值及能效等级》(GB 43630)等规定的节能水平及以上。风电、光伏等可再生能源电量占比不低于",中华人民共和国工业和信息化部,Official,https://wap.miit.gov.cn/jgsj/jns/gzdt/art/2026/art_ca5bc3edeff248dda5919a6d211489a5.html,S_Core,,1,2,2,1.5,C,留在事件库供检索，但未达到本周正文相关性、证据质量或去重要求。,Database_Only,留在事件库供检索，但未达到本周正文相关性、证据质量或去重要求。,,,Pass A query 23; search discovery record pending full-text verification.,Yes
2026W39-WEB-236,2026-09-21,2026-09-21,China,Policy,AI,工业和信息化部等五部门关于组织开展2026年度国家绿色算力设施推荐工作的通知,工业和信息化部等五部门关于组织开展2026年度国家绿色算力设施推荐工作的通知,"工信厅联节函〔2026〕433号各省、自治区、直辖市及计划单列市、新疆生产建设兵团工业和信息化主管部门、发展改革委、金融监管部门、机关事务管理部门、能源部门,各省、自治区、直辖市通信管理局,中国电信集团有限公司、中国移动通信集团有限公司、中国联合网络通信集团有限公司、中国广播电视网络集团有限公司:为贯彻落实中共中央办公厅、国务院办公厅《关于更高水平更高质量做好节能降碳工作的意见》,支持发展绿色低碳、集约循环的算力设施,加快数字基础设施节能降碳,现组织开展2026年度国家绿色算力设施推荐工作。有关事项通知如下:一、推荐要求在工业、信息通信、能源、互联网、金融、公共机构等领域,对照《国家绿色算力设施评价指标体系》(附件1),推荐一批能效、碳效水平高,且绿色低碳、布局合理、技术先进、管理完善的绿色算力设施,算力设施类型包括智算设施、通算设施、超算设施等。推荐的算力设施应具备以下条件:(一)算力设施所有者具有独立法人资格,算力设施产权清晰,具有明确、完整的物理边界,拥有独立的供配电和制冷系统,且截至申报日已全系统连续稳定运行1年以上。(二)符合国家新型基础设施绿色高质量发展有关规划和布局要求,审批手续完备,实现规模化、集约化、绿色化、智能化建设。2022年以后新建的大型、超大型算力设施,原则上应位于全国一体化算力网络枢纽以及国家明确的算电协同试点区域范围内。(三)算力设施规模不小于3000个标准机架(公共机构、金融领域算力设施以及智算设施除外),上架率不低于60%,算力资源使用率处于行业先进。(四)算力设施绿色发展水平应达到《绿色数据中心评价》(GB/T 44989)二级及以上等级。电能利用效率达到《数据中心能效限定值及能效等级》(GB 40879)中的2级及以上水平。采用的服务器能效应达到《塔式和机架式服务器能效限定值及能效等级》(GB 43630)等规定的节能水平及以上。风电",中华人民共和国工业和信息化部,Official,https://www.miit.gov.cn/zwgk/zcwj/wjfb/tz/art/2026/art_37e463f44fbd44ed9b0fdf4833c3aacd.html,S_Core,,1,2,2,1.5,C,留在事件库供检索，但未达到本周正文相关性、证据质量或去重要求。,Database_Only,留在事件库供检索，但未达到本周正文相关性、证据质量或去重要求。,,,Pass A query 23; search discovery record pending full-text verification.,Yes
2026W39-WEB-238,2026-09-21,2026-09-21,China,Technology,AI,一图读懂《关于组织开展2026年度国家绿色算力设施推荐工作的通知》,一图读懂《关于组织开展2026年度国家绿色算力设施推荐工作的通知》,一图读懂《关于组织开展2026年度国家绿色算力设施推荐工作的通知》 发布时间:2026-09-21 09:00 来源:节能与综合利用司,中华人民共和国工业和信息化部,Official,https://wap.miit.gov.cn/jgsj/jns/gzdt/art/2026/art_a4733fc904034673b988d515d6376018.html,S_Core,,1,2,2,1.5,C,留在事件库供检索，但未达到本周正文相关性、证据质量或去重要求。,Database_Only,留在事件库供检索，但未达到本周正文相关性、证据质量或去重要求。,,,Pass A query 23; search discovery record pending full-text verification.,Yes
2026W39-WEB-239,2026-09-21,2026-09-21,China,Policy,AI,工业和信息化部等五部门组织开展2026年度国家绿色算力设施推荐工作,工业和信息化部等五部门组织开展2026年度国家绿色算力设施推荐工作,"近日,为贯彻落实中共中央办公厅、国务院办公厅《关于更高水平更高质量做好节能降碳工作的意见》,支持发展绿色低碳、集约循环的算力设施,加快数字基础设施节能降碳,工业和信息化部等五部门联合印发《关于组织开展2026年度国家绿色算力设施推荐工作的通知》(工信厅联节函〔2026〕433号,以下简称《通知》),组织开展国家绿色算力设施推荐工作。《通知》明确了国家绿色算力设施推荐工作的具体要求和程序,发布《2026年度国家绿色算力设施评价指标体系》(以下简称《指标体系》)。按照全面实施碳排放总量和强度双控制度相关工作要求,《指标体系》在“十四五”时期评价基础上进行了优化调整。新版《指标体系》包括能源利用水平、碳排放管理水平、水资源利用水平、算力资源利用水平等4个方面:从评价内容来看,新纳入单位算力能效、碳利用效率、数字化碳管理、产品碳足迹等指标要求,进一步突出能效、碳效引领;从评价赋分来看,提升了碳利用效率、水资源利用效率、可再生能源电量占比、机柜资源利用(上架率)水平等关键指标分值,进一步强调绿色低碳、集约循环的总体要求。此外,《通知》提出对上一年度电能利用效率等关键指标达不到相关要求的,或存在其他不符合国家绿色算力设施要求的单位,将联合相关部门动态调整出国家绿色算力设施名单。下一步,工业和信息化部将按照《通知》要求,做好国家绿色算力设施遴选推广工作,充分发挥国家绿色算力设施引领带动作用,推动算力设施加快实施节能降碳改造,促进绿色低碳发展。",中华人民共和国工业和信息化部,Official,https://wap.miit.gov.cn/jgsj/jns/gzdt/art/2026/art_51d825822f27433e9f305c358568c1f3.html,S_Core,,1,2,2,1.5,C,留在事件库供检索，但未达到本周正文相关性、证据质量或去重要求。,Database_Only,留在事件库供检索，但未达到本周正文相关性、证据质量或去重要求。,,,Pass A query 23; search discovery record pending full-text verification.,Yes
2026W39-WEB-241,2026-09-21,2026-09-21,China,Policy,AI,工业和信息化部节能与综合利用司课题委托研究征集公告,工业和信息化部节能与综合利用司课题委托研究征集公告,"为贯彻落实党中央、国务院决策部署,加强新能源汽车动力电池回收利用重大问题和政策储备研究,现向社会公开征集课题研究单位。具体事项公告如下。一、研究题目及要点(一)生产者责任延伸制度在动力电池领域落地实施管理机制研究研究要点:梳理国内外生产者责任延伸制度的法规要求和典型实践模式,分析当前我国新能源汽车生产企业、动力电池生产企业履行回收主体责任的现状、存在的问题,结合《中华人民共和国生态环境法典》要求,研究提出适配我国的动力电池领域生产者责任延伸制度落地的具体实施方案及政策建议。(二)动力电池再生材料使用比例提升路径和激励政策举措研究研究要点:梳理国内外再生材料使用的管理模式和典型实践经验,系统剖析当前动力电池再生材料在追溯管理、应用推广等环节存在的短板,构建适配我国动力电池产业体系的再生材料追溯与认证机制,提出提升再生材料使用比例的系统性实施路径及可落地的激励举措建议。(三)碳中和背景下废旧动力电池回收利用降碳效果评估研究研究要点:梳理国内外碳足迹、碳排放方面的核算方式和典型实践案例,结合我国废旧动力电池综合利用行业实际情况,分析当前综合利用行业的降碳效益,研究将其纳入全国温室气体自愿减排交易市场的可行性,并针对性提出意见建议。(四)废旧动力电池资源跨境循环利用模式政策研究研究要点:梳理国内外废旧动力电池、锂离子电池用再生黑粉等资源跨境循环利用的贸易规则和典型实践模式,系统研判当前跨境运输、国际标准对接等方面的要求与风险挑战,探索适配我国产业发展的再生资源跨境循环利用的长效发展模式,形成配套政策与落地举措建议。(五)废旧动力电池回收利用国内外数字化管理实践路径与政策研究研究要点:梳理国内外废旧动力电池回收利用数字化管理的政策工具、发展现状和典型实践模式,分析当前数字化管理在跨主体数据互通、技术标准协同、细分场景落地等方面存在的问题与瓶颈约束,结合数字技术迭代方向与行业监管要求",中华人民共和国工业和信息化部,Official,https://www.miit.gov.cn/jgsj/jns/gzdt/art/2026/art_5f30cf20c1404f0194d0da2659c2cb4d.html,S_Core,,1,2,2,1.5,C,留在事件库供检索，但未达到本周正文相关性、证据质量或去重要求。,Database_Only,留在事件库供检索，但未达到本周正文相关性、证据质量或去重要求。,,,Pass A query 23; search discovery record pending full-text verification.,Yes
2026W39-WEB-246,2026-09-21,2026-09-21,China,Policy,AI,青海通信管理局召开树立和践行正确政绩观学习教育总结会,青海通信管理局召开树立和践行正确政绩观学习教育总结会,"近日,青海省通信管理局召开树立和践行正确政绩观学习教育总结会,青海省通信管理局党组书记、局长李毅作总结讲话,全局党员干部参会。会议深入学习习近平党建思想和习近平总书记重要指示精神,学习中央党的建设工作领导小组会议精神,认真落实工业和信息化部、青海省委党的建设工作领导小组会议要求,总结全局树立和践行正确政绩观学习教育开展情况,研究部署巩固拓展学习教育成果工作。会议指出,学习教育开展以来,全局党员干部理论武装不断深化,党性修养持续淬炼,履职导向更加鲜明,干事创业精气神进一步提振,推动全省信息通信业高质量发展取得积极成效。会议强调,树立和践行正确政绩观是一项长期任务,必须久久为功,不断巩固拓展学习教育成果。一是深化理论武装,夯实思想根基。坚持不懈强化党的创新理论武装,持续深入学习贯彻习近平党建思想,促使党员干部常态化研学深思,在日常履职中站稳立场,把思想认识转化为干事的实际行动。二是做实问题整改,完善长效机制。结合行业“十五五” 发展规划以及李乐成部长在青海调研时工作要求,进一步抓好查摆问题整改,严格落实销号管理机制,对未完成的整改事项持续跟踪问效,对已完成的整改事项适时复盘检视,坚决防止问题回潮。三是聚焦主责主业,服务中心大局。积极营造风清气正的政治生态和干事创业的良好氛围,主动对标国家战略导向和全省发展大局,充分发挥信息通信业战略性、先导性、基础性作用,切实把巩固提升信息通信业竞争优势和领先地位的各项任务抓实抓细抓到位。四是压实各级责任,巩固学习成效。要扛好自身责任,杜绝松口气、应付过关的想法,把正确政绩观要求融入日常监管工作,持续推动各级党组织和全体党员干部立党为公、为民造福、科学决策、真抓实干,在现代化新青海建设中创造经得起实践、人民、历史检验的实绩。",中华人民共和国工业和信息化部,Official,https://www.miit.gov.cn/xwfb/gxdt/dfdt/art/2026/art_4f0cdf25297e4505b303dd4ef080a288.html,S_Core,,1,2,2,1.5,C,留在事件库供检索，但未达到本周正文相关性、证据质量或去重要求。,Database_Only,留在事件库供检索，但未达到本周正文相关性、证据质量或去重要求。,,,Pass A query 23; search discovery record pending full-text verification.,Yes
2026W39-SUP-249,2026-09-21,2026-09-21,China,Policy,AI,第二批拟入选制造业数字化转型促进中心建设主体名单公示,第二批拟入选制造业数字化转型促进中心建设主体名单公示,"按照《工业和信息化部办公厅关于开展第二批制造业数字化转型促进中心建设工作的通知》(工信厅规函〔2026〕238号),经建设主体申报、地方推荐、专家评审等程序,形成第二批拟入选制造业数字化转型促进中心建设主体名单。现予以公示,如有异议,请在公示期内以书面(实名)形式反馈至工业和信息化部规划司。公示期:2026年9月17日至2026年9月24日联系电话:010-68205103传真:010-66038830附件:第二批拟入选制造业数字化转型促进中心建设主体名单工业和信息化部规划司2026年9月17日",中华人民共和国工业和信息化部,Official,https://wap.miit.gov.cn/zwgk/wjgs/art/2026/art_983135fd25a94131a380389b770e278f.html,S_Core,,1,2,2,1.5,C,留在事件库供检索，但未达到本周正文相关性、证据质量或去重要求。,Database_Only,留在事件库供检索，但未达到本周正文相关性、证据质量或去重要求。,,,Targeted supplemental search supp-search-cn-01.json; pending full-text verification.,Yes
2026W39-SUP-254,2026-09-21,2026-09-21,China,Policy,AI,国家发展改革委9月份新闻发布会-国家发展和改革委员会,国家发展改革委9月份新闻发布会-国家发展和改革委员会,"定于9月22日(星期二)上午10:00,召开国家发展改革委9月份新闻发布会,欢迎关注。 国家发展改革委政策研究室2026年9月21日",中华人民共和国国家发展和改革委员会,Official,https://www.ndrc.gov.cn/xwdt/wszb/9yfbh/wap_index.html,S_Core,,1,2,2,1.5,C,留在事件库供检索，但未达到本周正文相关性、证据质量或去重要求。,Database_Only,留在事件库供检索，但未达到本周正文相关性、证据质量或去重要求。,,,Targeted supplemental search supp-search-cn-03.json; pending full-text verification.,Yes
2026W39-SUP-257,2026-09-21,2026-09-21,China,Policy,AI,【《粮油仓储物流设施保护办法》 2026年第46号】-国家发展和改革委员会,【《粮油仓储物流设施保护办法》 2026年第46号】-国家发展和改革委员会,"中华人民共和国国家发展和改革委员会令第46号 《粮油仓储物流设施保护办法》已经2026年9月4日第35次委务会议审议通过,现予公布,自2026年11月1日起施行。主任:郑栅洁2026年9月7日",中华人民共和国国家发展和改革委员会,Official,https://www.ndrc.gov.cn/xxgk/zcfb/fzggwl/202609/t20260921_1407733_ext.html,S_Core,,1,2,2,1.5,C,留在事件库供检索，但未达到本周正文相关性、证据质量或去重要求。,Database_Only,留在事件库供检索，但未达到本周正文相关性、证据质量或去重要求。,,,Targeted supplemental search supp-search-cn-03.json; pending full-text verification.,Yes
2026W39-SUP-260,2026-09-21,2026-09-21,China,Policy,AI,【关于印发浙江高质量发展建设共同富裕示范区经验做法(第三批)的通知(发改办就业〔2026〕610号)】-国家发展和改革委员会,【关于印发浙江高质量发展建设共同富裕示范区经验做法(第三批)的通知(发改办就业〔2026〕610号)】-国家发展和改革委员会,"国家发展改革委办公厅关于印发浙江高质量发展建设共同富裕示范区经验做法(第三批)的通知发改办就业〔2026〕610号各省、自治区、直辖市及计划单列市、新疆生产建设兵团发展改革委: 共同富裕是中国特色社会主义的本质要求,是中国式现代化的重要特征。2021年5月,党中央和国务院印发《关于支持浙江高质量发展建设共同富裕示范区的意见》(中发〔2021〕24号)。五年来,浙江认真贯彻落实党中央和国务院决策部署,积极开展实践探索,共同富裕示范区建设取得明显实质性进展,形成了一批可复制、可推广的经验。为充分发挥浙江共同富裕示范区建设的示范带动作用,在此前推广的两批经验基础上,现印发浙江高质量发展建设共同富裕示范区经验做法(第三批)。各地区要深入贯彻党中央和国务院决策部署,牢固树立和践行正确政绩观,立足自身条件,因地制宜找准切入点,稳扎稳打、循序渐进探索促进共同富裕的有效路径。国家发展改革委办公厅2026年8月16日",中华人民共和国国家发展和改革委员会,Official,https://www.ndrc.gov.cn/xxgk/zcfb/tz/202609/t20260921_1407748.html,S_Core,,1,2,2,1.5,C,留在事件库供检索，但未达到本周正文相关性、证据质量或去重要求。,Database_Only,留在事件库供检索，但未达到本周正文相关性、证据质量或去重要求。,,,Targeted supplemental search supp-search-cn-03.json; pending full-text verification.,Yes
2026W39-SUP-263,2026-09-21,2026-09-21,China,Policy,Commercial_Space;AI,【NDRC Chairman Zheng Shanjie Meets with Chairman of Indonesia's National Economic Council Luhut Bins,【NDRC Chairman Zheng Shanjie Meets with Chairman of Indonesia's National Economic Council Luhut Binsar Pandjaitan】-National Development and Reform Commission (NDRC) People's Republic of China,"On 17 September 2026, Chairman of the NDRC Zheng Shanjie met with Chairman of Indonesia’s National Economic Council Luhut Binsar Pandjaitan in Beijing. The two sides had friendly and in-depth exchanges on deepening China-Indonesia practical cooperation in various fields and reached consensus on the direction of future cooperation.Zheng Shanjie stated that under the strategic guidance of the two heads of state of China and Indonesia, bilateral relations have maintained a sound momentum of development. China and Indonesia are geographically close and economically complementary. NDRC stands ready to work with relevant Indonesian government authorities to jointly implement the consensus reached by the two heads of state, further deepen the alignment of development strategies, continue to adva",中华人民共和国国家发展和改革委员会,Official,https://en.ndrc.gov.cn/news/pressreleases/pressreleasespic/202609/t20260921_1407747.html,S_Core,,1,2,2,1.5,C,留在事件库供检索，但未达到本周正文相关性、证据质量或去重要求。,Database_Only,留在事件库供检索，但未达到本周正文相关性、证据质量或去重要求。,,,Targeted supplemental search supp-search-cn-03.json; pending full-text verification.,Yes
2026W39-SUP-269,2026-09-21,2026-09-21,China,Technology,Commercial_Space,"关于""十五五""对外技术合作科研 (民用航天领域)第一批项目指南发布的通告","关于""十五五""对外技术合作科研 (民用航天领域)第一批项目指南发布的通告","关于""十五五""对外技术合作科研 (民用航天领域)第一批项目指南发布的通告 为拓展民用航天领域国际合作创新发展,根据工作安排,《关于印发""十五五""对外技术合作科研(民用航天领域)第一批项目指南的通知》现已正式发布,鼓励各类企事业单位积极申报,各单位可按相应渠道查阅申报要求和指南内容。 特此通告。 国家航天局国际合作司 2026年9月21日",国家航天局,Official,https://www.cnsa.gov.cn/n6758823/n6758839/c10774720/content.html,S_Core,,1,2,2,1.5,C,留在事件库供检索，但未达到本周正文相关性、证据质量或去重要求。,Database_Only,留在事件库供检索，但未达到本周正文相关性、证据质量或去重要求。,,,Targeted supplemental search supp-search-cn-05.json; pending full-text verification.,Yes
2026W39-SUP-271,2026-09-21,2026-09-21,China,Policy,AI,国家科技管理信息系统公共服务平台,国家科技管理信息系统公共服务平台,关于国家重点研发计划“重大需求导向的数学理论及应用”等重点专项2026年度项目申报指南征求意见的通知 发布时间:2026年09月21日 来源:国家自然科学基金委员会计划与政策局,科学技术部网站,Official,https://service.most.gov.cn/kjjh_tztg_all/20260921/5877.html,S_Core,,1,2,2,1.5,C,留在事件库供检索，但未达到本周正文相关性、证据质量或去重要求。,Database_Only,留在事件库供检索，但未达到本周正文相关性、证据质量或去重要求。,,,Targeted supplemental search supp-search-cn-06.json; pending full-text verification.,Yes
2026W39-SUP-276,2026-09-21,2026-09-21,China,Policy,AI,国家科技管理信息系统公共服务平台,国家科技管理信息系统公共服务平台,"关于国家重点研发计划“资源循环利用”重点专项2026年度项目申报指南征求意见的通知 发布时间:2026年09月21日 来源:中国资源循环集团有限公司 请登录系统,在“公开公示—指南征求意见”菜单栏中查看指南征求意见材料。",科学技术部网站,Official,https://service.most.gov.cn/kjjh_tztg_all/20260921/5883.html,S_Core,,1,2,2,1.5,C,留在事件库供检索，但未达到本周正文相关性、证据质量或去重要求。,Database_Only,留在事件库供检索，但未达到本周正文相关性、证据质量或去重要求。,,,Targeted supplemental search supp-search-cn-06.json; pending full-text verification.,Yes
2026W39-SUP-284,2026-09-21,2026-09-21,China,Technology,AI,浙江省委副书记、宁波市委书记王成强调:乘势而进深化建设全域高水平创新型城市-中华人民共和国科学技术部,浙江省委副书记、宁波市委书记王成强调:乘势而进深化建设全域高水平创新型城市-中华人民共和国科学技术部,"浙江省委副书记、宁波市委书记王成强调:乘势而进深化建设全域高水平创新型城市 日期: 2026年09月21日 09:53 来源: 宁波市科学技术局 9月7日上午,宁波市委教育科技人才一体推进机制会议举行。省委副书记、市委书记王成主持会议并讲话。他强调,要深入学习贯彻习近平总书记关于一体推进教育科技人才发展的重要论述,深化落实省委十五届九次全会和市委十四届十次全会部署要求,紧紧围绕创新浙江建设“四梁八柱”,乘势而进深化建设全域高水平创新型城市,在以科技创新塑造发展新优势上走在前列,为全国全省大局作出更大贡献。 沈铭权、张丽、金彦、蒋伟峰、奚明、徐强及崔平、胡海达出席。会议总结今年以来各项工作进展,审议相关文件,教育、科技、人才、经信等部门作工作汇报,宁波东方理工大学、甬江实验室、西北工业大学宁波研究院作交流发言。 王成指出,今年以来,各级各部门深入贯彻习近平总书记“4+1”重要要求和省委“132”总体工作部署,以打造上海(长三角)国际科技创新中心关键支点和首批国家新型工业化示范区为牵引,各项工作取得积极进展。要保持战略定力,聚焦短板弱项,持续做深做透“两篇大文章”,全力建设一流创新生态,让“浙里创新、甬生万物”成为宁波创新最靓丽的名片。 王成强调,要更大力度深化教育科技人才一体改革发展,紧抓不放建设高能级创新平台,紧贴创新步伐做强高等教育,紧跟形势发展深化人才“引育留用”,让更多人才和企业选择宁波、扎根宁波。要更大力度推动科技创新和产业创新深度融合,强化企业创新主体地位,加强创新型企业梯队培育,深化完善“四题一评”工作机制,提升科技成果转化质效,推动更多科技成果落地转化。要更大力度推进人工智能创新发展,夯实人工智能基础设施,积极发展人工智能核心产业,推动人工智能赋能千行百业,加快建设国家人工智能应用中试基地,培育壮大“全身、全屋、全车、全厂”人工智能产品矩阵。要更大力度建设一",科学技术部网站,Official,https://www.most.gov.cn/dfkj/zj/zxdt/202609/t20260921_197378.html,S_Core,,1,2,2,1.5,C,留在事件库供检索，但未达到本周正文相关性、证据质量或去重要求。,Database_Only,留在事件库供检索，但未达到本周正文相关性、证据质量或去重要求。,,,Targeted supplemental search supp-search-cn-06.json; pending full-text verification.,Yes
2026W39-SUP-285,2026-09-21,2026-09-21,China,Policy,Commercial_Space,海南省委书记冯飞在海南省科技厅调研时强调聚焦重点领域打造科技创新策源地 促进科技创新和产业创新深度融合-中华人民共和国科学技术部,海南省委书记冯飞在海南省科技厅调研时强调聚焦重点领域打造科技创新策源地 促进科技创新和产业创新深度融合-中华人民共和国科学技术部,"海南省委书记冯飞在海南省科技厅调研时强调聚焦重点领域打造科技创新策源地 促进科技创新和产业创新深度融合 日期: 2026年09月21日 09:52 来源: 海南省科学技术厅 8月25日,海南省委书记冯飞在海南省科学技术厅走访调研并主持召开座谈会,深入了解树立和践行正确政绩观学习教育开展和海南省科技创新工作等情况。 冯飞来到海南省科学技术厅相关业务处室,详细了解国际人才引进使用、基础研究开展、科技创新和产业创新发展等情况。他指出,要强化顶层设计,建立人才常态化沟通联系机制,聚力打造境外人才服务管理“一套政策、一个平台、一个网络”,持续提升国际人才吸引力;尊重科技创新规律,用好科研资金,聚焦商业航天、生物医药等产业发展需求,加快打造基础研究支撑平台,推动基础研究与应用研究融通发展;强化企业科技创新主体地位,培育产业创新联盟,拓宽产业创新路径,促进创新链、产业链、资金链、人才链深度融合。 冯飞在座谈会上肯定近年来海南省科技创新工作取得的阶段性成效。他强调,海南省科学技术厅要巩固拓展学习教育成果,深入学习领会习近平总书记关于科技创新的重要论述,发挥海南独特优势,聚焦重点领域,坚持实事求是、久久为功,做实做细各项科技创新工作,切忌急功近利、确保干一件成一件,努力把学习教育成果转化为科技强省建设实效。要聚焦重点打造科技创新策源地,聚焦种业创新,打通基础研究、技术攻关、落地应用全链条,推动科技成果转化与农业高质量发展精准对接;聚焦深海科技,完善体制机制,建强科研人才队伍,持续拓展深海科技创新深度;聚焦航天科技,搭建高水平创新平台,引进高层次科技人才,努力打造空天科技创新战略高地。要加快补齐产业创新短板,发挥海南独特场景优势,坚持“五向图强”、创新驱动,科学谋划布局建设一批高能级产业创新平台,促进科技创新和产业创新深度融合,完善科技创新与产业发展生态,形成创新驱动经济发展新模式。要深化科",科学技术部网站,Official,https://www.most.gov.cn/dfkj/hain/zxdt/202609/t20260921_197377.html,S_Core,,1,2,2,1.5,C,留在事件库供检索，但未达到本周正文相关性、证据质量或去重要求。,Database_Only,留在事件库供检索，但未达到本周正文相关性、证据质量或去重要求。,,,Targeted supplemental search supp-search-cn-06.json; pending full-text verification.,Yes
2026W39-SUP-286,2026-09-21,2026-09-21,China,Technology,Commercial_Space,哈尔滨市科技局组织32家单位精准对接大科学工程-中华人民共和国科学技术部,哈尔滨市科技局组织32家单位精准对接大科学工程-中华人民共和国科学技术部,"日期: 2026年09月21日 09:49 来源: 哈尔滨市科学技术局 为深入落实创新驱动发展战略,促进国家重大科技基础设施开放共享,切实降低企业研发成本,近日,哈尔滨市科学技术局组织32家企事业单位70余名技术负责人及研发骨干,赴哈尔滨工业大学“空间环境地面模拟装置”大科学工程,开展实地参观与技术对接活动,对接需求覆盖高端装备、电子信息制造、航空航天、生物医药、现代农业、新材料、新能源等7个产业领域。 活动期间,企业代表共同参观了综合环境模拟、离子加速器、微观机理分析与空间生命科学等分系统的核心实验设施,直观了解了大科学工程的技术优势、设备功能与科研应用场景。随后,企业代表们按对接方向分组,分别考察了材料检测与生物医药检测相关设备,通过实地观摩为后续精准合作奠定基础。 多家企业围绕20余项具体需求,与大科学工程相关负责人进行了深度交流,重点关注综合物性测量系统、系统级综合辐照试验舱、质子重离子加速器等装置性能,多功能高分辨电子成像系统、超高分辨率双光子共聚焦显微镜、小动物多模式活体三维成像仪等生命科学检测设备性能,高温透射电子显微镜、电子探针等材料分析设备性能,高端长寿命接地材料、石墨烯金属复合导电材料、等离子热喷涂等新材料技术,空间环境地面模拟装置的综合环境评价与验证能力等。 经过参观对接,部分企业表示将持续与大科学工程相关仪器负责人保持密切沟通,深入探讨后续合作方向。下一步,哈尔滨市科技局将常态化摸排企业对接需求,定期更新科研仪器开放共享清单,跟进对接合作进展,建立“需求征集—精准匹配—跟踪服务—落地转化”精准对接服务机制,打通高校顶尖科研资源与企业技术需求的对接壁垒,全力推动高校科研成果、大型科研设备资源向产业端转化落地。",科学技术部网站,Official,https://www.most.gov.cn/dfkj/hlj/zxdt/202609/t20260921_197375.html,S_Core,,1,2,2,1.5,C,留在事件库供检索，但未达到本周正文相关性、证据质量或去重要求。,Database_Only,留在事件库供检索，但未达到本周正文相关性、证据质量或去重要求。,,,Targeted supplemental search supp-search-cn-06.json; pending full-text verification.,Yes
2026W39-SUP-288,2026-09-21,2026-09-21,US,Policy,AI,"Presidential Message on National Historically Black Colleges and Universities Week, 2026 - The White","Presidential Message on National Historically Black Colleges and Universities Week, 2026 - The White House","Presidential Message on National Historically Black Colleges and Universities Week, 2026 For nearly two centuries, Historically Black Colleges and Universities (HBCUs) have opened doors of opportunity, cultivated excellence, and prepared generations of hardworking black Americans to become leaders in every field of national life. During National Historically Black Colleges and Universities Week, we honor that legacy and the enduring contributions of these storied institutions to our communities, our culture, and our country. Today, HBCUs are thriving as never before, home to nearly 300,000 students and producing the doctors, engineers, entrepreneurs, educators, and military officers who are lifting America to even greater heights. Throughout my first Administration, I took historic action",www.whitehouse.gov,Official,https://www.whitehouse.gov/briefings-statements/2026/09/presidential-message-on-national-historically-black-colleges-and-universities-week-2026/,S_Core,,1,2,2,1.5,C,留在事件库供检索，但未达到本周正文相关性、证据质量或去重要求。,Database_Only,留在事件库供检索，但未达到本周正文相关性、证据质量或去重要求。,,,Targeted supplemental search supp-search-us-05.json; pending full-text verification.,Yes
2026W39-SUP-291,2026-09-21,2026-09-21,US,Technology,AI,"First Lady Melania Trump Releases Details Ahead of His Excellency Xi Jinping, President of The Peopl","First Lady Melania Trump Releases Details Ahead of His Excellency Xi Jinping, President of The People’s Republic of China, and Madame Peng Liyuan’s Visit to The White House - The White House","Office of the First Lady First Lady Melania Trump Releases Details Ahead of His Excellency Xi Jinping, President of The People’s Republic of China, and Madame Peng Liyuan’s Visit to The White House President Donald J. Trump and First Lady Melania Trump will welcome His Excellency Xi Jinping, President of the People’s Republic of China and Madame Peng Liyuan to the White House on Thursday, September 24, 2026, for an official state visit. This visit comes more than a decade since President Xi and Madame Peng’s last visit to the White House, marking a significant milestone in the relationship between the two countries. On Wednesday, September 23, the President will greet His Excellency, Xi Jinping, President of the People’s Republic of China and Madame Peng Liyuan at Joint Base Andrews. On T",www.whitehouse.gov,Official,https://www.whitehouse.gov/briefings-statements/2026/09/first-lady-melania-trump-releases-details-ahead-of-his-excellency-xi-jinping-president-of-the-peoples-republic-of-china-and-madame-peng-liyuans-visit-to-the-white-house/,S_Core,,1,2,2,1.5,C,留在事件库供检索，但未达到本周正文相关性、证据质量或去重要求。,Database_Only,留在事件库供检索，但未达到本周正文相关性、证据质量或去重要求。,,,Targeted supplemental search supp-search-us-05.json; pending full-text verification.,Yes
2026W39-SUP-315,2026-09-21,2026-09-21,US,Technology,Commercial_Space;AI,NASA Astronaut Reid Wiseman Attends Ravens vs. Saints Game - NASA,NASA Astronaut Reid Wiseman Attends Ravens vs. Saints Game - NASA,"NASA astronaut and commander of the agency’s Artemis II mission, Reid Wiseman, a Baltimore native, takes a selfie with fans at an NFL game between the New Orleans Saints and the Baltimore Ravens at M&T Bank Stadium, Sunday, Sept. 20, 2026, in Baltimore. NASA’s engagement at NFL games is part of the agency’s Inspiration Tour, aimed at strengthening connections between NASA and its partners and showcasing innovation in air and space in the lead up to the MAX POWER aerospace technology expo and airshow at the agency’s Kennedy Space Center in early November. Image Credit: NASA/Bill Ingalls",NASA,Official,https://www.nasa.gov/image-article/nasa-astronaut-reid-wiseman-attends-ravens-vs-saints-game/,S_Core,,1,2,2,1.5,C,留在事件库供检索，但未达到本周正文相关性、证据质量或去重要求。,Database_Only,留在事件库供检索，但未达到本周正文相关性、证据质量或去重要求。,,,Targeted supplemental search supp-search-us-07.json; pending full-text verification.,Yes
2026W39-QCC-DOMESTIC-040,2026-09-21,2026-09-21,China,Financing,AI,微链视觉,微链视觉B轮融资记录,物理人工智能技术研发商；企查查披露金额：未披露。,企查查（境内）,Database,N/A,Manual,,1,2,2,1.5,C,留在事件库供检索，但未达到本周正文相关性、证据质量或去重要求。,Database_Only,留在事件库供检索，但未达到本周正文相关性、证据质量或去重要求。,,,QCC raw_id=829dcca1730cc7f8c5d2e4b27326e264；数据库线索不等于公司已公开确认，金额和日期保留原表口径。,No
2026W39-QCC-DOMESTIC-042,2026-09-21,2026-09-21,China,Financing,Chip,富乐德长江半导体,富乐德长江半导体A轮融资记录,半导体晶圆精密服务提供商；企查查披露金额：未披露。,企查查（境内）,Database,https://mp.weixin.qq.com/s/Hu7TAfwTmwbQJodySobSuw,Manual,,1,2,2,1.5,C,留在事件库供检索，但未达到本周正文相关性、证据质量或去重要求。,Database_Only,留在事件库供检索，但未达到本周正文相关性、证据质量或去重要求。,,,QCC raw_id=a3858d5c3f027ffbf4228e518950276a；数据库线索不等于公司已公开确认，金额和日期保留原表口径。,No
2026W39-QCC-DOMESTIC-043,2026-09-21,2026-09-21,China,Financing,Chip,易达新材料,易达新材料A轮融资记录,半导体清洁材料生产商；企查查披露金额：未披露。,企查查（境内）,Database,N/A,Manual,,1,2,2,1.5,C,留在事件库供检索，但未达到本周正文相关性、证据质量或去重要求。,Database_Only,留在事件库供检索，但未达到本周正文相关性、证据质量或去重要求。,,,QCC raw_id=e2e5927cc3df02cdd7ab0f108a973593；数据库线索不等于公司已公开确认，金额和日期保留原表口径。,No
2026W39-QCC-DOMESTIC-044,2026-09-21,2026-09-21,China,Financing,Commercial_Space,泰睿宇航,泰睿宇航天使轮融资记录,锂离子电池制造商；企查查披露金额：未披露。,企查查（境内）,Database,N/A,Manual,,1,2,2,1.5,C,留在事件库供检索，但未达到本周正文相关性、证据质量或去重要求。,Database_Only,留在事件库供检索，但未达到本周正文相关性、证据质量或去重要求。,,,QCC raw_id=1f40d6f46478bd55892deac821073005；数据库线索不等于公司已公开确认，金额和日期保留原表口径。,No
2026W39-QCC-DOMESTIC-045,2026-09-21,2026-09-21,China,Financing,Chip,芯界智元,芯界智元天使轮融资记录,集成电路设计服务商；企查查披露金额：未披露。,企查查（境内）,Database,N/A,Manual,,1,2,2,1.5,C,留在事件库供检索，但未达到本周正文相关性、证据质量或去重要求。,Database_Only,留在事件库供检索，但未达到本周正文相关性、证据质量或去重要求。,,,QCC raw_id=8c779a610e1189ca7def656a4c22c100；数据库线索不等于公司已公开确认，金额和日期保留原表口径。,No
2026W39-QCC-DOMESTIC-047,2026-09-21,2026-09-21,China,Financing,AI,莫奈可,莫奈可天使轮融资记录,AI智能眼镜；企查查披露金额：未披露。,企查查（境内）,Database,N/A,Manual,,1,2,2,1.5,C,留在事件库供检索，但未达到本周正文相关性、证据质量或去重要求。,Database_Only,留在事件库供检索，但未达到本周正文相关性、证据质量或去重要求。,,,QCC raw_id=f8344a5e05f941ed85e4656654fd55b2；数据库线索不等于公司已公开确认，金额和日期保留原表口径。,No
2026W39-QCC-DOMESTIC-048,2026-09-21,2026-09-21,China,Financing,AI,临界维度,临界维度种子轮融资记录,端侧AI系统研发商；企查查披露金额：未披露。,企查查（境内）,Database,N/A,Manual,,1,2,2,1.5,C,留在事件库供检索，但未达到本周正文相关性、证据质量或去重要求。,Database_Only,留在事件库供检索，但未达到本周正文相关性、证据质量或去重要求。,,,QCC raw_id=61caea60b4f874d696280cfee5204a79；数据库线索不等于公司已公开确认，金额和日期保留原表口径。,No
2026W39-QCC-DOMESTIC-049,2026-09-21,2026-09-21,China,Financing,AI,思若宁科技,思若宁科技种子轮融资记录,AI 医疗硬件研发商；企查查披露金额：数百万元。,企查查（境内）,Database,https://mp.weixin.qq.com/s?__biz=MzY4MTEyMzcyMA==&mid=2247491557&idx=2&sn=ed32f74b580d29d483adf5e4d7f7b507&poc_token=HH0NsWqj6Jglu-Kh-SqERzQlLpOMqTPLNzXtR9P8,Manual,,1,2,2,1.5,C,留在事件库供检索，但未达到本周正文相关性、证据质量或去重要求。,Database_Only,留在事件库供检索，但未达到本周正文相关性、证据质量或去重要求。,,,QCC raw_id=bc9225846baf2de4796ec05cbea27e79；数据库线索不等于公司已公开确认，金额和日期保留原表口径。,No
2026W39-QCC-OVERSEAS-027,2026-09-21,2026-09-21,Global,Financing,AI,Rainmaker Technology,Rainmaker TechnologyB轮融资记录,无人机人工增雨科技研发商；企查查披露金额：1亿美元。,企查查（境外）,Database,https://mp.weixin.qq.com/s?__biz=MjM5NTM2OTcwMA==&mid=2653963189&idx=4&sn=474d3442d1b75699f6331557cfc22f0a&poc_token=HDPksWqjSXODx3IEeuWBVqIg7GhroVRQUdbmqMzV,Manual,,1,2,2,1.5,C,留在事件库供检索，但未达到本周正文相关性、证据质量或去重要求。,Database_Only,留在事件库供检索，但未达到本周正文相关性、证据质量或去重要求。,,,QCC raw_id=ba6894dfe8bd7300812cd545f31e381e；数据库线索不等于公司已公开确认，金额和日期保留原表口径。,No
2026W39-QCC-OVERSEAS-028,2026-09-21,2026-09-21,Global,Financing,AI,Transient AI,Transient AIA轮融资记录,安全AI操作系统研发商；企查查披露金额：未披露。,企查查（境外）,Database,https://www.nasdaq.com/press-release/transient-secures-investment-nasdaq-ventures-advance-bank-grade-governance-0,Manual,,1,2,2,1.5,C,留在事件库供检索，但未达到本周正文相关性、证据质量或去重要求。,Database_Only,留在事件库供检索，但未达到本周正文相关性、证据质量或去重要求。,,,QCC raw_id=c461b58b384021da077ebd4ba66caa73；数据库线索不等于公司已公开确认，金额和日期保留原表口径。,No
2026W39-QCC-OVERSEAS-029,2026-09-21,2026-09-21,Global,Financing,AI,HydroSight,HydroSight种子轮融资记录,企业级 AI 海洋勘测平台提供商；企查查披露金额：500万美元。,企查查（境外）,Database,https://t.10jqka.com.cn/pid_696200363.shtml,Manual,,1,2,2,1.5,C,留在事件库供检索，但未达到本周正文相关性、证据质量或去重要求。,Database_Only,留在事件库供检索，但未达到本周正文相关性、证据质量或去重要求。,,,QCC raw_id=47a6eb5aa441379df492aa9f4d81e6ca；数据库线索不等于公司已公开确认，金额和日期保留原表口径。,No
2026W39-QCC-OVERSEAS-030,2026-09-21,2026-09-21,Global,Financing,AI,Kairos Power,Kairos Power战略融资融资记录,核能商业化服务提供商；企查查披露金额：7000万美元。,企查查（境外）,Database,https://mp.weixin.qq.com/s?__biz=MjM5NTM2OTcwMA==&mid=2653963249&idx=2&sn=b04e5fe84e7eaf0363b2b7bf551935e9&poc_token=HHzqsWqjt6a3fJt7qWBmLQegJ-Xi--l1emIe53oe,Manual,,1,2,2,1.5,C,留在事件库供检索，但未达到本周正文相关性、证据质量或去重要求。,Database_Only,留在事件库供检索，但未达到本周正文相关性、证据质量或去重要求。,,,QCC raw_id=3c3d71e8fa49f87e9456e864e1707217；数据库线索不等于公司已公开确认，金额和日期保留原表口径。,No
2026W39-WEB-056,2026-09-22,2026-09-22,China,Financing,Commercial_Space,"一张图看懂商业航天!火箭+卫星全产业链标的盘点!商业航天行业正在加速发展,火箭发_财富号_东方财富网","一张图看懂商业航天!火箭+卫星全产业链标的盘点!商业航天行业正在加速发展,火箭发_财富号_东方财富网","一张图看懂商业航天!火箭+卫星全产业链标的盘点!商业航天行业正在加速发展,火箭发射、卫星组网项目持续落地,这条长产业链里细分赛道众多。今天咱们一次性梳理清楚,从火箭制造、卫星配套到国家队、北交所相关标的,理清整个板块的布局逻辑。1. 火箭赛道火箭是商业航天的根基。细分方向包含固体火箭、推进剂、发动机、零部件、火箭回收等。中天火箭是固体火箭代表;九丰能源主营推进剂;航天动力、豪能股份聚焦发动机;还有大量零部件配套企业,以及蓝箭火箭、火箭回收相关上市公司,是上游硬件核心环节。2. 卫星赛道卫星板块细分方向最多,也是资金关注度较高的区域。涵盖卫星组装制造、射频/通信/遥感等各类有效载荷、卫星平台、地面天线、信关站、移动端设备,还有卫星运营、恒信卫星、千帆星座相关标的。上下游配套企业数量多,覆盖卫星从生产到地面应用的全流程。3. 国家队与北交所标的航天科技、航天科工两大央企是行业国家队,手握航天晨光、中国卫星、航天动力等核心资产。北交所同样沉淀一批小盘优质标的,适合挖掘细分成长机会。商业航天属于长期成长赛道,但板块题材属性强,股价容易受消息刺激大幅波动,不同细分赛道业绩兑现节奏不一样,切勿盲目追高,选股要理性甄别。郑重提醒:股市有风险,投资需谨慎。本文仅为产业链信息客观梳理,不构成任何投资建议,据此操作风险自担。#收盘点评# #炒股日记# #强势机会# $N中塑(SZ301686)$ $哈药股份(SH600664)$ $中国长城(SZ000066)$ # 收盘点评# 郑重声明:用户在社区发表的所有信息将由本网站记录保存,仅代表作者个人观点,与本网站立场无关,不对您构成任何投资建议,据此操作风险自担。请勿相信代客理财、免费荐股和炒股培训等宣传内容,远离非法证券活动。请勿添加发言用户的手机号码、公众号、微博、微信及QQ等信息,谨防上当受骗! 郑重声明:东方财富网发布此信息的目的在于传",财富号,Media,https://caifuhao.eastmoney.com/news/20260922181307938049100,Watch,,1,2,2,1.5,C,留在事件库供检索，但未达到本周正文相关性、证据质量或去重要求。,Database_Only,留在事件库供检索，但未达到本周正文相关性、证据质量或去重要求。,,,Pass A query 4; search discovery record pending full-text verification.,Yes
2026W39-WEB-058,2026-09-22,2026-09-22,China,Financing,Commercial_Space,"商业航天概念板块业绩分化,配套环节率先兑现|界面新闻 · 快讯","商业航天概念板块业绩分化,配套环节率先兑现|界面新闻 · 快讯","9月中旬,商业航天领域接连完成多次成功发射,高密度的组网发射节奏直接提振了市场情绪。Wind数据显示,9月21日商业航天概念板块表现活跃,万得商业航天概念指数上涨1.31%,多只成分股上涨。人士认为,商业航天板块正从概念驱动转向订单驱动,产业盈利兑现在分化中逐步展开。上游配套企业率先受益于星座组网提速带来的订单放量,中下游总体集成与数据应用环节业绩有所承压。随着可回收火箭技术进入工程验证深水区,板块投资逻辑正从事件驱动向业绩兑现切换,订单正加速向配套卡位明确的企业集中。(中证报)",界面新闻,Media,https://www.jiemian.com/article/15124165.html,Watch,,1,2,2,1.5,C,留在事件库供检索，但未达到本周正文相关性、证据质量或去重要求。,Database_Only,留在事件库供检索，但未达到本周正文相关性、证据质量或去重要求。,,,Pass A query 4; search discovery record pending full-text verification.,Yes
2026W39-WEB-059,2026-09-22,2026-09-22,China,Financing,Commercial_Space,商业航天板块业绩分化 配套环节率先兑现,商业航天板块业绩分化 配套环节率先兑现,"据中证报,9月中旬,商业航天领域接连完成多次成功发射,高密度的组网发射节奏直接提振了市场情绪。Wind数据显示,9月21日商业航天概念板块表现活跃,万得商业航天概念指数上涨1.31%,多只成份股上涨。分析人士认为,商业航天板块正从概念驱动转向订单驱动,产业盈利兑现在分化中逐步展开。上游配套企业率先受益于星座组网提速带来的订单放量,中下游总体集成与数据应用环节业绩有所承压。随着可回收火箭技术进入工程验证深水区,板块投资逻辑正从事件驱动向业绩兑现切换,订单正加速向配套卡位明确的企业集中。",第一财经,Media,https://www.yicai.com/video/103373563.html,Watch,,1,2,2,1.5,C,留在事件库供检索，但未达到本周正文相关性、证据质量或去重要求。,Database_Only,留在事件库供检索，但未达到本周正文相关性、证据质量或去重要求。,,,Pass A query 4; search discovery record pending full-text verification.,Yes
2026W39-WEB-066,2026-09-22,2026-09-22,US,Policy,AI,"美国联邦航空管理局(FAA)表示,当前还不明确纽约区域各个机场的地面停飞命令什么时候才可以取消。_外汇动态报道","美国联邦航空管理局(FAA)表示,当前还不明确纽约区域各个机场的地面停飞命令什么时候才可以取消。_外汇动态报道","汇通财经APP讯——美国联邦航空管理局(FAA)表示,当前还不明确纽约区域各个机场的地面停飞命令什么时候才可以取消。",汇通财经,Media,https://www.fx678.com/C/20260922/202609220201231128.html,Watch,,1,2,2,1.5,C,留在事件库供检索，但未达到本周正文相关性、证据质量或去重要求。,Database_Only,留在事件库供检索，但未达到本周正文相关性、证据质量或去重要求。,,,Pass A query 5; search discovery record pending full-text verification.,Yes
2026W39-WEB-091,2026-09-22,2026-09-22,US,Financing,Chip,26.09.21 基金定投第265天~基金盈收648元~_场内,26.09.21 基金定投第265天~基金盈收648元~_场内,"26.09.21 基金定投第265天~基金盈收648元~ 26.09.21 基金定投第265天~基金盈收648元~ 场内定投230元;场外定投65元。 返回搜狐,查看更多 阅读 () 平台声明 该文观点仅代表作者本人,搜狐号系信息发布平台,搜狐仅提供信息存储空间服务。",搜狐,Media,https://www.sohu.com/a/1079634777_121204694?scm=10001.1435_13-100000-0_8000.0-0.0-1-0-0-0.0_118,Watch,,1,2,2,1.5,C,留在事件库供检索，但未达到本周正文相关性、证据质量或去重要求。,Database_Only,留在事件库供检索，但未达到本周正文相关性、证据质量或去重要求。,,,Pass A query 7; search discovery record pending full-text verification.,Yes
2026W39-WEB-104,2026-09-22,2026-09-22,US,Policy,Chip;AI,2026年9月美国旧金山人工智能算力与数据中心基础设施展,2026年9月美国旧金山人工智能算力与数据中心基础设施展,"全球人工智能大模型迭代与边缘计算节点扩张正推动数据中心建设进入高密度部署阶段。为满足GPU集群与加速计算设备的稳定运行需求,海外市场对高可靠性供电系统、智能配电柜及模块化电力基础设施的采购标准持续收紧。在此背景下,2026年9月29日至10月1日,美国旧金山将举办人工智能算力与数据中心基础设施展(CoreWeave Fully Connected 2026),该活动定于莫松中心(Moscone Center)举行,集中展示支撑下一代AI与高性能计算的核心硬件架构与能源配套体系。本届展会围绕算力密集型创新场景展开,展品范围涵盖数据中心级不间断电源、高压开关设备、变压器、母线槽、精密配电单元以及微模块电力集成方案。随着AI训练与推理负载向规模化演进,传统电网接入模式已难以满足瞬时峰值功率要求,现场将重点呈现支持液冷服务器集群的高密度直流供电架构、智能电网管理系统及冗余电力切换技术。相关技术演示将覆盖从市电引入到机柜末端的全链路配电设计,直观反映海外头部云厂商对电力设备能效比与故障恢复时间的硬性指标。对于国内电力设备制造商与外贸渠道商而言,参与此类算力基建主题展会具有明确的选型对标与供应链切入价值。海外数据中心项目通常采用EPC总承包模式,核心电力组件需通过UL、CE等认证并纳入原厂推荐名录。参展方可在现场直接对比国际主流品牌的电气参数与散热协同设计,了解欧美市场对绿色电力分配与碳排放核算的Zui新合规要求。同时,展会汇聚的工程师团队与项目决策者能够为企业后续承接海外机房改造、新能源微电网配套及储能并网业务提供精准的客户对接路径。展会具体举办周期为2026年9月29日至10月1日,地点位于美国加利福尼亚州旧金山莫松中心(含北馆、南馆与西馆)。主办方未公开详细招展手册,但官方信息页面已同步更新场馆布局与议程安排。专业观众群体以云计算架构师、数据中心设施经理、电力自动化工程师及海外工",顺企网公司新闻和企业动态,Media,https://blog.11467.com/b19946039.htm,Watch,,1,2,2,1.5,C,留在事件库供检索，但未达到本周正文相关性、证据质量或去重要求。,Database_Only,留在事件库供检索，但未达到本周正文相关性、证据质量或去重要求。,,,Pass A query 8; search discovery record pending full-text verification.,Yes
2026W39-WEB-113,2026-09-22,2026-09-22,China,Policy,Commercial_Space;AI,外媒:中国稳步推进商业航天计划_腾讯新闻,外媒:中国稳步推进商业航天计划_腾讯新闻,"参考消息网9月22日报道 据塔斯社9月20日报道,据悉,此次卫星发射于北京时间9月20日12时03分在东风商业航天创新试验区进行,使用了力箭一号遥十八运载火箭。报道称,此次发射的卫星包括秦岭卫星01星、02星,鹏城首发星,超智算一号卫星,谛听01组A/B/C星,浦江四号卫星和云霄探路者卫星。力箭一号运载火箭是四级固体运载火箭,可将2吨有效载荷送入低地球轨道,将1.5吨有效载荷送入太阳同步轨道。这是力箭一号运载火箭的第16次任务,也是其今年的第5次任务。报道指出,中国正积极推进航天计划,研制气象、通信和导航卫星,以及用于月球探索的相关技术。在国家支持下,中国专家正在研究对小行星和火星的探索。中国空间站在近地轨道运行,同时开放国际合作。2025年,中国共实施92次航天发射,刷新了自己的纪录。另据阿联酋通讯社网站9月20日报道,中国20日从位于西北地区的东风商业航天创新试验区成功发射了9颗卫星。这些卫星由力箭一号遥十八运载火箭搭载升空,顺利进入预定轨道。报道称,此次发射是力箭系列运载火箭的第17次发射,该系列火箭由商业航天公司中科宇航研制。截至目前,力箭系列运载火箭已成功将一艘飞船和121颗卫星送入太空,入轨载荷总质量超过21吨。据中科宇航介绍,力箭一号运载火箭的发射任务排期已规划至2027年下半年。(编译/贺颖骏)",腾讯网,Media,https://news.qq.com/rain/a/20260922A07P4A00,Watch,,1,2,2,1.5,C,留在事件库供检索，但未达到本周正文相关性、证据质量或去重要求。,Database_Only,留在事件库供检索，但未达到本周正文相关性、证据质量或去重要求。,,,Pass A query 9; search discovery record pending full-text verification.,Yes
2026W39-WEB-149,2026-09-22,2026-09-22,China,Policy,Commercial_Space,"18颗千帆卫星升空!中国两天两发火箭,意味不一般_腾讯新闻","18颗千帆卫星升空!中国两天两发火箭,意味不一般_腾讯新闻","中国商业航天公司连续两天成功发射,将18颗千帆卫星送上太空。其中,朱雀二号改进型遥七运载火箭于9月15日发射,以“一箭十星”方式将千帆极轨19组卫星送入预定轨道。随后的9月16日6:00,引力一号遥三运载火箭又成功完成了8颗千帆星座组网卫星和1颗EUHT技术试验卫星的发射任务。两天两发商业火箭,说明中国的商业航天已经渐渐从探索阶段走入日常运营阶段。更重要的是,它们发射的千帆卫星被称为“中国版星链”,是打破美国垄断,抢占近地轨道资源和频谱资源的重要项目。两家商业航天公司都早就和上海垣信卫星科技有限公司签了合同,并且已经通过其他发射任务证明了火箭的可靠性,但迟迟没能落实千帆星座的部署。如今朱雀二号和引力一号先后完成千帆星座部署,双方克服的实则是心理顾虑。两发火箭圆满完成任务,算是为千帆星座的商业化部署开了个好头,从此步入正轨。这个星座此前部署了两百多颗卫星,但都是靠国家队发射的,只是权宜之计。归根结底,未来1.5万颗卫星还是要依赖商业火箭。随着两次任务的圆满成功,千帆星座部署数量已经来到256颗。根据规划,垣信卫星要在今年年底前部署324颗卫星,意味着还有68颗等着升空。从商业航天公司的角度讲,正式参与到千帆星座的部署中,标志着不需要再依赖零零散散、不定期的“拼凑式”任务,而是有稳定的订单和常态化运行了。这对整个产业链的健康循环来说是好事,也有助于两家公司通过更多发射任务积累数据和经验,推动可回收火箭的研发。另据东方空间引力一号总设计师兼总指挥徐国光介绍,本次发射任务将引力一号的运载能力几乎用满,只有100多公斤的弹道余量。这意味着火箭的整体运力潜力几乎得到了极限释放,单次发射的经济效益和任务价值达到了当前构型下的最高水平。根据东方空间的官方信息,引力一号在年内还有3次卫星批量发射任务,将主要服务于大型卫星互联网星座的组网。照此来看,该型火箭还将继续参与到千帆星座的部署中。蓝箭",腾讯网,Media,https://news.qq.com/rain/a/20260922A03BPB00,Watch,,1,2,2,1.5,C,留在事件库供检索，但未达到本周正文相关性、证据质量或去重要求。,Database_Only,留在事件库供检索，但未达到本周正文相关性、证据质量或去重要求。,,,Pass A query 11; search discovery record pending full-text verification.,Yes
2026W39-WEB-162,2026-09-22,2026-09-22,China,Technology,Commercial_Space,观智潮·数贸观察|打开飞向空天的“锁”_腾讯新闻,观智潮·数贸观察|打开飞向空天的“锁”_腾讯新闻,"潮新闻客户端 张云山 祝瑶1957年,斯普特尼克1号发出的“哔哔”声,让人类第一次听见太空的回响。近70年之后,朱雀三号一子级稳稳落回地面的那一刻,浙江也听见了自己的回响。一根近3米的不锈钢箭体,立在杭州大会展中心浙江开发区“数链空天”展区的中心。箭体表面泛着冷光,底部9台发动机簇拥成一圈。这是蓝箭航天朱雀三号遥二运载火箭模型,真箭长66.1米,是模型的20倍。2026年8月19日7时35分,它的真身从东风商业航天创新试验区腾空而起,把鸿鹄03星送入预定轨道后,一子级稳稳落回地面。这是我国首次成功实施重复使用运载火箭一子级着陆腿方式回收。蓝箭航天朱雀三号遥二运载火箭模型(张云山/摄)在第五届全球数字贸易博览会2号主题馆展区,卫星组件体验台、火箭发射模拟器、低空无人机展位已经就位。数贸会之上,仰望“浙江星空”,这里藏着怎样的科创故事?一把想飞向空天的“锁”在第五届数贸会2号馆的展台上,几把泛着冷光的蓝色“小锁”格外吸睛。别看它们个头不大,却是某型直升机机体上不可或缺的“关节”——这些带着“浙江制造”印记的航空锁,随机巡守祖国山河,也见证着中国航空装备飞向更广阔的天地。天润航空展示的“小锁”(张云山/摄)“我们的锁具主要用在飞机、飞行器、无人机需要频繁打开的维护口盖、整流罩、设备舱盖板上,承担紧固功能。”天润航空此次参展数贸会,意在大力开拓商业航天赛道。“我们的产品同样适配卫星、火箭等航天装备,现阶段已有多家意向客户正在对接洽谈。”天润航空的工作人员指着展品介绍,为了把这把“锁”攥在自己手里,这群热爱蓝天的玉环天润人在国家科研院所的支持下,坚持自主研发,硬是冲破了技术壁垒,研制出属于中国人自己的航空“锁”。如今,这类产品不仅实现了自主可控,性能足以媲美进口产品,价格却只有同类进口产品的三分之一,真正做到了物美价廉、底气十足。此次亮相数贸会,天润航空盼着借助这个平台,让更多行业客",腾讯网,Media,https://news.qq.com/rain/a/20260922A02SHY00,Watch,,1,2,2,1.5,C,留在事件库供检索，但未达到本周正文相关性、证据质量或去重要求。,Database_Only,留在事件库供检索，但未达到本周正文相关性、证据质量或去重要求。,,,Pass A query 12; search discovery record pending full-text verification.,Yes
2026W39-WEB-168,2026-09-22,2026-09-22,China,Technology,Commercial_Space;AI,一周超30颗卫星入轨 商业航天进入密集发射期,一周超30颗卫星入轨 商业航天进入密集发射期,"据记者不完全统计,9月14日至9月20日一周内,我国共完成六次火箭发射,将超过30颗卫星送入预定轨道。从低轨宽带星座组网到科学试验,从西北戈壁到东部海上,国家队与商业火箭企业同台发力,陆海发射场协同配合,我国商业航天正以前所未有的节奏进入高密度发射期。 ● 本报记者王婧涵 多型火箭连发 近一周,朱雀二号改进型、引力一号、长征十二号、快舟十一号、长征二号丁、力箭一号等多款火箭接连发射,任务均取得成功。近期发射任务中,国家队和商业火箭企业各占半壁江山。 9月15日,蓝箭航天朱雀二号改进型遥七运载火箭在东风商业航天创新试验区点火升空,以一箭10星方式将上海垣信卫星科技有限公司千帆极轨19组卫星送入预定轨道。这是我国民营商业航天企业首次承担大型卫星互联网星座组网任务,完成了一箭多星、星箭协同、卫星批量部署以及火箭末级钝化离轨的整套工程流程,意味着民营航天企业已深入参与国家级空天基础设施建设。 次日,东方空间引力一号遥三运载火箭便在上海东部海域接续执行千帆星座发射任务,将千帆极轨26组卫星及EUHT技术试验卫星共9颗卫星顺利送入预定轨道。两家商业火箭公司连续两天为同一大型星座运送组网卫星,在我国尚属首次。 9月20日,中科宇航力箭一号遥十八运载火箭又在东风商业航天创新试验区以“一箭9星”方式,将“超智算一号”等9颗卫星送入预定轨道。 值得关注的是,头部商业火箭企业已普遍形成多型号并行、批量化交付的供给能力。 蓝箭航天市场营销部总经理马海静向记者表示,朱雀二号改进型是公司承担常态化商业发射任务的重要型号,主要面向当前市场和客户的实际需求;朱雀三号可回收火箭则面向未来更大运力、更高频次的发射需求。两型火箭一子级均采用天鹊12A发动机、二子级均采用天鹊15A发动机,并均通过气动推杆完成一二级分离,技术上相互助力、市场上相互补充。此次遥七任务距朱雀三号遥二火箭一子级陆地回收仅20多天,表明",行业研究相关资讯内容,Media,https://field.10jqka.com.cn/20260922/c680142478.shtml,Watch,,1,2,2,1.5,C,留在事件库供检索，但未达到本周正文相关性、证据质量或去重要求。,Database_Only,留在事件库供检索，但未达到本周正文相关性、证据质量或去重要求。,,,Pass A query 12; search discovery record pending full-text verification.,Yes
2026W39-WEB-169,2026-09-22,2026-09-22,China,Technology,Commercial_Space;AI,一周超30颗卫星入轨 商业航天进入密集发射期 - 21经济网,一周超30颗卫星入轨 商业航天进入密集发射期 - 21经济网,"据记者不完全统计,9月14日至9月20日一周内,我国共完成六次火箭发射,将超过30颗卫星送入预定轨道。从低轨宽带星座组网到科学试验,从西北戈壁到东部海上,国家队与商业火箭企业同台发力,陆海发射场协同配合,我国商业航天正以前所未有的节奏进入高密度发射期。多型火箭连发近一周,朱雀二号改进型、引力一号、长征十二号、快舟十一号、长征二号丁、力箭一号等多款火箭接连发射,任务均取得成功。近期发射任务中,国家队和商业火箭企业各占半壁江山。9月15日,蓝箭航天朱雀二号改进型遥七运载火箭在东风商业航天创新试验区点火升空,以一箭10星方式将上海垣信卫星科技有限公司千帆极轨19组卫星送入预定轨道。这是我国民营商业航天企业首次承担大型卫星互联网星座组网任务,完成了一箭多星、星箭协同、卫星批量部署以及火箭末级钝化离轨的整套工程流程,意味着民营航天企业已深入参与国家级空天基础设施建设。次日,东方空间引力一号遥三运载火箭便在上海东部海域接续执行千帆星座发射任务,将千帆极轨26组卫星及EUHT技术试验卫星共9颗卫星顺利送入预定轨道。两家商业火箭公司连续两天为同一大型星座运送组网卫星,在我国尚属首次。9月20日,中科宇航力箭一号遥十八运载火箭又在东风商业航天创新试验区以“一箭9星”方式,将“超智算一号”等9颗卫星送入预定轨道。值得关注的是,头部商业火箭企业已普遍形成多型号并行、批量化交付的供给能力。蓝箭航天市场营销部总经理马海静向记者表示,朱雀二号改进型是公司承担常态化商业发射任务的重要型号,主要面向当前市场和客户的实际需求;朱雀三号可回收火箭则面向未来更大运力、更高频次的发射需求。两型火箭一子级均采用天鹊12A发动机、二子级均采用天鹊15A发动机,并均通过气动推杆完成一二级分离,技术上相互助力、市场上相互补充。此次遥七任务距朱雀三号遥二火箭一子级陆地回收仅20多天,表明高频发射已能在两个型号并行的情况下",21经济网,Media,https://www.21jingji.com/article/20260922/herald/e50aac3f3fd3debb6b471786f9ac91c7.html,Watch,,1,2,2,1.5,C,留在事件库供检索，但未达到本周正文相关性、证据质量或去重要求。,Database_Only,留在事件库供检索，但未达到本周正文相关性、证据质量或去重要求。,,,Pass A query 12; search discovery record pending full-text verification.,Yes
2026W39-WEB-170,2026-09-22,2026-09-22,China,Technology,Commercial_Space;AI,一周超30颗卫星入轨 商业航天进入密集发射期_火箭_任务_星座,一周超30颗卫星入轨 商业航天进入密集发射期_火箭_任务_星座,"来源:中国证券报-中证网 据记者不完全统计,9月14日至9月20日一周内,我国共完成六次火箭发射,将超过30颗卫星送入预定轨道。从低轨宽带星座组网到科学试验,从西北戈壁到东部海上,国家队与商业火箭企业同台发力,陆海发射场协同配合,我国商业航天正以前所未有的节奏进入高密度发射期。 ● 本报记者 王婧涵 多型火箭连发 近一周,朱雀二号改进型、引力一号、长征十二号、快舟十一号、长征二号丁、力箭一号等多款火箭接连发射,任务均取得成功。近期发射任务中,国家队和商业火箭企业各占半壁江山。 9月15日,蓝箭航天朱雀二号改进型遥七运载火箭在东风商业航天创新试验区点火升空,以一箭10星方式将上海垣信卫星科技有限公司千帆极轨19组卫星送入预定轨道。这是我国民营商业航天企业首次承担大型卫星互联网星座组网任务,完成了一箭多星、星箭协同、卫星批量部署以及火箭末级钝化离轨的整套工程流程,意味着民营航天企业已深入参与国家级空天基础设施建设。 次日,东方空间引力一号遥三运载火箭便在上海东部海域接续执行千帆星座发射任务,将千帆极轨26组卫星及EUHT技术试验卫星共9颗卫星顺利送入预定轨道。两家商业火箭公司连续两天为同一大型星座运送组网卫星,在我国尚属首次。 9月20日,中科宇航力箭一号遥十八运载火箭又在东风商业航天创新试验区以“一箭9星”方式,将“超智算一号”等9颗卫星送入预定轨道。 值得关注的是,头部商业火箭企业已普遍形成多型号并行、批量化交付的供给能力。 蓝箭航天市场营销部总经理马海静向记者表示,朱雀二号改进型是公司承担常态化商业发射任务的重要型号,主要面向当前市场和客户的实际需求;朱雀三号可回收火箭则面向未来更大运力、更高频次的发射需求。两型火箭一子级均采用天鹊12A发动机、二子级均采用天鹊15A发动机,并均通过气动推杆完成一二级分离,技术上相互助力、市场上相互补充。此次遥七任务距朱雀三号遥二火箭一",搜狐,Media,https://www.sohu.com/a/1079493892_122014422?scm=10001.1429_13-1429_13-8002_8002.0-0.0-1-0-0-0.0,Watch,,1,2,2,1.5,C,留在事件库供检索，但未达到本周正文相关性、证据质量或去重要求。,Database_Only,留在事件库供检索，但未达到本周正文相关性、证据质量或去重要求。,,,Pass A query 12; search discovery record pending full-text verification.,Yes
2026W39-WEB-171,2026-09-22,2026-09-22,China,Technology,Commercial_Space;AI,一周超30颗卫星入轨 商业航天进入密集发射期_中国经济网--国家经济门户,一周超30颗卫星入轨 商业航天进入密集发射期_中国经济网--国家经济门户,"据记者不完全统计,9月14日至9月20日一周内,我国共完成六次火箭发射,将超过30颗卫星送入预定轨道。从低轨宽带星座组网到科学试验,从西北戈壁到东部海上,国家队与商业火箭企业同台发力,陆海发射场协同配合,我国商业航天正以前所未有的节奏进入高密度发射期。● 本报记者 王婧涵多型火箭连发近一周,朱雀二号改进型、引力一号、长征十二号、快舟十一号、长征二号丁、力箭一号等多款火箭接连发射,任务均取得成功。近期发射任务中,国家队和商业火箭企业各占半壁江山。9月15日,蓝箭航天朱雀二号改进型遥七运载火箭在东风商业航天创新试验区点火升空,以一箭10星方式将上海垣信卫星科技有限公司千帆极轨19组卫星送入预定轨道。这是我国民营商业航天企业首次承担大型卫星互联网星座组网任务,完成了一箭多星、星箭协同、卫星批量部署以及火箭末级钝化离轨的整套工程流程,意味着民营航天企业已深入参与国家级空天基础设施建设。次日,东方空间引力一号遥三运载火箭便在上海东部海域接续执行千帆星座发射任务,将千帆极轨26组卫星及EUHT技术试验卫星共9颗卫星顺利送入预定轨道。两家商业火箭公司连续两天为同一大型星座运送组网卫星,在我国尚属首次。9月20日,中科宇航力箭一号遥十八运载火箭又在东风商业航天创新试验区以“一箭9星”方式,将“超智算一号”等9颗卫星送入预定轨道。值得关注的是,头部商业火箭企业已普遍形成多型号并行、批量化交付的供给能力。蓝箭航天市场营销部总经理马海静向记者表示,朱雀二号改进型是公司承担常态化商业发射任务的重要型号,主要面向当前市场和客户的实际需求;朱雀三号可回收火箭则面向未来更大运力、更高频次的发射需求。两型火箭一子级均采用天鹊12A发动机、二子级均采用天鹊15A发动机,并均通过气动推杆完成一二级分离,技术上相互助力、市场上相互补充。此次遥七任务距朱雀三号遥二火箭一子级陆地回收仅20多天,表明高频发射已能在",中国经济网,Media,http://www.ce.cn/xwzx/gnsz/gdxw/202609/t20260922_3228736.shtml,Watch,,1,2,2,1.5,C,留在事件库供检索，但未达到本周正文相关性、证据质量或去重要求。,Database_Only,留在事件库供检索，但未达到本周正文相关性、证据质量或去重要求。,,,Pass A query 12; search discovery record pending full-text verification.,Yes
2026W39-WEB-175,2026-09-22,2026-09-22,US,Policy,AI,2027款星际X官图 将于9月21日上市!网友:价格不变必火,2027款星际X官图 将于9月21日上市!网友:价格不变必火,"2026年9月,上汽大通正式发布2027款星际X官方外观及细节官图,官方确认这款定位皮卡3.0时代的全能乘用越野皮卡,将于9月21日正式上市。新车延续现款核心产品架构,未调整主力动力与定价体系,仅针对配置、底盘和场景化功能进行优化升级,平稳的产品迭代节奏引发行业及网友热议,不少网友表示,若新车维持原有售价,大概率会持续领跑细分市场。尺寸方面,2027款星际X标准版参数保持不变,整车长宽高为5500×2005×1860/1900mm,轴距3300mm,货箱尺寸1561×1610×535mm,车身空间表现延续实用属性,兼顾日常通勤与户外装载需求。新车重点升级越野硬件,搭载18英寸专属越野轮圈,优化底盘调校,依托星桥架构承载式车身,提升复杂路况通过性,同时保留城市代步的驾乘舒适性。动力总成沿用成熟的上汽π Plus 2.5T柴油发动机,最大功率165kW,峰值扭矩520N·m,1000转即可输出300N·m低速扭矩,匹配采埃孚8AT变速箱。越野配置搭载博格华纳超选四驱、全电控三把锁与ATS 3.0智慧全地形系统,支持四种驱动模式,扭矩最大放大2.64倍,具备3.5吨拖拽能力,越野性能稳定可靠。本次改款核心升级为“百变魔舱”拓展系统,货箱支持灵活改造,可适配露营、垂钓、户外穿越等多元场景,大幅提升车型实用性。目前新车完整配置已公开,售价延续现款18.58万元起的定价策略,亲民的准入门槛与全面的产品升级,让这款皮卡的市场认可度持续走高。",网易新闻客户端,Media,https://c.m.163.com/news/a/L7F4K622052781GQ.html,Watch,,1,2,2,1.5,C,留在事件库供检索，但未达到本周正文相关性、证据质量或去重要求。,Database_Only,留在事件库供检索，但未达到本周正文相关性、证据质量或去重要求。,,,Pass A query 13; search discovery record pending full-text verification.,Yes
2026W39-WEB-176,2026-09-22,2026-09-22,US,Technology,Commercial_Space,快讯-格隆汇,快讯-格隆汇,"首页 > 快讯 > 快讯详情 2026-09-22 格隆汇9月22日|据华尔街日报,SpaceX拟淘汰“猎鹰 9 号”,促使各方寻求发射载荷的新途径。",格隆汇,Media,https://www.gelonghui.com/live/2682984,Watch,,1,2,2,1.5,C,留在事件库供检索，但未达到本周正文相关性、证据质量或去重要求。,Database_Only,留在事件库供检索，但未达到本周正文相关性、证据质量或去重要求。,,,Pass A query 13; search discovery record pending full-text verification.,Yes
2026W39-WEB-184,2026-09-22,2026-09-22,China,Policy,AI,"湖北发放“算力券”提升补贴比例,我国词元需求呈现爆发式增长丨盘前线索 - 21经济网","湖北发放“算力券”提升补贴比例,我国词元需求呈现爆发式增长丨盘前线索 - 21经济网","9月21日,湖北省人民政府办公厅印发《湖北省三四季度长短结合促进经济稳中向好若干措施》,其中提出发放""算力券"",提升补贴比例,将模型、词元等服务模式纳入补贴范围,切实降低中小微企业、科创团队用算门槛。我国智能算力规模由2021年的159EFLOPS提升至2026年上半年的2185EFLOPS,工信部规划2030年达到9800EFLOPS。全国一体化算力网建设已纳入""十五五""规划重大工程,截至2026年7月底,全国智算总规模达到245万PFLOPS,较2025年底的159万PFLOPS增长约54%。八大国家算力枢纽和三个算电协同发展区已建成智算规模占全国比重超过85%。随着智能算力进一步向国家枢纽节点集中,大型、超大型智算中心建设有望持续推进,并逐步转化为数据中心厂房、动力楼等建筑实物工作量。上海证券指出,算力需求拉动Token经济,算力网持续织密。中国电信研究院发布的报告显示,随着人工智能产业发展重心从大模型和算力竞争转向智能体规模落地、应用变现,我国词元需求呈现爆发式增长。预计2026年我国Token年消耗量将达到10亿亿,到2030年将超过3500亿亿,年复合增长率接近12倍。预计未来2至3年,我国算力需求平均每年将增长近10倍。截至今年6月,我国智算规模达2185EFLOPS,同比增长177%。华源证券认为,全国一体化算力网建设已纳入""十五五""规划重大工程,截至2026年7月底,全国智算总规模达到245万PFLOPS,较2025年底的159万PFLOPS增长约54%。八大国家算力枢纽和三个算电协同发展区已建成智算规模占全国比重超过85%。随着智能算力进一步向国家枢纽节点集中,大型、超大型智算中心建设有望持续推进。""十五五""期间算力中心土建投资空间约1726至2697亿元。东方证券表示,国产前沿大模型性能升级驱动国产算力需求高增。DeepSeek V4.1 Flash",21经济网,Media,https://www.21jingji.com/article/20260922/herald/12f7c8ff306f7ccb735d73d16be80e02.html,Watch,,1,2,2,1.5,C,留在事件库供检索，但未达到本周正文相关性、证据质量或去重要求。,Database_Only,留在事件库供检索，但未达到本周正文相关性、证据质量或去重要求。,,,Pass A query 17; search discovery record pending full-text verification.,Yes
2026W39-WEB-187,2026-09-22,2026-09-22,China,Policy,AI,"湖北:发放“算力券”,提升补贴比例,将模型、词元等服务模式纳入补贴范围-我的钢铁网","湖北:发放“算力券”,提升补贴比例,将模型、词元等服务模式纳入补贴范围-我的钢铁网","智能摘要 内容由AI生成 湖北省印发措施促进经济稳中向好,提到发放“算力券”,提升补贴比例,并将模型、词元等服务纳入补贴,降低用算门槛;对制造业创新中心等按研发投入10%-20%给予最高500万元补贴;重大技术攻关项目按研发投入15%补助,单个最高1000万元;设立科创种子基金,投资损失容忍率提至80%。此外,支持绿电直连、多式联运及软件产业发展,推动房地产和建筑业平稳健康发展。 9月21日,湖北省人民政府湖北省人民政府办公厅印发关于《湖北省三四季度长短结合促进经济稳中向好若干措施》的通知,提到加力推进“六张网”建设。建立项目储备库及年度重大项目清单,安排省预算内投资前期工作费支持重大项目推进。支持各地积极探索“厂网一体、供排综合管理”及特许经营模式,鼓励各类企业参与城市地下管网“投建管运”。深化国有水资源水工程资产化改革,培育壮大现代绿色水经济。发放“算力券”,提升补贴比例,将模型、词元等服务模式纳入补贴范围,切实降低中小微企业、科创团队用算门槛。支持新建负荷、出口型企业等有绿色电力消费需求的市场主体、工业园区利用周边新能源资源开展绿电直连。安排财政资金重点支持多式联运体系构建、城乡双向流通和应急保供物流补短板、供应链创新与应用等领域项目。 加力培育壮大新兴产业和未来产业。支持和服务保障企业开展产品技术创新、商业模式创新、经营管理创新,对各类制造业创新中心、中试平台等产业创新平台,分别按照平台研发投入的10%、20%给予最高500万元补贴。组织实施重大技术攻关“揭榜挂帅”,按项目研发投入的15%予以补助,单个项目最高1000万元。加快算网存用协同发展,每年评选若干专用模型(含高质量数据集、智能体),按研发费用一定比例给予牵头研发单位不超过500万元补助。促进数据流通交易,对积极参与数据价值化活动的市场主体给予“数据券”补助。省政府引导基金联合重点高校、实验室、孵化器、中",我的钢铁网,Media,https://news.mysteel.com/a/26092208/7610E6D393F9AE2A.html,Watch,,1,2,2,1.5,C,留在事件库供检索，但未达到本周正文相关性、证据质量或去重要求。,Database_Only,留在事件库供检索，但未达到本周正文相关性、证据质量或去重要求。,,,Pass A query 17; search discovery record pending full-text verification.,Yes
2026W39-WEB-188,2026-09-22,2026-09-22,China,Policy,AI,"湖北发放“算力券”提升补贴比例,我国词元需求呈现爆发式增长丨盘前线索_腾讯新闻","湖北发放“算力券”提升补贴比例,我国词元需求呈现爆发式增长丨盘前线索_腾讯新闻","9月21日,湖北省人民政府办公厅印发《湖北省三四季度长短结合促进经济稳中向好若干措施》,其中提出发放""算力券"",提升补贴比例,将模型、词元等服务模式纳入补贴范围,切实降低中小微企业、科创团队用算门槛。我国智能算力规模由2021年的159EFLOPS提升至2026年上半年的2185EFLOPS,工信部规划2030年达到9800EFLOPS。全国一体化算力网建设已纳入""十五五""规划重大工程,截至2026年7月底,全国智算总规模达到245万PFLOPS,较2025年底的159万PFLOPS增长约54%。八大国家算力枢纽和三个算电协同发展区已建成智算规模占全国比重超过85%。随着智能算力进一步向国家枢纽节点集中,大型、超大型智算中心建设有望持续推进,并逐步转化为数据中心厂房、动力楼等建筑实物工作量。上海证券指出,算力需求拉动Token经济,算力网持续织密。中国电信研究院发布的报告显示,随着人工智能产业发展重心从大模型和算力竞争转向智能体规模落地、应用变现,我国词元需求呈现爆发式增长。预计2026年我国Token年消耗量将达到10亿亿,到2030年将超过3500亿亿,年复合增长率接近12倍。预计未来2至3年,我国算力需求平均每年将增长近10倍。截至今年6月,我国智算规模达2185EFLOPS,同比增长177%。华源证券认为,全国一体化算力网建设已纳入""十五五""规划重大工程,截至2026年7月底,全国智算总规模达到245万PFLOPS,较2025年底的159万PFLOPS增长约54%。八大国家算力枢纽和三个算电协同发展区已建成智算规模占全国比重超过85%。随着智能算力进一步向国家枢纽节点集中,大型、超大型智算中心建设有望持续推进。""十五五""期间算力中心土建投资空间约1726至2697亿元。东方证券表示,国产前沿大模型性能升级驱动国产算力需求高增。DeepSeek V4.1 Flash模",腾讯网,Media,https://news.qq.com/rain/a/20260922A030ZE00,Watch,,1,2,2,1.5,C,留在事件库供检索，但未达到本周正文相关性、证据质量或去重要求。,Database_Only,留在事件库供检索，但未达到本周正文相关性、证据质量或去重要求。,,,Pass A query 17; search discovery record pending full-text verification.,Yes
2026W39-WEB-197,2026-09-22,2026-09-22,China,Financing,Chip;AI,"最强国产 AI 芯片阿里平头哥真武 V900 发布,全新磐久超节点服务器明年 Q1 上市 - IT之家","最强国产 AI 芯片阿里平头哥真武 V900 发布,全新磐久超节点服务器明年 Q1 上市 - IT之家","IT之家 9 月 22 日消息,由阿里集团主办的 2026 云栖大会于 9 月 22 日至 24 日在杭州国际博览中心举行。IT之家在大会现场获悉,阿里平头哥发布了最强国产 AI 芯片 —— 真武 V900,这是一款训推一体 AI 芯片,算力提升至真武 M890 的 3 倍,支持 216GB 显存、1200GB/s 片间互联、FP8/FP4 精度。阿里宣布,搭载平头哥真武 V900、ICN Switch、磐脉及镇岳芯片的全新磐久超节点服务器将于 2027 年 Q1 上市。此外,阿里云灵骏真武 M890 超节点实例 GP9A 已对外提供服务,成为国内首个成功运行超 2 万亿参数大模型的超节点形态算力。IT之家从大会现场获悉,阿里平头哥还预告了下一代 AI 芯片 —— 真武 J900,自研并行计算架构将迎来跨越革新,计划 2028 年 Q3 上市。",IT之家,Media,https://www.ithome.com/1/005/602.htm,Watch,,1,2,2,1.5,C,留在事件库供检索，但未达到本周正文相关性、证据质量或去重要求。,Database_Only,留在事件库供检索，但未达到本周正文相关性、证据质量或去重要求。,,,Pass A query 18; search discovery record pending full-text verification.,Yes
2026W39-WEB-198,2026-09-22,2026-09-22,China,Financing,Chip;AI,最强国产AI芯片阿里平头哥真武V900发布_凤凰网,最强国产AI芯片阿里平头哥真武V900发布_凤凰网,"IT之家 9 月 22 日消息,由阿里集团主办的 2026 云栖大会于 9 月 22 日至 24 日在杭州国际博览中心举行。IT之家从大会现场获悉,阿里平头哥发布了最强国产 AI 芯片 —— 真武 V900,这是一款训推一体 AI 芯片,算力提升至真武 M890 的 3 倍,支持 216GB 显存、1200GB/s 片间互联、FP8/FP4 精度。阿里宣布,搭载平头哥真武 V900、ICN Switch、磐脉及镇岳芯片的全新磐久超节点服务器将于 2027 年 Q1 上市。此外,阿里云灵骏真武 M890 超节点实例 GP9A 已对外提供服务,成为国内首个成功运行超 2 万亿参数大模型的超节点形态算力。IT之家从大会现场获悉,阿里平头哥还预告了下一代 AI 芯片 —— 真武 J900,自研并行计算架构将迎来跨越革新,计划 2028 年 3 月上市。",凤凰网,Media,https://tech.ifeng.com/c/8wcjxRKO7wd,Watch,,1,2,2,1.5,C,留在事件库供检索，但未达到本周正文相关性、证据质量或去重要求。,Database_Only,留在事件库供检索，但未达到本周正文相关性、证据质量或去重要求。,,,Pass A query 18; search discovery record pending full-text verification.,Yes
2026W39-WEB-200,2026-09-22,2026-09-22,China,Policy,Chip;AI,平头哥发布AI芯片真武V900_凤凰网,平头哥发布AI芯片真武V900_凤凰网,"人民财讯9月22日电,9月22日,在2026杭州云栖大会上,平头哥发布新一代训推一体AI芯片真武V900,性能为真武M890的三倍,成为目前算力性能最强的中国自研AI芯片。该芯片将于2027年第一季度量产售卖。当日,平头哥也公布了倚天服务器CPU的规划:2027年将推出倚天720和倚天730两代服务器CPU。未来,其还将继续推出基于第二代自研核的倚天750。",凤凰网,Media,https://finance.ifeng.com/c/8wcp3PVerlC,Watch,,1,2,2,1.5,C,留在事件库供检索，但未达到本周正文相关性、证据质量或去重要求。,Database_Only,留在事件库供检索，但未达到本周正文相关性、证据质量或去重要求。,,,Pass A query 18; search discovery record pending full-text verification.,Yes
2026W39-WEB-201,2026-09-22,2026-09-22,China,Policy,Chip;AI,平头哥发布AI芯片真武V900_腾讯新闻,平头哥发布AI芯片真武V900_腾讯新闻,"9月22日,在2026杭州云栖大会上,平头哥发布新一代训推一体AI芯片真武V900,性能为真武M890的三倍,成为目前算力性能最强的中国自研AI芯片。该芯片将于2027年第一季度量产售卖。当日,平头哥也公布了倚天服务器CPU的规划:2027年将推出倚天720和倚天730两代服务器CPU。未来,其还将继续推出基于第二代自研核的倚天750。",腾讯网,Media,https://news.qq.com/rain/a/20260922A05LSD00,Watch,,1,2,2,1.5,C,留在事件库供检索，但未达到本周正文相关性、证据质量或去重要求。,Database_Only,留在事件库供检索，但未达到本周正文相关性、证据质量或去重要求。,,,Pass A query 18; search discovery record pending full-text verification.,Yes
2026W39-WEB-202,2026-09-22,2026-09-22,China,Policy,Chip;AI,平头哥发布AI芯片真武V900 _ 东方财富网,平头哥发布AI芯片真武V900 _ 东方财富网,"人民财讯9月22日电,9月22日,在2026杭州云栖大会上,平头哥发布新一代训推一体AI芯片真武V900,性能为真武M890的三倍,成为目前算力性能最强的中国自研AI芯片。该芯片将于2027年第一季度量产售卖。当日,平头哥也公布了倚天服务器CPU的规划:2027年将推出倚天720和倚天730两代服务器CPU。未来,其还将继续推出基于第二代自研核的倚天750。(文章来源:证券时报网)",东方财富网财经频道,Media,https://finance.eastmoney.com/a/202609223881102237.html,Watch,,1,2,2,1.5,C,留在事件库供检索，但未达到本周正文相关性、证据质量或去重要求。,Database_Only,留在事件库供检索，但未达到本周正文相关性、证据质量或去重要求。,,,Pass A query 18; search discovery record pending full-text verification.,Yes
2026W39-WEB-204,2026-09-22,2026-09-22,China,Policy,Chip;AI,平头哥发布AI芯片真武V900_股票频道_证券之星,平头哥发布AI芯片真武V900_股票频道_证券之星,"9月22日,在2026杭州云栖大会上,平头哥发布新一代训推一体AI芯片真武V900,性能为真武M890的三倍,成为目前算力性能最强的中国自研AI芯片。该芯片将于2027年第一季度量产售卖。当日,平头哥也公布了倚天服务器CPU的规划:2027年将推出倚天720和倚天730两代服务器CPU。未来,其还将继续推出基于第二代自研核的倚天750。(人民财讯)",证券之星股票频道,Media,https://stock.stockstar.com/KX2026092200018619.shtml,Watch,,1,2,2,1.5,C,留在事件库供检索，但未达到本周正文相关性、证据质量或去重要求。,Database_Only,留在事件库供检索，但未达到本周正文相关性、证据质量或去重要求。,,,Pass A query 18; search discovery record pending full-text verification.,Yes
2026W39-WEB-207,2026-09-22,2026-09-22,China,Technology,Chip;AI,"刚刚,阿里发布新一代国产AI芯片 - 今日头条","刚刚,阿里发布新一代国产AI芯片 - 今日头条","阿里巴巴CEO吴泳铭在云栖大会表示,当前客户AI需求非常强劲,将全力投入AI基础设施建设,目标到2032年阿里云运营的全球数据中心规模超过20GW。阿里发布新一代AI芯片真武V9002026云栖大会上,平头哥发布最强国产AI芯片真武V900,算力提升至真武M890的3倍。据悉,平头哥AI芯片的年出货量将大幅提升。基于它构建的单一集群可扩展至50万卡,可支撑前沿模型的训练和推理。阿里表示,由于平头哥芯片产品线的成熟和客户的广泛应用,预计年出货量将大幅提升。阿里集团CEO吴泳铭表示,阿里自研M890 AI超节点已具备支撑2万亿参数大模型的推理,已于本季度规模化上架阿里云数据中心。同时阿里全面布局端侧AI生态,开源千问2.7B模型并正式推出千问移动端AI解决方案。来源:财联社",今日头条,Media,https://www.toutiao.com/article/7688227100259631631/,Watch,,1,2,2,1.5,C,留在事件库供检索，但未达到本周正文相关性、证据质量或去重要求。,Database_Only,留在事件库供检索，但未达到本周正文相关性、证据质量或去重要求。,,,Pass A query 18; search discovery record pending full-text verification.,Yes
2026W39-WEB-208,2026-09-22,2026-09-22,China,Technology,Chip;AI,阿里在2026云栖大会发布新一代国产AI芯片真武V900_大风号_凤凰网,阿里在2026云栖大会发布新一代国产AI芯片真武V900_大风号_凤凰网,"9月22日消息,2026云栖大会上,平头哥发布最强国产AI芯片真武V900,算力提升至真武M890的3倍。据悉,平头哥AI芯片的年出货量将大幅提升。基于它构建的单一集群可扩展至50万卡,可支撑前沿模型的训练和推理。阿里表示,V900通过自研ICN Switch互联芯片,可实现千卡全带宽高速互联。此外,真武V900进一步面向更大模型和更长上下文升级。据介绍,V900搭载216GB显存,片间互联带宽达到1200GB/s,原生支持FP8、FP4低精度计算,计划于2027年第一季度量产,并在阿里云数据中心规模化部署。",凤凰网,Media,https://feng.ifeng.com/c/8wck4WXnvOB,Watch,,1,2,2,1.5,C,留在事件库供检索，但未达到本周正文相关性、证据质量或去重要求。,Database_Only,留在事件库供检索，但未达到本周正文相关性、证据质量或去重要求。,,,Pass A query 18; search discovery record pending full-text verification.,Yes
2026W39-WEB-209,2026-09-22,2026-09-22,China,Technology,Chip;AI,阿里平头哥发布最强国产AI芯片!相关概念股梳理 _ 东方财富网,阿里平头哥发布最强国产AI芯片!相关概念股梳理 _ 东方财富网,"AI芯片概念9月22日表现强势,板块中旋极信息、瑞芯微、禾盛新材涨停;炬芯科技、摩尔线程、澜起科技等跟涨。 消息面上,据财联社报道,在2026云栖大会上,平头哥发布最强国产AI芯片真武V900,算力提升至前代产品真武M890的3倍。阿里巴巴表示,由于平头哥芯片产品线的成熟和客户的广泛应用,预计年出货量将大幅提升。 在AI产业高景气下,有“AI心脏”之称的AI芯片正受到全球巨头的积极对待。国外的OpenAI、英伟达、Meta、谷歌、微软、亚马逊等大厂均在积极自研自家的AI芯片。国内而言,除了前述阿里巴巴旗下的平头哥外,华为、寒武纪、百度、摩尔线程、海光信息等龙头,同样在积极研发AI芯片。 当前,市场普遍对AI芯片的需求表示乐观。比如英伟达CEO黄仁勋,日前在苏格兰出席AI峰会期间表示,随着人工智能向医疗、制造、金融服务等多个行业加速渗透,英伟达芯片的销量在2027年预计将达到当前年度水平的约两倍。 根据IDC的预测,全球AI芯片市场规模在2025年约为480亿美元,到2030年将增加至2800亿美元左右。根据亿欧智库的数据,我国AI芯片市场规模2026年有望达到2500亿元,到2029年有望增加到1.34万亿元,2026年至2029年的CAGR高达75%。 从产业链来看,亿欧智库表示,芯片设计(寒武纪、海光信息、摩尔线程等)、EDA/半导体IP(华大九天、澜起科技、概伦电子等)、半导体设备(盛美上海、北方华创、华海清科等)等环节受到市场较多关注。(文章来源:东方财富研究中心)",东方财富网财经频道,Media,https://finance.eastmoney.com/a/202609223881341336.html,Watch,,1,2,2,1.5,C,留在事件库供检索，但未达到本周正文相关性、证据质量或去重要求。,Database_Only,留在事件库供检索，但未达到本周正文相关性、证据质量或去重要求。,,,Pass A query 18; search discovery record pending full-text verification.,Yes
2026W39-WEB-211,2026-09-22,2026-09-22,China,Policy,Chip;AI,平头哥发布AI芯片真武V900_股票频道_证券之星,平头哥发布AI芯片真武V900_股票频道_证券之星,"(原标题:平头哥发布AI芯片真武V900) 人民财讯9月22日电,9月22日,在2026杭州云栖大会上,平头哥发布新一代训推一体AI芯片真武V900,性能为真武M890的三倍,成为目前算力性能最强的中国自研AI芯片。该芯片将于2027年第一季度量产售卖。当日,平头哥也公布了倚天服务器CPU的规划:2027年将推出倚天720和倚天730两代服务器CPU。未来,其还将继续推出基于第二代自研核的倚天750。",证券之星股票频道,Media,https://stock.stockstar.com/IG2026092200019054.shtml,Watch,,1,2,2,1.5,C,留在事件库供检索，但未达到本周正文相关性、证据质量或去重要求。,Database_Only,留在事件库供检索，但未达到本周正文相关性、证据质量或去重要求。,,,Pass A query 18; search discovery record pending full-text verification.,Yes
2026W39-WEB-243,2026-09-22,2026-09-22,China,Policy,AI,中华人民共和国工业和信息化部公告2026年第17号,中华人民共和国工业和信息化部公告2026年第17号,"标 题:中华人民共和国工业和信息化部公告2026年第17号 发文字号:中华人民共和国工业和信息化部公告2026年第17号 成文日期:2026-06-29 发布日期:2026-09-22 中华人民共和国工业和信息化部公告2026年第17号 发布时间:2026-09-22 16:59 来源:产业政策与法规司 为适应经济社会发展和工作实践需要,工业和信息化部组织开展了政策文件清理工作,决定废止《高耗能落后机电设备(产品)淘汰目录(第一批)》(工节〔2009〕第67号)等37项政策文件(见附件)。本公告自公布之日起施行。附件:工业和信息化部决定废止的37项政策文件工业和信息化部 2026年6月29日",中华人民共和国工业和信息化部,Official,https://wap.miit.gov.cn/jgsj/zfs/wjfb/art/2026/art_679f16ed1e354cb1966e88405fd053f9.html,S_Core,,1,2,2,1.5,C,留在事件库供检索，但未达到本周正文相关性、证据质量或去重要求。,Database_Only,留在事件库供检索，但未达到本周正文相关性、证据质量或去重要求。,,,Pass A query 23; search discovery record pending full-text verification.,Yes
2026W39-WEB-244,2026-09-22,2026-09-22,China,Policy,AI,中华人民共和国工业和信息化部公告2026年第17号,中华人民共和国工业和信息化部公告2026年第17号,"标 题:中华人民共和国工业和信息化部公告2026年第17号 发文字号:中华人民共和国工业和信息化部公告2026年第17号 成文日期:2026-06-29 发布日期:2026-09-22 中华人民共和国工业和信息化部公告2026年第17号 发布时间:2026-09-22 16:59 来源:产业政策与法规司 为适应经济社会发展和工作实践需要,工业和信息化部组织开展了政策文件清理工作,决定废止《高耗能落后机电设备(产品)淘汰目录(第一批)》(工节〔2009〕第67号)等37项政策文件(见附件)。本公告自公布之日起施行。附件:工业和信息化部决定废止的37项政策文件工业和信息化部 2026年6月29日",中华人民共和国工业和信息化部,Official,https://www.miit.gov.cn/jgsj/zfs/wjfb/art/2026/art_679f16ed1e354cb1966e88405fd053f9.html,S_Core,,1,2,2,1.5,C,留在事件库供检索，但未达到本周正文相关性、证据质量或去重要求。,Database_Only,留在事件库供检索，但未达到本周正文相关性、证据质量或去重要求。,,,Pass A query 23; search discovery record pending full-text verification.,Yes
2026W39-WEB-245,2026-09-22,2026-09-22,China,Policy,AI,"中国工程院院士,天津大学校长、党委副书记柴立元:人工智能赋能 “虚拟订单式” 科研提升高校科技成果转化效能","中国工程院院士,天津大学校长、党委副书记柴立元:人工智能赋能 “虚拟订单式” 科研提升高校科技成果转化效能","人工智能赋能“虚拟订单式”科研提升高校科技成果转化效能柴立元中国工程院院士,天津大学校长、党委副书记习近平总书记在全国教育大会上强调,强化校企科研合作,让更多科技成果尽快转化为现实生产力,为新时代高校科技创新与成果转化指明了方向。《中华人民共和国国民经济和社会发展第十五个五年规划纲要》就加快概念验证与中试平台建设、完善成果转化政策体系作出系统部署。高水平研究型大学作为国家战略科技力量的重要组成部分,其科技成果转化效能直接关乎经济社会高质量发展与高水平科技自立自强。当前,高校科技成果转化面临供需对接不畅、研究导向偏离、转化链条中断、专业人才短缺等共性痛点,传统线性的正向科研范式已难以适配产业升级的核心需求。天津大学深入贯彻落实习近平总书记给全体师生的回信精神,着力打造人工智能赋能的“虚拟订单式”科研新范式,遵循“需求前置、靶向研发、达标即转”核心逻辑,重构产学研用融通机制,依托AI成果转化智能体打通转化全链条,持续提升高校科技成果转化效能,更好地服务经济社会发展。一、高校成果转化的时代使命与现实痛点全球新一轮科技革命和产业变革加速演进,科技创新和产业创新深度融合已成为国家核心竞争力的关键。中国科技成果转化历经起步萌芽、体系构建、蓬勃发展和生态融合四个阶段,当前正处于对接国家战略、聚焦高质量转化的深化期。科技成果转化是推动技术价值向经济价值转化、培育新质生产力的关键环节,既是高校“双一流”建设的核心任务,也是从学术导向转向需求导向的重要抓手。当前我国高校科技成果转化仍面临若干痛点。一是供需对接不畅,高校以论文、基金为核心的评价体系,与企业关注实用性、成本可控的产业需求天然错位;二是研究导向偏离,科研多以兴趣驱动的自由探索为主,缺乏对产业需求的精准研判,成果多停留在实验室阶段,产业化困难;三是转化链条中断,高校普遍缺乏中试条件与工程化能力,企业不愿承担前期试错成本,关键工程化环",中华人民共和国工业和信息化部,Official,https://www.miit.gov.cn/ztzl/rdzt/xxgyhqk/tjyd/zjlt/art/2026/art_cdf4750f22e3439e9e15e7869b4458f0.html,S_Core,,1,2,2,1.5,C,留在事件库供检索，但未达到本周正文相关性、证据质量或去重要求。,Database_Only,留在事件库供检索，但未达到本周正文相关性、证据质量或去重要求。,,,Pass A query 23; search discovery record pending full-text verification.,Yes
2026W39-SUP-255,2026-09-22,2026-09-22,China,Policy,AI,【国家发展改革委举行9月份新闻发布会】-国家发展和改革委员会,【国家发展改革委举行9月份新闻发布会】-国家发展和改革委员会,"9月22日上午,国家发展改革委举行9月份新闻发布会。国家发展改革委政策研究室副主任、委新闻发言人李超出席发布会,就重要工业品低价无序竞争成本核算、民间投资、粮食安全、北斗规模应用、“双一流”高校新校区建设等方面问题,回应媒体关切。50余家媒体60余名记者参加本场发布会。",中华人民共和国国家发展和改革委员会,Official,https://www.ndrc.gov.cn/xwdt/xwfb/202609/t20260922_1407781.html,S_Core,,1,2,2,1.5,C,留在事件库供检索，但未达到本周正文相关性、证据质量或去重要求。,Database_Only,留在事件库供检索，但未达到本周正文相关性、证据质量或去重要求。,,,Targeted supplemental search supp-search-cn-03.json; pending full-text verification.,Yes
2026W39-SUP-256,2026-09-22,2026-09-22,China,Policy,AI,【湖南省发展改革委召开2026年社会领域中央投资项目视频调度会】-国家发展和改革委员会,【湖南省发展改革委召开2026年社会领域中央投资项目视频调度会】-国家发展和改革委员会,"9月16日,湖南省发展改革委党组成员、副主任蒋俊主持召开2026年社会领域中央投资项目视频调度会。 会上通报了各市州社会领域中央预算内、“两重”“两新”项目推进实施情况。蒋俊要求,各市州要抢抓当前黄金施工期,加紧组织施工,加快项目进度,争取形成更多实物工程量,把社会领域中央投资项目建设实施抓紧抓好。一是认识要再提高。深刻认识当前投资形势,准确把握中央投资功能定位,清醒正视当前存在的突出问题,切实把中央投资项目建设实施摆在更加突出位置。二是调度要再深入。逐项目核实开工情况、工程形象进度、资金支付率三个关键环节,做到底数清、情况明。三是责任要再压实。各市州要履行好主体责任,相关行业部门要履行好监管责任,省级层面将进一步加强督导,以动真碰硬作风推动问题整改落实到位。四是统筹要再加强。扎实开展“十四五”社会领域中央投资全面评估,加强明年项目谋划储备。五是纪律要再严格。严格落实为基层减负要求,各市州要加强对报送项目建设情况的审核把关,确保真实准确。 社会处全体干部,各市州发展改革委分管负责同志、社会科科长参加会议。",中华人民共和国国家发展和改革委员会,Official,https://www.ndrc.gov.cn/xwdt/dt/dfdt/202609/t20260922_1407756.html,S_Core,,1,2,2,1.5,C,留在事件库供检索，但未达到本周正文相关性、证据质量或去重要求。,Database_Only,留在事件库供检索，但未达到本周正文相关性、证据质量或去重要求。,,,Targeted supplemental search supp-search-cn-03.json; pending full-text verification.,Yes
2026W39-SUP-259,2026-09-22,2026-09-22,China,Policy,AI,【江西省发展改革委召开南昌都市圈发展规划专家咨询会】-国家发展和改革委员会,【江西省发展改革委召开南昌都市圈发展规划专家咨询会】-国家发展和改革委员会,"为高质量编制《南昌都市圈发展规划》,9月18日,江西省发展改革委组织召开专家咨询会,邀请江西省内知名专家对南昌都市圈的发展和建设提出意见建议。江西省发展改革委党组成员、副主任李庆红主持会议并讲话。南昌市发展改革委和委发展规划处、区域协调发展处有关负责同志参加会议。 与会专家先后围绕南昌都市圈的目标定位、发展格局、重大任务等方面进行了深入研讨,提出了建设性、指导性的意见和建议。 编制实施《南昌都市圈发展规划》是落实中央、江西省委城市工作会议精神和国家新型城镇化有关文件部署要求的具体举措。下一步,江西省发展改革委将会同南昌市发展改革委充分吸纳各方的意见建议,对规划文本作进一步修改完善,切实提升规划的引领性、科学性和可操作性。 会上,南昌市发展改革委有关负责同志介绍了规划编制总体情况,江西省发展改革委发展规划处负责同志就规划编制工作的有关考虑作了发言。",中华人民共和国国家发展和改革委员会,Official,https://www.ndrc.gov.cn/xwdt/dt/dfdt/202609/t20260922_1407754.html,S_Core,,1,2,2,1.5,C,留在事件库供检索，但未达到本周正文相关性、证据质量或去重要求。,Database_Only,留在事件库供检索，但未达到本周正文相关性、证据质量或去重要求。,,,Targeted supplemental search supp-search-cn-03.json; pending full-text verification.,Yes
2026W39-SUP-261,2026-09-22,2026-09-22,China,Policy,AI,【湖北省发展改革委召开全省“六张网”重大项目投融资对接会 研究完善政银企协作机制】-国家发展和改革委员会,【湖北省发展改革委召开全省“六张网”重大项目投融资对接会 研究完善政银企协作机制】-国家发展和改革委员会,"9月12日,湖北省发展改革委党组书记、主任鲁宇清同志主持召开全省“六张网”重大项目投融资对接会。会议专题研究完善“1+1+6+N”的“六张网”政银企对接机制,向金融机构推介第一批重大项目431个、总投资4660亿元、融资需求2811亿元。 会议强调,要加强信息共享,推动银企高效“投贷联动”。要强化项目跨网协同建设,依托多网融通带来的多元收益来源,丰富项目现金流构成,有效提升市场化可持续运营水平。要“一网一策”开展价费机制优化、投融资体制改革、商业模式创新,紧扣各网项目建设周期、现金流特点,丰富投贷联动产品供给。要加强项目包保服务,摸排“六张网”重点项目融资等堵点难点,强化工作督导通报,“深、准、实”推动政银企合作。 湖北省发展改革委、湖北省经信厅、湖北省住建厅、湖北省交通运输厅、湖北省水利厅、湖北省数据局、湖北省能源局、湖北省通信管理局、人行湖北省分行等部门,国家开发银行湖北省分行,各政策性银行、国有商业银行湖北省分行,中国邮政储蓄银行湖北省分行,各股份制商业银行武汉分行,湖北银行,湖北省农村信用社联合社,汉口银行,武汉农村商业银行等金融机构有关负责同志参会。",中华人民共和国国家发展和改革委员会,Official,https://www.ndrc.gov.cn/xwdt/dt/dfdt/202609/t20260922_1407755.html,S_Core,,1,2,2,1.5,C,留在事件库供检索，但未达到本周正文相关性、证据质量或去重要求。,Database_Only,留在事件库供检索，但未达到本周正文相关性、证据质量或去重要求。,,,Targeted supplemental search supp-search-cn-03.json; pending full-text verification.,Yes
2026W39-SUP-272,2026-09-22,2026-09-22,China,Policy,AI,国家科技管理信息系统公共服务平台,国家科技管理信息系统公共服务平台,"关于“十五五”国家重点研发计划“主要粮食与经济作物大面积单产提升技术”等5个重点专项2026年度项目申报指南征求意见的通知 发布时间:2026年09月22日 来源:农业农村部 请登录系统,在“公开公示—指南征求意见”菜单栏中查看指南征求意见材料。",科学技术部网站,Official,https://service.most.gov.cn/kjjh_tztg_all/20260922/5884.html,S_Core,,1,2,2,1.5,C,留在事件库供检索，但未达到本周正文相关性、证据质量或去重要求。,Database_Only,留在事件库供检索，但未达到本周正文相关性、证据质量或去重要求。,,,Targeted supplemental search supp-search-cn-06.json; pending full-text verification.,Yes
2026W39-SUP-281,2026-09-22,2026-09-22,China,Policy,AI,国家科技管理信息系统公共服务平台,国家科技管理信息系统公共服务平台,"关于组织申报重点新材料研发及应用国家科技重大专项(科技创新2030重大项目)2026年度第三批项目(非密类)的通知 发布时间:2026年09月22日 来源:新材料重大专项专项办 各有关单位: 根据《重点新材料研发及应用国家科技重大专项(科技创新2030重大项目)组织实施管理暂行办法》,现组织开展重点新材料研发及应用国家科技重大专项(科技创新2030重大项目)(以下简称新材料重大专项)2026年度第三批项目(非密类)申报工作。有关事项通知如下: 一、项目申报要求 项目是新材料重大专项组织实施的基本单元,项目承担单位是项目的实施主体,对项目目标完成负全责。 (一)申报单位(含参与申报单位)应为中国大陆境内注册的具有独立法人资格的企业、科研院所、高等院校和新型研发机构等单位,或内地与香港、内地与澳门科技合作委员会协商确定的港澳科研单位,注册时间为2025年8月31日前,有较强的科技研发能力和条件,运行管理规范。牵头(或单独)申报单位只能通过一个推荐单位申报,不得多头申报、重复申报。 (二)每个项目设1名项目责任人、1名项目负责人。项目责任人原则上应由项目牵头(或单独)申报单位主要负责同志担任,项目负责人应为该项目主体研究思路的提出者和实际主持攻关任务的牵头(或单独)申报单位正式人员。项目负责人应为课题负责人。 (三)申报单位根据项目申报指南(详见附件1)和项目申报须知(详见附件2)相关要求,以项目为单元编制项目申报书和预算申报书。申报材料须覆盖相应指南方向的全部考核指标,课题设置须严格符合指南方向要求。 二、推荐工作要求 推荐单位按照2026年度第三批项目(非密类)申报指南推荐优势单位积极申报。 (一)国务院国资委负责组织中央企业、中央企业的控股企业及实际控制企业牵头(或单独)申报项目,经审核后,择优向工业和信息化部推荐。 (二)其他中央部门负责组织本单位下属单位牵头(或单独)",科学技术部网站,Official,https://service.most.gov.cn/kjjh_tztg_all/20260922/5886.html,S_Core,,1,2,2,1.5,C,留在事件库供检索，但未达到本周正文相关性、证据质量或去重要求。,Database_Only,留在事件库供检索，但未达到本周正文相关性、证据质量或去重要求。,,,Targeted supplemental search supp-search-cn-06.json; pending full-text verification.,Yes
2026W39-SUP-282,2026-09-22,2026-09-22,China,Policy,AI,国家科技管理信息系统公共服务平台,国家科技管理信息系统公共服务平台,"关于组织申报重点新材料研发及应用国家科技重大专项(科技创新2030重大项目)2027年度第一批项目(非密类)的通知 发布时间:2026年09月22日 来源:新材料重大专项专项办 各有关单位: 根据《重点新材料研发及应用国家科技重大专项(科技创新2030重大项目)组织实施管理暂行办法》,现组织开展重点新材料研发及应用国家科技重大专项(科技创新2030重大项目)(以下简称新材料重大专项)2027年度第一批项目(非密类)申报工作。有关事项通知如下: 一、项目申报要求 项目是新材料重大专项组织实施的基本单元,项目承担单位是项目的实施主体,对项目目标完成负全责。 (一)申报单位(含参与申报单位)应为中国大陆境内注册的具有独立法人资格的企业、科研院所、高等院校和新型研发机构等单位,或内地与香港、内地与澳门科技合作委员会协商确定的港澳科研单位,注册时间为2025年8月31日前,有较强的科技研发能力和条件,运行管理规范。牵头(或单独)申报单位只能通过一个推荐单位申报,不得多头申报、重复申报。 (二)每个项目设1名项目责任人、1名项目负责人。项目责任人原则上应由项目牵头(或单独)申报单位主要负责同志担任,项目负责人应为该项目主体研究思路的提出者和实际主持攻关任务的牵头(或单独)申报单位正式人员。项目负责人应为课题负责人。 (三)申报单位根据项目申报指南(详见附件1)和项目申报须知(详见附件2)相关要求,以项目为单元编制项目申报书和预算申报书。申报材料须覆盖相应指南方向的全部考核指标,课题设置须严格符合指南方向要求。 二、推荐工作要求 推荐单位按照2027年度第一批项目(非密类)申报指南推荐优势单位积极申报。 (一)国务院国资委负责组织中央企业、中央企业的控股企业及实际控制企业牵头(或单独)申报项目,经审核后,择优向工业和信息化部推荐。 (二)其他中央部门负责组织本单位下属单位牵头(或单独)",科学技术部网站,Official,https://service.most.gov.cn/kjjh_tztg_all/20260922/5885.html,S_Core,,1,2,2,1.5,C,留在事件库供检索，但未达到本周正文相关性、证据质量或去重要求。,Database_Only,留在事件库供检索，但未达到本周正文相关性、证据质量或去重要求。,,,Targeted supplemental search supp-search-cn-06.json; pending full-text verification.,Yes
2026W39-SUP-302,2026-09-22,2026-09-22,Europe,Policy,Commercial_Space,"NASA, SpaceX Move to Final Crew-13 Prelaunch Prep for Oct. 1 Liftoff","NASA, SpaceX Move to Final Crew-13 Prelaunch Prep for Oct. 1 Liftoff","NASA, SpaceX Move to Final Crew-13 Prelaunch Prep for Oct. 1 Liftoff NASA and SpaceX are targeting 11:10 a.m. EDT, Thursday, Oct. 1, as the earliest launch opportunity for the Crew-13 mission to the International Space Station. Over the next several days, teams will complete a series of prelaunch activities and intensive reviews to confirm the crew, the space station, and SpaceX’s Dragon spacecraft, and Falcon 9 rocket are ready for liftoff from Space Launch Complex 40 at Cape Canaveral Space Force Station in Florida. For an Oct. 1 launch, Crew-13 will arrive at the orbiting laboratory less than nine hours later, with docking planned for about 8 p.m., to the forward-facing port of the Harmony module. NASA astronauts Jessica Watkins and Luke Delaney will serve as spacecraft commander and pi",NASA,Official,https://www.nasa.gov/blogs/spacestation/2026/09/22/nasa-spacex-move-to-final-crew-13-prelaunch-prep-for-oct-1-liftoff/,S_Core,,1,2,2,1.5,C,留在事件库供检索，但未达到本周正文相关性、证据质量或去重要求。,Database_Only,留在事件库供检索，但未达到本周正文相关性、证据质量或去重要求。,,,Targeted supplemental search supp-search-us-07.json; pending full-text verification.,Yes
2026W39-SUP-306,2026-09-22,2026-09-22,US,Technology,Commercial_Space;AI,NASA Astronaut to Answer Questions from New Hampshire Students - NASA,NASA Astronaut to Answer Questions from New Hampshire Students - NASA,"Editor’s Note: This feature was updated Sept. 22, 2026, to note the time change for the in-flight call with students. Students in New Hampshire will hear from NASA astronaut Anil Menon as he answers prerecorded STEM questions while aboard the International Space Station. The Earth-to-space call will begin at 11:40 a.m. EDT Thursday, Sept. 24, and will stream live on the agency’s Learn With NASA YouTube channel. This event is hosted by the McAuliffe-Shepard Discovery Center in Concord, New Hampshire, for students in grades K-12, and members of the community. This unique opportunity aims to deepen understanding of space exploration and enhance awareness of STEM careers. Media interested in covering the event must RSVP no later than 5 p.m. EDT, Wednesday, Sept. 23, to Kelly Thompson at kthom",NASA,Official,https://www.nasa.gov/learning-resources/nasa-astronaut-to-answer-questions-from-new-hampshire-students/,S_Core,,1,2,2,1.5,C,留在事件库供检索，但未达到本周正文相关性、证据质量或去重要求。,Database_Only,留在事件库供检索，但未达到本周正文相关性、证据质量或去重要求。,,,Targeted supplemental search supp-search-us-07.json; pending full-text verification.,Yes
2026W39-QCC-DOMESTIC-023,2026-09-22,2026-09-22,China,Financing,AI,宇道生物,宇道生物C轮融资记录,AI原生Biotech研发商；企查查披露金额：未披露。,企查查（境内）,Database,N/A,Manual,,1,2,2,1.5,C,留在事件库供检索，但未达到本周正文相关性、证据质量或去重要求。,Database_Only,留在事件库供检索，但未达到本周正文相关性、证据质量或去重要求。,,,QCC raw_id=3c7a7bca691d22ac865e2afe73ce67b4；数据库线索不等于公司已公开确认，金额和日期保留原表口径。,No
2026W39-QCC-DOMESTIC-025,2026-09-22,2026-09-22,China,Financing,Chip,六方科技,六方科技B+轮融资记录,半导体涂层材料生产商；企查查披露金额：未披露。,企查查（境内）,Database,N/A,Manual,,1,2,2,1.5,C,留在事件库供检索，但未达到本周正文相关性、证据质量或去重要求。,Database_Only,留在事件库供检索，但未达到本周正文相关性、证据质量或去重要求。,,,QCC raw_id=e6d6ac78e4cd468387fab0dd41f85be4；数据库线索不等于公司已公开确认，金额和日期保留原表口径。,No
2026W39-QCC-DOMESTIC-026,2026-09-22,2026-09-22,China,Financing,AI,龙讯旷腾,龙讯旷腾B轮融资记录,AI for Science材料研发平台提供商；企查查披露金额：约亿元。,企查查（境内）,Database,https://mp.weixin.qq.com/s/4JaFCT06dzLz92HRX0YtKA,Manual,,1,2,2,1.5,C,留在事件库供检索，但未达到本周正文相关性、证据质量或去重要求。,Database_Only,留在事件库供检索，但未达到本周正文相关性、证据质量或去重要求。,,,QCC raw_id=2761c361925437fd2ad05b48a51275ed；数据库线索不等于公司已公开确认，金额和日期保留原表口径。,No
2026W39-QCC-DOMESTIC-027,2026-09-22,2026-09-22,China,Financing,Commercial_Space,星移联信,星移联信A+轮融资记录,低轨宽带通信载荷系统产品服务商；企查查披露金额：未披露。,企查查（境内）,Database,https://mp.weixin.qq.com/s/CSawHvuG7Qzj4elYm6Jz4Q,Manual,,1,2,2,1.5,C,留在事件库供检索，但未达到本周正文相关性、证据质量或去重要求。,Database_Only,留在事件库供检索，但未达到本周正文相关性、证据质量或去重要求。,,,QCC raw_id=00d8755a9613b5065d97c24ac8582d57；数据库线索不等于公司已公开确认，金额和日期保留原表口径。,No
2026W39-QCC-DOMESTIC-028,2026-09-22,2026-09-22,China,Financing,Commercial_Space,云征动力,云征动力A+轮融资记录,转子发动机研发商；企查查披露金额：数千万元。,企查查（境内）,Database,https://mp.weixin.qq.com/s?__biz=MzkxMTc1NTY5OQ==&mid=2247485086&idx=1&sn=387ec468b49eac5159af272497529de5&poc_token=HDAssmqjMJ64GVZCPpUD5Xk_UIXFj7_Ga992sP-S,Manual,,1,2,2,1.5,C,留在事件库供检索，但未达到本周正文相关性、证据质量或去重要求。,Database_Only,留在事件库供检索，但未达到本周正文相关性、证据质量或去重要求。,,,QCC raw_id=0871f6eed8cf2ddb3e98cf78f169cb43；数据库线索不等于公司已公开确认，金额和日期保留原表口径。,No
2026W39-QCC-DOMESTIC-030,2026-09-22,2026-09-22,China,Financing,Chip,中天弘宇,中天弘宇A轮融资记录,快闪存储器研发商；企查查披露金额：未披露。,企查查（境内）,Database,N/A,Manual,,1,2,2,1.5,C,留在事件库供检索，但未达到本周正文相关性、证据质量或去重要求。,Database_Only,留在事件库供检索，但未达到本周正文相关性、证据质量或去重要求。,,,QCC raw_id=d6d9188a75df31d36c9145f32ef85816；数据库线索不等于公司已公开确认，金额和日期保留原表口径。,No
2026W39-QCC-DOMESTIC-031,2026-09-22,2026-09-22,China,Financing,AI,华超神控,华超神控Pre-A轮融资记录,AI超声脑机研发商；企查查披露金额：2亿元。,企查查（境内）,Database,https://mp.weixin.qq.com/s/1wYEwj-9hE4SFJhYR_zQLw,Manual,,1,2,2,1.5,C,留在事件库供检索，但未达到本周正文相关性、证据质量或去重要求。,Database_Only,留在事件库供检索，但未达到本周正文相关性、证据质量或去重要求。,,,QCC raw_id=cce65e7f5b3c46d34400a04e6ddfbd37；数据库线索不等于公司已公开确认，金额和日期保留原表口径。,No
2026W39-QCC-DOMESTIC-032,2026-09-22,2026-09-22,China,Financing,Chip,苏州易芯半导体,苏州易芯半导体天使+轮融资记录,Micro-LED先进封装技术研发商；企查查披露金额：未披露。,企查查（境内）,Database,N/A,Manual,,1,2,2,1.5,C,留在事件库供检索，但未达到本周正文相关性、证据质量或去重要求。,Database_Only,留在事件库供检索，但未达到本周正文相关性、证据质量或去重要求。,,,QCC raw_id=be1f7827072fe64d3397381cc8b54885；数据库线索不等于公司已公开确认，金额和日期保留原表口径。,No
2026W39-QCC-DOMESTIC-035,2026-09-22,2026-09-22,China,Financing,Commercial_Space,四川能源核产,四川能源核产天使轮融资记录,多用途核能微堆技术研发商；企查查披露金额：未披露。,企查查（境内）,Database,N/A,Manual,,1,2,2,1.5,C,留在事件库供检索，但未达到本周正文相关性、证据质量或去重要求。,Database_Only,留在事件库供检索，但未达到本周正文相关性、证据质量或去重要求。,,,QCC raw_id=5ecf4f2b9a29c43fec566077b2fccc74；数据库线索不等于公司已公开确认，金额和日期保留原表口径。,No
2026W39-QCC-DOMESTIC-037,2026-09-22,2026-09-22,China,Financing,AI,追梦者电子,追梦者电子天使轮融资记录,AI光电射击训练系统研发商；企查查披露金额：未披露。,企查查（境内）,Database,N/A,Manual,,1,2,2,1.5,C,留在事件库供检索，但未达到本周正文相关性、证据质量或去重要求。,Database_Only,留在事件库供检索，但未达到本周正文相关性、证据质量或去重要求。,,,QCC raw_id=bd7314699870f3248243aadeb9bc70f9；数据库线索不等于公司已公开确认，金额和日期保留原表口径。,No
2026W39-QCC-OVERSEAS-020,2026-09-22,2026-09-22,Global,Financing,AI,Confido,ConfidoB轮融资记录,消费品牌AI运营商；企查查披露金额：5500万美元。,企查查（境外）,Database,https://www.finsmes.com/2026/09/confido-raises-55m-in-series-b-funding.html,Manual,,1,2,2,1.5,C,留在事件库供检索，但未达到本周正文相关性、证据质量或去重要求。,Database_Only,留在事件库供检索，但未达到本周正文相关性、证据质量或去重要求。,,,QCC raw_id=47f9713ed5692a20d996a4ddb658ce73；数据库线索不等于公司已公开确认，金额和日期保留原表口径。,No
2026W39-QCC-OVERSEAS-022,2026-09-22,2026-09-22,Global,Financing,AI,Kastle,KastleA轮融资记录,金融AI劳动力平台；企查查披露金额：2400万美元。,企查查（境外）,Database,https://nacshr.org/hrtech/76672.html,Manual,,1,2,2,1.5,C,留在事件库供检索，但未达到本周正文相关性、证据质量或去重要求。,Database_Only,留在事件库供检索，但未达到本周正文相关性、证据质量或去重要求。,,,QCC raw_id=150ed34289761ebc211d8e6e017a5a91；数据库线索不等于公司已公开确认，金额和日期保留原表口径。,No
2026W39-QCC-OVERSEAS-023,2026-09-22,2026-09-22,Global,Financing,AI,Chamelio,ChamelioA轮融资记录,原生AI法律平台提供商；企查查披露金额：2600万美元。,企查查（境外）,Database,https://www.prnewswire.com/news-releases/chamelio-raises-26m-series-a-to-replace-legacy-clm-with-ai-native-in-house-legal-operations-302886011.html,Manual,,1,2,2,1.5,C,留在事件库供检索，但未达到本周正文相关性、证据质量或去重要求。,Database_Only,留在事件库供检索，但未达到本周正文相关性、证据质量或去重要求。,,,QCC raw_id=a823a8e238e5fd4f2cd5c3efb199efa8；数据库线索不等于公司已公开确认，金额和日期保留原表口径。,No
2026W39-QCC-OVERSEAS-024,2026-09-22,2026-09-22,Global,Financing,AI,Go.AI,Go.AIA轮融资记录,合规AI基础设施制造商；企查查披露金额：8500万美元。,企查查（境外）,Database,https://mp.weixin.qq.com/s/T96q2w2dZnCDxxiLI91rWQ,Manual,,1,2,2,1.5,C,留在事件库供检索，但未达到本周正文相关性、证据质量或去重要求。,Database_Only,留在事件库供检索，但未达到本周正文相关性、证据质量或去重要求。,,,QCC raw_id=a8fb72bd5be83070ea3bda35cfc6f545；数据库线索不等于公司已公开确认，金额和日期保留原表口径。,No
2026W39-QCC-OVERSEAS-025,2026-09-22,2026-09-22,Global,Financing,AI,Biolevate,BiolevateA轮融资记录,生命科学AI服务商；企查查披露金额：3000万欧元。,企查查（境外）,Database,https://mp.weixin.qq.com/s/Uu8pAFVuZTTGVqUzlUGUug,Manual,,1,2,2,1.5,C,留在事件库供检索，但未达到本周正文相关性、证据质量或去重要求。,Database_Only,留在事件库供检索，但未达到本周正文相关性、证据质量或去重要求。,,,QCC raw_id=ac7471e6f0c31ccd4a79378beaaa76c1；数据库线索不等于公司已公开确认，金额和日期保留原表口径。,No
2026W39-QCC-OVERSEAS-026,2026-09-22,2026-09-22,Global,Financing,AI,Eevi,EeviPre-种子轮融资记录,AI 语言辅导平台开发商；企查查披露金额：未披露。,企查查（境外）,Database,https://mp.weixin.qq.com/s?__biz=MjM5NTM2OTcwMA==&mid=2653963276&idx=6&sn=e28fab550d7d0c4ba8178581468b9d37&poc_token=HNoVs2qjrbq8iGT4ztuJHi7IBwPau-9Fu_A-O0BU,Manual,,1,2,2,1.5,C,留在事件库供检索，但未达到本周正文相关性、证据质量或去重要求。,Database_Only,留在事件库供检索，但未达到本周正文相关性、证据质量或去重要求。,,,QCC raw_id=073db77840449a158b7287589dc4e7db；数据库线索不等于公司已公开确认，金额和日期保留原表口径。,No
2026W39-WEB-021,2026-09-23,2026-09-23,China,Policy,AI,"监管要求股票开户准入要求,标准是什么-叩富问财","监管要求股票开户准入要求,标准是什么-叩富问财","您好:监管要求的股票开户准入标准需符合监管机构明确的基本条件,具体包含身份、资质、合规等核心要求。我来帮您拆解下,您就清楚了准入标准是监管为保障市场秩序设定的门槛,需满足这些核心点:1. 身份要求:需为年满18周岁的中国公民,无证券市场失信记录;2. 材料要求:提供本人有效身份证、同名银行卡,确保身份信息真实有效;3. 合规要求:未被列为证券市场禁入对象,无证券违法违规记录。开户时需注意,所有券商统一执行不足5元按最低5元收取的规定,仅可开立一个股票主账户,绑定一张同名银行卡。想了解股票开户的具体办理流程或更多开户细节,可以点击追问我。我司开户可联系客户经理申请优惠佣金,同时提供专项两融利率低至3.1%的服务,支持主流交易软件,客户经理一对一沟通,咨询详情请添加右上角微信! 发布于2026-9-23 13:40 上海 当前我在线 直接联系我",叩富问财,Media,https://licai.cofool.com/ask/qa_7641386.html,Watch,,1,2,2,1.5,C,留在事件库供检索，但未达到本周正文相关性、证据质量或去重要求。,Database_Only,留在事件库供检索，但未达到本周正文相关性、证据质量或去重要求。,,,Pass A query 2; search discovery record pending full-text verification.,Yes
2026W39-WEB-027,2026-09-23,2026-09-23,China,Policy,Commercial_Space;AI,【调研快报】电科蓝天接待永赢基金等27家机构调研_天天基金网,【调研快报】电科蓝天接待永赢基金等27家机构调研_天天基金网,"电科蓝天9月23日公告称,8月28日至9月4日接待永赢基金等27家机构调研。接待人员包括证券事务代表 石海艳,IR 刘逸明。 公司就以下问题进行了回复:Q1:传统航天和商业航天的划分界定标准是什么? A1:目前国家层面尚未出台专门法规对传统航天、商业航天作出明确定义。公司在信息披露及业务统计时,参考行业通行做法,结合项目建设运营模式、任务属性进行区分。其中,传统航天主要对应国家重大航天工程任务,例如载人航天、深空探测等国家重点型号任务,以国家任务目...点击查看PDF原文免责声明:本文基于AI生产,仅供参考,不构成任何投资建议,据此操作风险自担。东方财富发布此内容旨在传播更多信息,与本平台立场无关。东方财富力求但不保证数据的完全准确,如有错漏请以中国证监会指定上市公司信息披露媒体为准,东方财富不对因该资料全部或部分内容而引致的盈亏承担任何责任。用户个人对服务的使用承担风险,东方财富对此不作任何类型的担保。",天天基金网,Media,https://fund.eastmoney.com/a/202609233882493677.html,Watch,,1,2,2,1.5,C,留在事件库供检索，但未达到本周正文相关性、证据质量或去重要求。,Database_Only,留在事件库供检索，但未达到本周正文相关性、证据质量或去重要求。,,,Pass A query 2; search discovery record pending full-text verification.,Yes
2026W39-WEB-030,2026-09-23,2026-09-23,China,Policy,AI,其他许可内容,其他许可内容,"(一)大气环境管理要求 1.排污单位应满足《中华人民共和国生态环境法典》及相关行业排污许可证申请与核发技术规范、相关行业自行监测技术指南等国家或地方法律法规、环境标准、产业政策、管理文件等各项环境管理要求。 2.排污单位应关注最新的国家或地方法律法规、环境标准、产业政策、管理文件等要求,按规定及时变更或重新申请排污许可证。 3.排污单位应加强污染防治设施运行维护及管理,确保废气处理设施正常运行,落实承诺的更加严格排放浓度限值要求。按照国家和天津市关于重污染天气应对等特殊时段管理要求,排污单位生产线或生产设施应按规定落实相应的污染物排放控制要求和减排措施。 4.应严格落实无组织排放管控措施要求,颗粒物有效收集,执行大气污染物综合排放标准GB 16297-1996 。 (二)水环境管理要求 1.排污单位应满足《中华人民共和国生态环境法典》及相关行业排污许可证申请与核发技术规范、相关行业自行监测技术指南等国家或地方法律法规、环境标准、产业政策、管理文件等各项环境管理要求。 2.排污单位应关注最新的国家或地方法律法规、环境标准、产业政策、管理文件等要求,按规定及时变更或重新申请排污许可证。 3.加强污染防治设施运行维护及管理,确保废水处理设施正常运行,落实承诺的更加严格排放浓度限值要求。 (三)土壤污染防治要求 1.排污单位应按照《中华人民共和国生态环境法典》、《排污许可证申请与核发技术规范 总则》或者所属行业排污许可证申请与核发技术规范要求,采取相应防治措施,防止有毒有害物质渗漏、泄露造成土壤和地下水污染。 2.土壤污染重点监管单位应当落实如下要求:严格控制有毒有害物质排放,并按年度向生态环境主管部门报告排放情况;建立土壤污染隐患排查制度,保证持续有效防止有毒有害物质渗漏、流失、扬散;制定、实施自行监测方案,并将监测报告报生态环境主管部门;拆除设施、设备或者建筑物、构筑物的,应",中华人民共和国生态环境部,Official,https://permit.mee.gov.cn/perxxgkinfo/xkgkAction!xkgk.action?xkgk=approveothercon_xkzgk&dataid=b5cc1e1b88ea41e8bd357964db202085&operate=readonly,S_Core,,1,2,2,1.5,C,留在事件库供检索，但未达到本周正文相关性、证据质量或去重要求。,Database_Only,留在事件库供检索，但未达到本周正文相关性、证据质量或去重要求。,,,Pass A query 2; search discovery record pending full-text verification.,Yes
2026W39-WEB-045,2026-09-23,2026-09-23,China,Financing,Commercial_Space;Chip;AI,哪些产业正在跨界进入商业航天?你好太空发起跨界创新案例征集_腾讯新闻,哪些产业正在跨界进入商业航天?你好太空发起跨界创新案例征集_腾讯新闻,"过去几年,商业航天正在吸引越来越多来自其他产业的企业、资本和人才。通信、汽车、半导体、人工智能、新能源、材料、先进制造等行业,都已经出现进入商业航天的案例。有的成为航天产业链上的供应商,有的把原有技术带入航天,有的直接跨界创业。卫星通信与汽车、航空、航运等结合,遥感数据进入农业、能源、金融等领域,卫星应用正在从航天产业内部走向更广泛的产业和消费市场。商业航天正在从一个相对独立的产业,逐渐变成一个与更多工业体系连接的产业。你好太空希望把这些正在发生的跨界案例记录下来。我们希望寻找正在发生的商业航天跨界案例,并以此为基础开展持续报道和研究。征集范围包括但不限于以下几类:1、企业跨界:来自其他行业的企业进入火箭、卫星、卫星通信、空间计算、在轨服务、空间制造等领域。2、技术跨界:原本应用于汽车、通信、半导体、AI、新能源、材料、制造等行业的技术和产品进入商业航天。3、应用跨界:商业航天的产品、数据和服务进入交通、能源、农业、物流、金融、医疗等行业,并形成新的合作和应用。4、资本与人才跨界:来自其他产业的投资机构、产业资本、企业家、科学家和工程师进入商业航天。已经实现商业合作的成熟案例、正在进行产品验证的项目,以及刚刚开始探索跨界合作的新案例,都欢迎参与。我们将从征集案例中选择具有代表性的企业和项目,推出商业航天跨界企业专题;基于案例开展商业航天跨界创新研究;并策划年度商业航天跨界创新大会,邀请来自不同产业的企业、资本和人才与商业航天企业交流合作。我们希望通过这些工作,把正在发生的跨界创新逐步汇聚起来,观察商业航天产业边界如何扩展,也帮助更多产业力量找到进入商业航天的机会。我们相信商业航天的下一阶段,需要更多“外部力量”。商业航天产业越往规模化走,就越不能只依靠原来的航天产业体系。如果你所在的企业、团队或个人已经在做这件事,欢迎联系我们。无论你来自哪个行业,无论企业规模大小,只要正在",腾讯网,Media,https://news.qq.com/rain/a/20260923A07VPJ00,Watch,,1,2,2,1.5,C,留在事件库供检索，但未达到本周正文相关性、证据质量或去重要求。,Database_Only,留在事件库供检索，但未达到本周正文相关性、证据质量或去重要求。,,,Pass A query 4; search discovery record pending full-text verification.,Yes
2026W39-WEB-047,2026-09-23,2026-09-23,China,Financing,Commercial_Space,"牛旼有一个判断:商业航天不是单一赛道,而是太空经济的“房地产”。房地产把金融工具用遍了,航天没有。未来宇航的做法是:用投资整合供应链,投客户锁定订单。投资下游客户,就是绑定他的订单;投资上游供_凤凰网","牛旼有一个判断:商业航天不是单一赛道,而是太空经济的“房地产”。房地产把金融工具用遍了,航天没有。未来宇航的做法是:用投资整合供应链,投客户锁定订单。投资下游客户,就是绑定他的订单;投资上游供_凤凰网视频_凤凰网","牛旼有一个判断:商业航天不是单一赛道,而是太空经济的“房地产”。房地产把金融工具用遍了,航天没有。未来宇航的做法是:用投资整合供应链,投客户锁定订单。投资下游客户,就是绑定他的订单;投资上游供2026-09-23 13:00:0001:030来自北京",凤凰网,Media,https://v.ifeng.com/c/8weZ4m5JJPc,Watch,,1,2,2,1.5,C,留在事件库供检索，但未达到本周正文相关性、证据质量或去重要求。,Database_Only,留在事件库供检索，但未达到本周正文相关性、证据质量或去重要求。,,,Pass A query 4; search discovery record pending full-text verification.,Yes
2026W39-WEB-050,2026-09-23,2026-09-23,China,Policy,Commercial_Space,开运航天副总裁曲靖:商业航天企业融资痛点是在轨卫星资产无法实现金融化_北京商报,开运航天副总裁曲靖:商业航天企业融资痛点是在轨卫星资产无法实现金融化_北京商报,"开运航天副总裁曲靖:商业航天企业融资痛点是在轨卫星资产无法实现金融化 出处:北京商报 作者:宋亦桐 网编:财经新闻中心 2026-09-23 北京商报讯(记者 宋亦桐)9月22日,北京商报社举办2026深蓝智库“硬科技IPO浪潮下的科技金融新路径”沙龙。开运航天副总裁曲靖指出,“在股权融资之外,拓展卫星在轨保险,以及在保险增信后的卫星、组网星座抵押贷款、融资租赁、资产证券化(ABS)等多元化融资手段,让更多资金流入商业航天赛道,通过金融创新的手段,赋能商业航天产业的跨越式发展。 在2026年服贸会上,北京开运联合信息技术集团股份有限公司、中国人民财产保险股份有限公司浙江省分公司、北京航标时代检测认证有限公司、思派(北京)保险经纪有限公司四方签署《商业航天卫星保险战略合作开发协议》,正式启动全国首创的“太空数据底座AOE+在轨风险评估”商业航天卫星保险生态圈。在这一生态圈中,开运集团搭建天地一体化观测网络与太空数据底座AOE,为碰撞预警、在轨状态判读提供第三方独立数据;航标时代依托中国航天标准化与产品保证研究院的技术积累,输出风险评级规则与在轨故障分类清单;人保财险据此建立适配不同轨道、不同设计寿命卫星的费率模型;思派保险经纪负责产业与金融市场的对接。 虽然在商业航天卫星保险生态圈上实现了突破,但曲靖也提到,“目前行业内绝大多数企业依靠持续股权融资维持运营,现金流普遍紧张。商业航天企业融资的痛点,不是拿不到股权融资,而是在轨卫星资产无法实现资本化、金融化。我们和多家银行沟通,银行普遍持谨慎态度,现有风控体系很难承接这类资产,需要产品创新,只有资产金融化打通之后,火箭发射的速度、卫星发射的数量才会大幅提升,中国商业航天的竞争力才会大幅提升。”",北京商报,Media,https://www.bbtnews.com.cn/2026/0923/606701.shtml,Watch,,1,2,2,1.5,C,留在事件库供检索，但未达到本周正文相关性、证据质量或去重要求。,Database_Only,留在事件库供检索，但未达到本周正文相关性、证据质量或去重要求。,,,Pass A query 4; search discovery record pending full-text verification.,Yes
2026W39-WEB-062,2026-09-23,2026-09-23,US,Technology,Commercial_Space,关于做好2025-2026学年航天学院研究生评优评奖工作的通知,关于做好2025-2026学年航天学院研究生评优评奖工作的通知,关于做好2025-2026学年航天学院研究生评优评奖工作的通知 发布日期:2026-09-23 浏览次数:213 作者:蔡思思 编辑:蔡思思审核:林晓,南京航空航天大学,Media,https://astro.nuaa.edu.cn/2026/0923/c2093a411708/page.htm,Watch,,1,2,2,1.5,C,留在事件库供检索，但未达到本周正文相关性、证据质量或去重要求。,Database_Only,留在事件库供检索，但未达到本周正文相关性、证据质量或去重要求。,,,Pass A query 5; search discovery record pending full-text verification.,Yes
2026W39-WEB-065,2026-09-23,2026-09-23,US,Technology,Commercial_Space,[HK]航天控股(00031):2026年中期报告- CFi.CN 中财网,[HK]航天控股(00031):2026年中期报告- CFi.CN 中财网,[HK]航天控股(00031):2026年中期报告 时间:2026年09月23日 16:51:43 中财网 原标题:航天控股:2026年中期报告 中财网,中国财经信息网,Media,https://cfi.cn/p20260923000591.html,Watch,,1,2,2,1.5,C,留在事件库供检索，但未达到本周正文相关性、证据质量或去重要求。,Database_Only,留在事件库供检索，但未达到本周正文相关性、证据质量或去重要求。,,,Pass A query 5; search discovery record pending full-text verification.,Yes
2026W39-WEB-068,2026-09-23,2026-09-23,US,Policy,Commercial_Space,2026-2031年中国太空被行业专题研究及市场前景预测评估报告_报告大厅,2026-2031年中国太空被行业专题研究及市场前景预测评估报告_报告大厅,第一章 太空被行业总体情况分析 第一节 行业界定与核心构成 一、行业的定义与范畴界定 二、行业的基本属性与核心特征 三、行业在国民经济及社会价值中的定位 第二节 核心产品/服务与价值分析 一、主流产品/服务形态与分类体系 二、核心功能、应用场景与解决方案 三、价值创造逻辑与主要商业模式 第三节 行业关键特征与发展历程 一、市场关键特征 二、行业发展沿革与关键阶段划分 三、当前产业整体格局与演化态势 第二章 2021-2031年全球太空被行业情况分析 第一节 2021-2025年全球太空被行业概况 一、太空被行业发展现状分析 二、太空被行业市场规模分析 年份市场规模2021年2022年2023年2024年2025年 三、太空被竞争格局分析 第二节 2021-2025年全球太空被行业区域市场分析 第三节 2026-2031年全球太空被行业市场预测 年份供给量需求量2026年F2027年F2028年F2029年F2030年F2031年F 第三章 中国太空被行业发展环境分析 第一节 宏观经济环境分析 第二节 政策环境分析 一、行业政策及规划 二、行业标准 第四章 2021-2025年中国太空被行业运行态势分析 第一节 2021-2025年中国太空被行业供给情况分析 一、2021-2025年太空被行业供给统计 年份供给量2021年2022年2023年2024年2025年 二、2021-2025年太空被行业供给影响因素分析 第二节 2021-2025年中国太空被行业需求情况分析 一、2021-2025年太空被行业需求统计 年份需求量2021年2022年2023年2024年2025年 二、2021-2025年太空被行业需求影响因素分析 第三节 供需平衡分析 年份供给量需求量2021年2022年2023年2024年2025年 第五章 太空被行业竞争格局及趋势展望分析 第一节 太空被行业波,报告大厅,Media,https://www.chinabgao.com/report/21387034.html,Watch,,1,2,2,1.5,C,留在事件库供检索，但未达到本周正文相关性、证据质量或去重要求。,Database_Only,留在事件库供检索，但未达到本周正文相关性、证据质量或去重要求。,,,Pass A query 5; search discovery record pending full-text verification.,Yes
2026W39-WEB-073,2026-09-23,2026-09-23,US,Technology,Commercial_Space,我国成功发射卫星互联网低轨26组卫星-新闻中心-北方网,我国成功发射卫星互联网低轨26组卫星-新闻中心-北方网,"北京时间2026年9月23日21时32分,我国在海南商业航天发射场使用长征八号甲运载火箭,成功将卫星互联网低轨26组卫星发射升空,卫星顺利进入预定轨道,发射任务获得圆满成功。",北方网,Media,http://news.enorth.com.cn/system/2026/09/23/059802335.shtml,Watch,,1,2,2,1.5,C,留在事件库供检索，但未达到本周正文相关性、证据质量或去重要求。,Database_Only,留在事件库供检索，但未达到本周正文相关性、证据质量或去重要求。,,,Pass A query 6; search discovery record pending full-text verification.,Yes
2026W39-WEB-074,2026-09-23,2026-09-23,US,Technology,Commercial_Space,我国成功发射卫星互联网低轨26组卫星,我国成功发射卫星互联网低轨26组卫星,"我国成功发射卫星互联网低轨26组卫星 央视新闻客户端 | 2026-09-23 23:28 北京时间2026年9月23日21时32分,我国在海南商业航天发射场使用长征八号甲运载火箭,成功将卫星互联网低轨26组卫星发射升空,卫星顺利进入预定轨道,发射任务获得圆满成功。 编辑: 洪英杰 责编: 汤成伟 编审: 彭奇伟",贵视网,Media,https://gzstv.com/a/7d7157b0654f48979381438de2e01fb3,Watch,,1,2,2,1.5,C,留在事件库供检索，但未达到本周正文相关性、证据质量或去重要求。,Database_Only,留在事件库供检索，但未达到本周正文相关性、证据质量或去重要求。,,,Pass A query 6; search discovery record pending full-text verification.,Yes
2026W39-WEB-075,2026-09-23,2026-09-23,US,Technology,Commercial_Space,我国成功发射卫星互联网低轨26组卫星 - 世相 - 新湖南,我国成功发射卫星互联网低轨26组卫星 - 世相 - 新湖南,"北京时间2026年9月23日21时32分,我国在海南商业航天发射场使用长征八号甲运载火箭,成功将卫星互联网低轨26组卫星发射升空,卫星顺利进入预定轨道,发射任务获得圆满成功。 责编:刘双 一审:姚茜琼 二审:唐能 三审:唐婷 来源:央视新闻客户端",新湖南,Media,https://www.hunantoday.cn/news/xhn/202609/33835590.html,Watch,,1,2,2,1.5,C,留在事件库供检索，但未达到本周正文相关性、证据质量或去重要求。,Database_Only,留在事件库供检索，但未达到本周正文相关性、证据质量或去重要求。,,,Pass A query 6; search discovery record pending full-text verification.,Yes
2026W39-WEB-077,2026-09-23,2026-09-23,US,Technology,Commercial_Space,视频丨我国成功发射卫星互联网低轨26组卫星-国际在线,视频丨我国成功发射卫星互联网低轨26组卫星-国际在线," 北京时间2026年9月23日21时32分,我国在海南商业航天发射场使用长征八号甲运载火箭,成功将卫星互联网低轨26组卫星发射升空,卫星顺利进入预定轨道,发射任务获得圆满成功。 (总台央视记者 崔霞 魏安 陶嘉树)",国际在线,Media,https://news.cri.cn/20260923/e8beb19b-49a0-1793-4901-90f11caae84a.html,Watch,,1,2,2,1.5,C,留在事件库供检索，但未达到本周正文相关性、证据质量或去重要求。,Database_Only,留在事件库供检索，但未达到本周正文相关性、证据质量或去重要求。,,,Pass A query 6; search discovery record pending full-text verification.,Yes
2026W39-WEB-080,2026-09-23,2026-09-23,US,Technology,Commercial_Space,视频丨我国成功发射卫星互联网低轨26组卫星,视频丨我国成功发射卫星互联网低轨26组卫星,"北京时间2026年9月23日21时32分,我国在海南商业航天发射场使用长征八号甲运载火箭,成功将卫星互联网低轨26组卫星发射升空,卫星顺利进入预定轨道,发射任务获得圆满成功。 (总台央视记者 崔霞 魏安 陶嘉树)",网易新闻客户端,Media,https://c.m.163.com/news/a/L7I26IEO051497H3.html,Watch,,1,2,2,1.5,C,留在事件库供检索，但未达到本周正文相关性、证据质量或去重要求。,Database_Only,留在事件库供检索，但未达到本周正文相关性、证据质量或去重要求。,,,Pass A query 6; search discovery record pending full-text verification.,Yes
2026W39-WEB-081,2026-09-23,2026-09-23,US,Technology,Commercial_Space,祝贺!成功发射_大风号_凤凰网,祝贺!成功发射_大风号_凤凰网,"北京时间2026年9月23日21时32分,我国在海南商业航天发射场使用长征八号甲运载火箭,成功将卫星互联网低轨26组卫星发射升空,卫星顺利进入预定轨道,发射任务获得圆满成功。来源:央视新闻",凤凰网,Media,https://feng.ifeng.com/c/8wfCaiYRCgu,Watch,,1,2,2,1.5,C,留在事件库供检索，但未达到本周正文相关性、证据质量或去重要求。,Database_Only,留在事件库供检索，但未达到本周正文相关性、证据质量或去重要求。,,,Pass A query 6; search discovery record pending full-text verification.,Yes
2026W39-WEB-082,2026-09-23,2026-09-23,US,Policy,Commercial_Space,我国成功发射卫星互联网低轨26组卫星,我国成功发射卫星互联网低轨26组卫星,"人民财讯9月23日电,北京时间2026年9月23日21时32分,我国在海南商业航天发射场使用长征八号甲运载火箭,成功将卫星互联网低轨26组卫星发射升空,卫星顺利进入预定轨道,发射任务获得圆满成功。(央视新闻) 声明:证券时报力求信息真实、准确,文章提及内容仅供参考,不构成实质性投资建议,据此操作风险自担 下载""证券时报""官方APP,或关注官方微信公众号,即可随时了解股市动态,洞察政策信息,把握财富机会。",证券时报,Media,https://stcn.com/article/detail/4197249.html,Watch,,1,2,2,1.5,C,留在事件库供检索，但未达到本周正文相关性、证据质量或去重要求。,Database_Only,留在事件库供检索，但未达到本周正文相关性、证据质量或去重要求。,,,Pass A query 6; search discovery record pending full-text verification.,Yes
2026W39-WEB-083,2026-09-23,2026-09-23,US,Technology,Commercial_Space,我国成功发射卫星互联网低轨26组卫星|界面新闻 · 快讯,我国成功发射卫星互联网低轨26组卫星|界面新闻 · 快讯,"北京时间2026年9月23日21时32分,我国在海南商业航天发射场使用长征八号甲运载火箭,成功将卫星互联网低轨26组卫星发射升空,卫星顺利进入预定轨道,发射任务获得圆满成功。",界面新闻,Media,https://www.jiemian.com/article/15134614.html,Watch,,1,2,2,1.5,C,留在事件库供检索，但未达到本周正文相关性、证据质量或去重要求。,Database_Only,留在事件库供检索，但未达到本周正文相关性、证据质量或去重要求。,,,Pass A query 6; search discovery record pending full-text verification.,Yes
2026W39-WEB-084,2026-09-23,2026-09-23,US,Technology,Commercial_Space,我国成功发射卫星互联网低轨26组卫星 - 封面新闻,我国成功发射卫星互联网低轨26组卫星 - 封面新闻,"北京时间2026年9月23日21时32分,我国在海南商业航天发射场使用长征八号甲运载火箭,成功将卫星互联网低轨26组卫星发射升空,卫星顺利进入预定轨道,发射任务获得圆满成功。(总台央视记者 崔霞 魏安 陶嘉树) 打开微信“扫一扫”,打开网页后点击屏幕右上角分享按钮 去APP中参与热议吧",封面新闻,Media,https://www.thecover.cn/news/njdLLQbInB2H90qSdq8Jkw==,Watch,,1,2,2,1.5,C,留在事件库供检索，但未达到本周正文相关性、证据质量或去重要求。,Database_Only,留在事件库供检索，但未达到本周正文相关性、证据质量或去重要求。,,,Pass A query 6; search discovery record pending full-text verification.,Yes
2026W39-WEB-087,2026-09-23,2026-09-23,US,Technology,Commercial_Space,我国成功发射卫星互联网低轨26组卫星_权威发布_看看新闻网,我国成功发射卫星互联网低轨26组卫星_权威发布_看看新闻网,"我国成功发射卫星互联网低轨26组卫星 2026-09-23 23:45:23 看看新闻Knews记者 符雅 王则斌 北京时间2026年9月23日21时32分,我国在海南商业航天发射场使用长征八号甲运载火箭,成功将卫星互联网低轨26组卫星发射升空。卫星顺利进入预定轨道,发射任务获得圆满成功。",看看新闻网,Media,https://www.kankanews.com/detail/J4Q7r7qmeyd,Watch,,1,2,2,1.5,C,留在事件库供检索，但未达到本周正文相关性、证据质量或去重要求。,Database_Only,留在事件库供检索，但未达到本周正文相关性、证据质量或去重要求。,,,Pass A query 6; search discovery record pending full-text verification.,Yes
2026W39-WEB-089,2026-09-23,2026-09-23,Europe,Financing,Commercial_Space,"摩根大通:新赛道,太空经济学_腾讯新闻","摩根大通:新赛道,太空经济学_腾讯新闻","过去一年,人们对太空经济的兴趣日益浓厚,原因有几方面。SpaceX在成立24年后于6月上市,创下了金融市场历史上规模最大的首次公开募股(IPO)纪录。4月,“阿尔忒弥斯2号”(Artemis II)任务发射,人类时隔54年再次进入月球轨道。首批商业空间站正紧锣密鼓地建设中,以应对即将到来的转型:国际空间站(ISS)将于2030年退役,而美国国家航空航天局(NASA)决定不再建造替代设施,转而依赖私营运营商。最后,来自主权国家的信号也十分明确:美国2027财年预算申请中,太空军(Space Force)的预算为711亿美元,较2026财年的约400亿美元大幅增长了约77%;欧洲航天局(ESA)于202511 月批准了创纪录的220亿欧元三年期民用预算,其中首次纳入了安全与防务职能。此外,中国商业航天企业在2025年通过137轮私募融资筹集了创纪录的266亿元人民币。随着关注度的提升,市场波动和各种疑问也随之而来:究竟什么是太空经济?未来又将走向何方?本文将从五个方面剖析这一议题:太空经济的发展历程、潜在市场总规模(TAM)估算、太空经济核心支柱解析、实现愿景所需具备的条件,以及投资启示。归根结底,太空经济远不止火箭和发射那么简单。尽管发射成本的下降是推动太空经济蓬勃发展的关键因素,但预计到 2040 年,发射业务在潜在市场总规模中的占比将不足 5%。那么,其余超过 95% 的份额来自哪里?答案包括卫星、太空制造、太空服务、太空数据分析等诸多领域。尽管如此,鉴于这一创新周期尚处于早期阶段且演进迅速,把握相关机遇的最佳方式是采取多元化且目标明确的策略,布局整个太空价值链:一方面,将短期投资重点锚定于赋能型基础设施;另一方面,通过风险投资/成长期投资以及精选的上市行业领军企业,在轨应用层进行审慎且有选择性的布局。以史为鉴;太空发展历史三部曲很久以前,在一个并不遥远的星系中.....",腾讯网,Media,https://news.qq.com/rain/a/20260923A09HUS00,Watch,,1,2,2,1.5,C,留在事件库供检索，但未达到本周正文相关性、证据质量或去重要求。,Database_Only,留在事件库供检索，但未达到本周正文相关性、证据质量或去重要求。,,,Pass A query 7; search discovery record pending full-text verification.,Yes
2026W39-WEB-097,2026-09-23,2026-09-23,US,Policy,Chip;AI,"AI算力期货10月上市计划生变:CFTC延长审查,芝商所首批GPU合约被迫推迟_租赁_市场_监管","AI算力期货10月上市计划生变:CFTC延长审查,芝商所首批GPU合约被迫推迟_租赁_市场_监管","芝商所原计划10月5日推出首批GPU算力期货,分别追踪英伟达H100和B200租赁价格。但CFTC最新将审查期延长45天至11月9日,监管焦点直指一个基础问题:一个高度分散、以私人合同为主的GPU租赁市场,能否形成可信的期货结算价格? 美国将人工智能算力变成可交易金融资产的尝试遇到监管阻力。美国商品期货交易委员会(CFTC)已延长对芝商所集团(CME.O) GPU算力期货的审查,原定10月初推出的合约将无法按计划上线。 据外媒报道,CFTC已经在当地时间9月21日通知芝商所,由于相关产品涉及“新颖或复杂”的问题,需要更多时间评估,将审查期延长45天,至11月9日。这意味着芝商所此前计划在10月5日推出的首批GPU租赁价格期货,至少要等监管审查进一步推进后才能上市。 芝商所今年8月公布计划,准备推出两类人工智能算力期货,分别追踪英伟达(NVDA.O) H100和B200 GPU的租赁价格,结算基准由数据初创公司Silicon Data提供。相关产品被视为华尔街将AI算力进一步金融化的一项关键尝试。 如果市场能够形成足够流动性,AI公司和算力供应商可以通过期货提前锁定GPU租赁成本,降低价格波动带来的风险。对于近年来大量为数据中心和GPU设备提供融资的贷款机构而言,这类工具也可能用于对冲GPU作为抵押品时价格下降的风险。 监管机构目前最大的疑问集中在定价机制和市场操纵风险。 CFTC今年8月已就算力衍生品公开征求行业意见,并设置60天评论期。监管机构当时指出,建立算力金融市场可能有助于美国人工智能产业发展,但目前GPU租赁市场本身仍较为分散且缺乏透明度。 与股票、大宗商品等成熟市场不同,GPU租赁价格大量产生于企业之间单独谈判的私人合同,尚不存在高度集中、公开且具有深度的现货市场。在这种结构下,期货结算所依赖的价格指数如何形成、是否足够具有代表性,以及大型算力供应商或需求方是",搜狐,Media,https://www.sohu.com/a/1079951046_334198?scm=10001.1352_13-100000-0_922.0-0.0-1-0-0-0.a2_5X162X1623,Watch,,1,2,2,1.5,C,留在事件库供检索，但未达到本周正文相关性、证据质量或去重要求。,Database_Only,留在事件库供检索，但未达到本周正文相关性、证据质量或去重要求。,,,Pass A query 8; search discovery record pending full-text verification.,Yes
2026W39-WEB-098,2026-09-23,2026-09-23,US,Policy,Chip;AI,"AI算力期货10月上市计划生变:CFTC延长审查,芝商所首批GPU合约被迫推迟","AI算力期货10月上市计划生变:CFTC延长审查,芝商所首批GPU合约被迫推迟","芝商所原计划10月5日推出首批GPU算力期货,分别追踪英伟达H100和B200租赁价格。但CFTC最新将审查期延长45天至11月9日,监管焦点直指一个基础问题:一个高度分散、以私人合同为主的GPU租赁市场,能否形成可信的期货结算价格?美国将人工智能算力变成可交易金融资产的尝试遇到监管阻力。美国商品期货交易委员会(CFTC)已延长对芝商所集团(CME.O) GPU算力期货的审查,原定10月初推出的合约将无法按计划上线。据外媒报道,CFTC已经在当地时间9月21日通知芝商所,由于相关产品涉及“新颖或复杂”的问题,需要更多时间评估,将审查期延长45天,至11月9日。这意味着芝商所此前计划在10月5日推出的首批GPU租赁价格期货,至少要等监管审查进一步推进后才能上市。 芝商所今年8月公布计划,准备推出两类人工智能算力期货,分别追踪英伟达(NVDA.O) H100和B200 GPU的租赁价格,结算基准由数据初创公司Silicon Data提供。相关产品被视为华尔街将AI算力进一步金融化的一项关键尝试。如果市场能够形成足够流动性,AI公司和算力供应商可以通过期货提前锁定GPU租赁成本,降低价格波动带来的风险。对于近年来大量为数据中心和GPU设备提供融资的贷款机构而言,这类工具也可能用于对冲GPU作为抵押品时价格下降的风险。监管机构目前最大的疑问集中在定价机制和市场操纵风险。CFTC今年8月已就算力衍生品公开征求行业意见,并设置60天评论期。监管机构当时指出,建立算力金融市场可能有助于美国人工智能产业发展,但目前GPU租赁市场本身仍较为分散且缺乏透明度。与股票、大宗商品等成熟市场不同,GPU租赁价格大量产生于企业之间单独谈判的私人合同,尚不存在高度集中、公开且具有深度的现货市场。在这种结构下,期货结算所依赖的价格指数如何形成、是否足够具有代表性,以及大型算力供应商或需求方是否可能影响基",网易新闻客户端,Media,https://c.m.163.com/news/a/L7H7L1D30519EO06.html,Watch,,1,2,2,1.5,C,留在事件库供检索，但未达到本周正文相关性、证据质量或去重要求。,Database_Only,留在事件库供检索，但未达到本周正文相关性、证据质量或去重要求。,,,Pass A query 8; search discovery record pending full-text verification.,Yes
2026W39-WEB-102,2026-09-23,2026-09-23,US,Policy,Chip;AI,"【匠歆出品】2026全球数据中心基础设施大会首发|院士领衔,100+头部企业已确认,500人齐聚上海_活动快讯_云掌财经","【匠歆出品】2026全球数据中心基础设施大会首发|院士领衔,100+头部企业已确认,500人齐聚上海_活动快讯_云掌财经","一、大会背景 2026年,全球AI算力需求进入指数级增长通道。预计2030年国内AI算力芯片市场规模将突破1.6万亿元,年复合增长率达50%。伴随《AIDC基础设施规范》预发布,数据中心建设全面迈入标准化新阶段。单机柜功率密度已跃升至20kW以上,远期向兆瓦级演进,驱动供电、散热、运维体系系统性重构。一个万卡级智算集群的配电基础设施投入可达数十亿元,“算电协同”从概念走向工程实践。上海智能算力规模已突破120EFLOPS,徐汇“模速空间”集聚300余家大模型企业,全区AI企业超1700家,大模型备案占全市六成以上。AICC 2026全球数据中心基础设施大会定于2026年10月16日在上海举办,以「主论坛+双技术分论坛+VIP闭门产业对接会」架构,聚焦数据中心全生命周期建设、能源架构与智能化运维,打造立足上海、辐射长三角的产业交流与项目落地平台。二、大会概览 名称:AICC 2026全球数据中心基础设施大会时间:2026年10月16日(周五)地点:上海规模:500+人展区:800m2+形式:主论坛 + 建设与运维分论坛+ 配电与能源分论坛+ VIP产业对接座谈会(闭门)三、大会亮点 1、100+产业链头部企业确认参会 截至目前,已有100余家数据中心产业链企业确认参会,覆盖数据中心建设和运维、设计、EPC总包、算力芯片、高密度配电、固态变压器、液冷散热、检测认证等全产业链环节。三大运营商、字节跳动、小红书、百度智能云、腾讯、阿里、道达尔能源、埃克森美孚、陶氏化学、英维克、同飞股份、科华数据、SGS、TUV莱茵等行业龙头均在列。2、双技术论坛:建设运维与配电能源 l “数据中心建设与运维分论坛”覆盖工程产品化、模块化交付、建设与运维一体化设计、水质管理、漏液监测、设备维护策略、液冷系统架构设计、关键设备选型、运维效率提升、智能化DCIM与AI运维平台、AI驱动的数据中心节能调度",云掌财经,Media,https://tech.123.com.cn/kline/a1310011.html,Watch,,1,2,2,1.5,C,留在事件库供检索，但未达到本周正文相关性、证据质量或去重要求。,Database_Only,留在事件库供检索，但未达到本周正文相关性、证据质量或去重要求。,,,Pass A query 8; search discovery record pending full-text verification.,Yes
2026W39-WEB-103,2026-09-23,2026-09-23,US,Financing,Chip;AI,瑞银发布AI算力链景气度报告 称高景气度将延伸至2028年_大风号_凤凰网,瑞银发布AI算力链景气度报告 称高景气度将延伸至2028年_大风号_凤凰网,"观点网讯:9月23日消息,瑞银发布AI算力链景气度报告。报告指出,近期席卷B端与C端用户群体的AI智能体代理式工作流正在加速扩大可商业化的全球各行业AI应用范围。报告称,算力需求正从英伟达AI GPU或者谷歌TPU系统全面扩展至存储芯片、CPU配套组件、2.5D CoWoS/3D先进封装、高性能以太网网络设施、AI数据中心高速光互连传输与不间断高效率供电/配电系统。报告认为,与全球范围如火如荼的AI算力基础设施建设相关联的算力链高景气度将进一步延伸至2028年。免责声明:本文内容与数据由观点根据公开信息整理,不构成投资建议,使用前请核实。",凤凰网,Media,https://feng.ifeng.com/c/8weS1ZEZsya,Watch,,1,2,2,1.5,C,留在事件库供检索，但未达到本周正文相关性、证据质量或去重要求。,Database_Only,留在事件库供检索，但未达到本周正文相关性、证据质量或去重要求。,,,Pass A query 8; search discovery record pending full-text verification.,Yes
2026W39-WEB-105,2026-09-23,2026-09-23,US,Technology,AI,Net Asset Value(s) - Pictet ICAV,Net Asset Value(s) - Pictet ICAV,Valuation Date Name ISIN Currency Units NAV per Unit 21/09/2026 PICTET AI ENHANCED US EQUITY UCITS ETF IE000DWHL026 USD 2640000 10.7426 21/09/2026 PICTET AI ENHANCED WORLD EQUITY ETF USD Dis IE00043ZI3D8 USD 1290000 10.6224 21/09/2026 PICTET AI ENHANCED WORLD EQUITY ETF USD Acc IE000JBZXFH0 USD 22920000 10.6219 21/09/2026 PICTET AI ENHANCED WORLD EQUITY ETF USD Acc IE000JBZXFH0 GBP 22920000 7.9425 21/09/2026 PICTET AI ENHANCED WORLD EX-US EQUITY UCITS ETF USD Dis IE000RYWBSX8 USD 10000 10.3785 21/09/2026 PICTET AI ENHANCED WORLD EX-US EQUITY UCITS ETF USD Acc IE000MS76E73 USD 9740000 10.3785,Cision News,Media,"https://news.cision.com/pictet-icav/r/net-asset-value-s-,c4399073",Watch,,1,2,2,1.5,C,留在事件库供检索，但未达到本周正文相关性、证据质量或去重要求。,Database_Only,留在事件库供检索，但未达到本周正文相关性、证据质量或去重要求。,,,Pass A query 8; search discovery record pending full-text verification.,Yes
2026W39-WEB-106,2026-09-23,2026-09-23,US,Policy,Chip;AI,AI算力基建加速 光通信PCB迎量价齐升- CFi.CN 中财网,AI算力基建加速 光通信PCB迎量价齐升- CFi.CN 中财网,"AI算力基建加速 光通信PCB迎量价齐升 时间:2026年09月23日 11:11:41 中财网 CFi.CN讯:数据显示,本周全A指数上涨1.7%,两融余额回升至26391亿元,资金明显流向电路板概念;AI算力建设正驱动光通信与高端PCB景气度提升。近期机构研报指出,MLCC因村田停产、三星调价致供需缺口扩大,PCB受益AI服务器升级迎来量价齐升黄金期,光通信则直接受益于数据中心扩容和昇腾960超节点提前发布。 研报认为,华为昇腾960系列提前落地叠加国内‘十五五’新型电网5万亿投入,将加速AI硬件基础设施建设节奏。电路板作为AI服务器核心互连载体,技术壁垒提升带动单价上行,订单能见度增强。 研报指出,政策面持续加码——《电子信息制造业‘十五五’规划》明确集成电路全链条攻关,叠加央行金融工具支持,为科技主题提供流动性与产业双支撑。科技主线活跃度已现回升迹象,相关板块有望延续结构性机会。 中财网",中财网股票频道,Media,https://stock.cfi.cn/p20260923000261.html,Watch,,1,2,2,1.5,C,留在事件库供检索，但未达到本周正文相关性、证据质量或去重要求。,Database_Only,留在事件库供检索，但未达到本周正文相关性、证据质量或去重要求。,,,Pass A query 8; search discovery record pending full-text verification.,Yes
2026W39-WEB-107,2026-09-23,2026-09-23,US,Policy,Chip;AI,"AI算力期货10月上市计划生变:CFTC延长审查,芝商所首批GPU合约被迫推迟-市场参考-金十数据","AI算力期货10月上市计划生变:CFTC延长审查,芝商所首批GPU合约被迫推迟-市场参考-金十数据","美国将人工智能算力变成可交易金融资产的尝试遇到监管阻力。美国商品期货交易委员会(CFTC)已延长对芝商所集团(CME.O) GPU算力期货的审查,原定10月初推出的合约将无法按计划上线。 据外媒报道,CFTC已经在当地时间9月21日通知芝商所,由于相关产品涉及“新颖或复杂”的问题,需要更多时间评估,将审查期延长45天,至11月9日。这意味着芝商所此前计划在10月5日推出的首批GPU租赁价格期货,至少要等监管审查进一步推进后才能上市。 芝商所今年8月公布计划,准备推出两类人工智能算力期货,分别追踪英伟达(NVDA.O) H100和B200 GPU的租赁价格,结算基准由数据初创公司Silicon Data提供。相关产品被视为华尔街将AI算力进一步金融化的一项关键尝试。 如果市场能够形成足够流动性,AI公司和算力供应商可以通过期货提前锁定GPU租赁成本,降低价格波动带来的风险。对于近年来大量为数据中心和GPU设备提供融资的贷款机构而言,这类工具也可能用于对冲GPU作为抵押品时价格下降的风险。 监管机构目前最大的疑问集中在定价机制和市场操纵风险。 CFTC今年8月已就算力衍生品公开征求行业意见,并设置60天评论期。监管机构当时指出,建立算力金融市场可能有助于美国人工智能产业发展,但目前GPU租赁市场本身仍较为分散且缺乏透明度。 与股票、大宗商品等成熟市场不同,GPU租赁价格大量产生于企业之间单独谈判的私人合同,尚不存在高度集中、公开且具有深度的现货市场。在这种结构下,期货结算所依赖的价格指数如何形成、是否足够具有代表性,以及大型算力供应商或需求方是否可能影响基准价格,均成为监管重点。 CFTC此前已明确要求市场参与者就潜在操纵风险等问题提交意见。9月21日的最新决定进一步确认,监管部门不会赶在芝商所原计划的10月时间表前完成审批。 Silicon Data首席执行官Carmen L",金十数据,Media,https://xnews.jin10.com/details/230817,Watch,,1,2,2,1.5,C,留在事件库供检索，但未达到本周正文相关性、证据质量或去重要求。,Database_Only,留在事件库供检索，但未达到本周正文相关性、证据质量或去重要求。,,,Pass A query 8; search discovery record pending full-text verification.,Yes
2026W39-WEB-109,2026-09-23,2026-09-23,US,Financing,AI,杭向AI 智汇全球 2026杭州国际人才交流与项目合作大会将于9月28日开幕,杭向AI 智汇全球 2026杭州国际人才交流与项目合作大会将于9月28日开幕,"杭向AI 智汇全球 2026杭州国际人才交流与项目合作大会将于9月28日开幕 杭州网 发布时间:2026-09-23 08:51 “海归人才潮悦杭州行”创新创业系列活动时间:9月28日-30日地点:萧山区海归小镇活动内容:聚焦数字医药与“AI+生命科学”主赛道,汇聚海归人才、投资机构、产业平台及本地企业代表,通过设置学术研讨、项目路演、产业参访等多元交流场景,搭建跨学科协作与产业实践的对接渠道。《AI Plus》创刊号发布暨闭门研讨会时间:10月17日地点:滨江区活动内容:借助《AI Plus》这一中国科学院联合The Innovation Press(国际知名学术出版机构Cell Press旗下品牌)共同创办的人工智能学术期刊创刊号发布契机,邀请《AI Plus》编委会代表,中科院计算技术研究所、清华大学、浙江大学等高校科研院所的专家学者深入交流,搭建人工智能领域观点研讨、成果转化、产学研对接的学术平台。中非数字人才培育研讨会暨产业供需对接会时间:10月9日地点:中非数字技术合作中心(滨江互联网小镇)活动内容:邀请浙大、北航杭研院、浙师大、浙工商、浙机电等省内10余所高校,以及海康、正泰、宇视等超20家数字技术企业,共同开展中非数字人才领域培育研讨、供需对接、产业交流,推动省内高校100名中非数字领域留学生、青年创客与省内数字企业交流合作,打造中非数字人才领域示范项目成果。2026乡村人才振兴促进共同富裕大会时间:9月21日地点:建德市活动内容:系统展示杭州市乡村人才培育的阶段性成果,聚焦青年入乡发展与数字创意赋能主赛道,依托“青城青年说”分享、主理人学院启动、“175X”青创空间建设等载体,深化“人往西、货往东”项目合作,促进资源对接、项目落地与村集体增收,助力省级青年入乡发展集成改革试点建设。“创客天下·杭向未来”2026杭州市海外高层次人才创新创业大赛总决赛时间:",杭州新闻网,Media,https://hznews.hangzhou.com.cn/chengshi/content/2026-09/23/content_9314325_2.htm,Watch,,1,2,2,1.5,C,留在事件库供检索，但未达到本周正文相关性、证据质量或去重要求。,Database_Only,留在事件库供检索，但未达到本周正文相关性、证据质量或去重要求。,,,Pass A query 8; search discovery record pending full-text verification.,Yes
2026W39-WEB-121,2026-09-23,2026-09-23,China,Policy,Commercial_Space,一封来自酒泉的感谢信:火箭首飞成功!,一封来自酒泉的感谢信:火箭首飞成功!,"近日,酒泉东风商业航天创新试验区,某国产新型运载火箭点火升空。烈焰托举着箭体冲向天际,按程序顺利进入预定轨道,首飞任务圆满成功!这枚中大型可重复使用液体运载火箭,是今年我国发射的第六款新火箭。航天发射任务标准严苛、精度极高,对配套介质产品的稳定性、纯净度和各项性能指标有着极为严格的要求。在此次首飞任务中,陕鼓铜陵气体为项目精准配套供应液氧、液氮关键产品。各项技术参数完全满足火箭校准试车及飞行试验技术标准,全程安全可靠、保障到位,为此次发射筑牢了坚实根基。任务结束后,用户特向铜陵气体发来感谢信,对陕鼓提供的工业气体供应服务表达了诚挚感谢与高度认可。信中写道:陕鼓铜陵气体所供液氧、液氮等产品,质量稳定可靠,各项性能指标满足技术要求。期待继续合作共赢,共同为我国商业航天事业的发展贡献力量,一同迈向璀璨星河!这封信不仅是对陕鼓气体产品与服务的高度认可,更是对陕鼓服务国家战略能力的肯定。商业航天,是国家战略性新兴产业,是航天强国建设的重要力量。在这条赛道上,陕鼓没有缺席。陕鼓气体产业向航天级高端领域延伸,以高纯气体保障火箭发动机测试与发射,在服务国家航天事业中展现了担当。这背后,是陕鼓对科技创新的执着,对质量极致的追求。从生产一线到发射保障,陕鼓人用严谨与专业,托举起每一次腾飞的底气。从服务航天发射到赋能高端制造,陕鼓将始终以极致品质为追求,为国家航天事业和高端制造业的每一次突破,提供坚实支撑。",机电之家网,Media,https://www.jdzj.com/news/344931.html,Watch,,1,2,2,1.5,C,留在事件库供检索，但未达到本周正文相关性、证据质量或去重要求。,Database_Only,留在事件库供检索，但未达到本周正文相关性、证据质量或去重要求。,,,Pass A query 9; search discovery record pending full-text verification.,Yes
2026W39-WEB-124,2026-09-23,2026-09-23,China,Policy,Space_Compute;Commercial_Space;AI,“鹏城首发星”暨“鹏城南科一号卫星”成功入轨-新闻-科学网,“鹏城首发星”暨“鹏城南科一号卫星”成功入轨-新闻-科学网,"9月20日12时03分,我国在东风商业航天创新试验区使用力箭一号遥十八运载火箭,成功将“鹏城首发星”暨“鹏城南科一号卫星”发射升空。卫星顺利进入预定轨道,发射任务获得圆满成功。 “鹏城首发星”在轨效果图。鹏城实验室供图,下同 “鹏城首发星”是鹏城实验室规划建设的“鹏城天马星座”首颗卫星(PEGA-SUS1),由鹏城实验室作为任务总体单位,与银河航天、南方科技大学、卫星互联网全国重点实验室、广东省空天通信与网络技术重点实验室等联合研制。该星以开放共享、协同创新为核心定位,面向科研机构、企业、高校等单位,打造多方共享共建的在轨技术验证平台。 作为“通感智算”一体化技术验证卫星,“鹏城首发星”在国内首次实现5G NTN(Non-Terrestrial Network,非地面网络)基站、核心网、星载AI智算、星地激光通信及微波通信等系统与载荷的星上融合部署。 “鹏城天马星座”规划由9颗卫星组成,定位于模块化、开放式低轨卫星在轨实验平台,面向通感智算融合及卫星互联网新体制、新技术、新设备,构建星地一体、虚实融合的全链路测试验证环境。“鹏城首发星”重150公斤,将通过贯通“通、感、智、算”星上信息流链路,探索“一星多用、功能融合”的新型卫星体系架构,推动卫星由单一业务载体向集通信、感知、计算与智能处理于一体的空间信息超节点跃升。 “鹏城首发星”整星振动实验图。 在卫星通信方面,“鹏城首发星”搭载可重构NTN基带、Ka频段天线及星载核心网,将开展用户终端接入、星上协议处理和业务传输等试验,验证通信处理功能在星上部署的可行性,为降低业务传输时延、减少对地面系统的依赖提供试验依据。 在高速传输方面,“鹏城首发星”将开展100Gbps星地激光通信试验,验证波长自适应可调等技术,为卫星高速光传输及灵活光互联积累在轨数据和工程经验。 在智能感知与计算方面,鹏城实验室研制的数字视网膜在轨计算载荷具",科学网—新闻中心,Media,https://news.sciencenet.cn/htmlnews/2026/9/571953.shtm,Watch,,1,2,2,1.5,C,留在事件库供检索，但未达到本周正文相关性、证据质量或去重要求。,Database_Only,留在事件库供检索，但未达到本周正文相关性、证据质量或去重要求。,,,Pass A query 9; search discovery record pending full-text verification.,Yes
2026W39-WEB-151,2026-09-23,2026-09-23,China,Policy,Commercial_Space;Chip;AI,全球低轨星座已经商业化的公司有哪些?--许可与场景的双重检验_腾讯新闻,全球低轨星座已经商业化的公司有哪些?--许可与场景的双重检验_腾讯新闻,"全球低轨星座的竞争,正在从“发射了多少颗”转向“服务了多少客户”。商业化是否成立,要看业务许可、收费服务、长期合同、终端规模和行业应用,而不是单看星座规划。在卫星物联网、遥感信息、低轨宽带等路径中,时空道宇、长光卫星、垣信卫星均有布局。其中,时空道宇定位为全球卫星通信服务商,在卫星物联网商用试验与行业场景落地方面形成了可观察的进展。推荐一:时空道宇——卫星物联网商业化,许可与场景双重落地时空道宇是全球卫星通信服务商。2026年8月,时空道宇正式获得工业和信息化部批复的卫星物联网业务商用试验许可,试验期为两年。期间,时空道宇可依法试点经营卫星物联网业务,依托全栈自研低轨卫星物联网星座为全球用户提供广覆盖、低功耗、高可靠的物联网连接服务,在智能网联汽车、工程机械、海洋渔业、能源水利、交通物流、低空出行等领域实现全天候、智能化的卫星物联网服务。同时,开展IoT NTN技术试验,持续加快6G卫星通信技术的研发与商业化进程。 2026年9月7日,工业和信息化部发布《信息通信行业发展“十五五”规划》提出,推动卫星网络与地面通信网络深度融合,统筹建设星地互联中心,开展手机直连卫星、卫星物联网等应用。在轨能力是商业化的基础。时空道宇全栈自主设计研发、建设和运营全球低轨卫星物联网星座,已完成星座一期组网部署。截至目前,时空道宇在轨卫星达64颗,所有卫星在轨可靠性100%,网络可靠性100%,已实现除南北极外,全球地表任一地点通信覆盖。时空道宇在国内低轨卫星物联网星座中规模领先,在轨卫星数量以及可服务用户体量均处于领先地位,并已获得卫星物联网业务商用试验批复。商用试验批复与星座规模形成双重稀缺性。此外,时空道宇坚持自主研发路线,从星座系统设计、卫星设计研发、量产AIT(总装集成测试)、星座测运控,到核心芯片、模组及终端的研发与场景化应用,实现全流程自主可控。在制造端,台州卫星超级工厂将单星生产",腾讯网,Media,https://news.qq.com/rain/a/20260923A079EA00,Watch,,1,2,2,1.5,C,留在事件库供检索，但未达到本周正文相关性、证据质量或去重要求。,Database_Only,留在事件库供检索，但未达到本周正文相关性、证据质量或去重要求。,,,Pass A query 11; search discovery record pending full-text verification.,Yes
2026W39-WEB-177,2026-09-23,2026-09-23,US,Financing,Commercial_Space;AI,SPCX Stock Under Pressure As Retail Frets Over Another Lockup Release - A Secret Space Force Deal Lo,SPCX Stock Under Pressure As Retail Frets Over Another Lockup Release - A Secret Space Force Deal Looms,"(MENAFN- AsiaNet News) Up to 328 million shares become eligible for sale Thursday under SpaceX's staggered IPO lockup. Morgan Stanley reiterated its 'Overweight' rating but said SpaceX is unlikely to threaten major U.S. wireless carriers' core markets soon. Investors are also watching Starship Flight 14's Sept.28 orbital attempt and the delayed Crew-13 launch targeted for Oct.1. Shares of SpaceX (SPCX) face a fresh test of investor confidence after its sharpest selloff in nearly two months on Wednesday, with up to 328 million shares becoming eligible for sale as details emerge of an agreement giving the company access to sensitive Space Force tracking data. SPCX stock fell 4% to $148.36 on Wednesday and is down 3% for the week, putting it on track to snap a four-week winning streak. Anothe",Arabian Business,Media,https://menafn.com/1111707190/SPCX-Stock-Under-Pressure-As-Retail-Frets-Over-Another-Lockup-Release-A-Secret-Space-Force-Deal-Looms,Watch,,1,2,2,1.5,C,留在事件库供检索，但未达到本周正文相关性、证据质量或去重要求。,Database_Only,留在事件库供检索，但未达到本周正文相关性、证据质量或去重要求。,,,Pass A query 13; search discovery record pending full-text verification.,Yes
2026W39-WEB-203,2026-09-23,2026-09-23,China,Financing,Chip;AI,"国产AI芯片这次给出的信号,不是单纯追赶制程,而是换了一条路去解决算力瓶颈。14_财富号_东方财富网","国产AI芯片这次给出的信号,不是单纯追赶制程,而是换了一条路去解决算力瓶颈。14_财富号_东方财富网","$三环集团(SZ300408)$ 国产AI芯片这次给出的信号,不是单纯追赶制程,而是换了一条路去解决算力瓶颈。14nm制程下做到每秒520万亿次浮点运算,访存带宽6.4TB/s,说明软件定义和三维近存计算确实把架构效率提上来了。这个变化对产业链的影响,可能比单颗芯片指标更值得看。最直接受益的,还是围绕AI算力做配套的环节。全栈工具链和智算集群同步发布,意味着芯片不是孤立产品,而是需要操作系统、编译器、调度平台一起跑起来。过去国产芯片经常卡在能用但不好用,这次把工具链摆到台面上,软件生态相关的公司会先感受到需求变化。存储和封装环节也值得留意。三维近存计算本质上是把存储和计算拉得更近,访存带宽能到6.4TB/s,背后需要新的封装方式和存储接口配合。这类技术路线一旦被更多项目采用,对先进封装、高速接口芯片的需求会慢慢起来。从市场情绪看,创业板核心权重正处在估值与情绪修复的窗口。加息利空阶段性出尽,资金风格再平衡,成长方向对这类技术突破会更敏感。但敏感不等于马上兑现到业绩,更多是预期先动。我倾向于把这次发布看作国产AI算力底座的一次补强,而不是某个环节立刻爆发的信号。真正受益的股票,大概率是那些已经在AI服务器、算力调度、先进封装上有收入基础的公司,而不是纯概念标的。接下来可以观察两点:一是全栈工具链有没有实际项目落地,二是智算集群的客户反馈。如果只是发布,没有后续订单和生态推进,情绪退潮也会很快。***创业板50ETF华泰柏瑞(159383)***#国产AI芯片架构突破,哪些股票受益?# $AI芯片(BK1127)$ #股市怎么看# #复盘记录# $江波龙(SZ301308)$ # 国产AI芯片架构突破,哪些股票受益?# 郑重声明:用户在社区发表的所有信息将由本网站记录保存,仅代表作者个人观点,与本网站立场无关,不对您构成任何投资建议,据此操作风险自担。请勿相信代客理财、免费荐",财富号,Media,https://caifuhao.eastmoney.com/news/20260923143148567835780,Watch,,1,2,2,1.5,C,留在事件库供检索，但未达到本周正文相关性、证据质量或去重要求。,Database_Only,留在事件库供检索，但未达到本周正文相关性、证据质量或去重要求。,,,Pass A query 18; search discovery record pending full-text verification.,Yes
2026W39-WEB-206,2026-09-23,2026-09-23,China,Financing,Chip;AI,天元证券|阿里平头哥发布最强国产AI芯片_财富号_东方财富网,天元证券|阿里平头哥发布最强国产AI芯片_财富号_东方财富网,"AI芯片概念9月22日表现强势,板块中旋极信息、瑞芯微、禾盛新材涨停;炬芯科技、摩尔线程、澜起科技等跟涨。 消息面上,据财联社报道,在2026云栖大会上,平头哥发布最强国产AI芯片真武V900,算力提升至前代产品真武M890的3倍。阿里巴巴表示,由于平头哥芯片产品线的成熟和客户的广泛应用,预计年出货量将大幅提升。 在AI产业高景气下,有“AI心脏”之称的AI芯片正受到全球巨头的积极对待。国外的OpenAI、英伟达、Meta、谷歌、微软、亚马逊等大厂均在积极自研自家的AI芯片。国内而言,除了前述阿里巴巴旗下的平头哥外,华为、寒武纪、百度、摩尔线程、海光信息等龙头,同样在积极研发AI芯片。 当前,市场普遍对AI芯片的需求表示乐观。比如英伟达CEO黄仁勋,日前在苏格兰出席AI峰会期间表示,随着人工智能向医疗、制造、金融服务等多个行业加速渗透,英伟达芯片的销量在2027年预计将达到当前年度水平的约两倍。 根据IDC的预测,全球AI芯片市场规模在2025年约为480亿美元,到2030年将增加至2800亿美元左右。根据亿欧智库的数据,我国AI芯片市场规模2026年有望达到2500亿元,到2029年有望增加到1.34万亿元,2026年至2029年的CAGR高达75%。 从产业链来看,亿欧智库表示,芯片设计(寒武纪、海光信息、摩尔线程等)、EDA/半导体IP(华大九天、澜起科技、概伦电子等)、半导体设备(盛美上海、北方华创、华海清科等)等环节受到市场较多关注。 郑重声明:用户在社区发表的所有信息将由本网站记录保存,仅代表作者个人观点,与本网站立场无关,不对您构成任何投资建议,据此操作风险自担。请勿相信代客理财、免费荐股和炒股培训等宣传内容,远离非法证券活动。请勿添加发言用户的手机号码、公众号、微博、微信及QQ等信息,谨防上当受骗! 郑重声明:东方财富网发布此信息的目的在于传播更多信息,与",财富号,Media,https://caifuhao.eastmoney.com/news/20260923154454202434300,Watch,,1,2,2,1.5,C,留在事件库供检索，但未达到本周正文相关性、证据质量或去重要求。,Database_Only,留在事件库供检索，但未达到本周正文相关性、证据质量或去重要求。,,,Pass A query 18; search discovery record pending full-text verification.,Yes
2026W39-WEB-210,2026-09-23,2026-09-23,China,Technology,Chip;AI,天元证券|阿里平头哥发布最强国产AI芯片_老陆说股11_淘股吧,天元证券|阿里平头哥发布最强国产AI芯片_老陆说股11_淘股吧,"AI芯片概念9月22日表现强势,板块中旋极信息、瑞芯微、禾盛新材涨停;炬芯科技、摩尔线程、澜起科技等跟涨。[淘股吧]消息面上,据财联社报道,在2026云栖大会上,平头哥发布最强国产AI芯片真武V900,算力提升至前代产品真武M890的3倍。阿里巴巴表示,由于平头哥芯片产品线的成熟和客户的广泛应用,预计年出货量将大幅提升。在AI产业高景气下,有“AI心脏”之称的AI芯片正受到全球巨头的积极对待。国外的OpenAI、英伟达、Meta、谷歌、微软、亚马逊等大厂均在积极自研自家的AI芯片。国内而言,除了前述阿里巴巴旗下的平头哥外,华为、寒武纪、百度、摩尔线程、海光信息等龙头,同样在积极研发AI芯片。当前,市场普遍对AI芯片的需求表示乐观。比如英伟达CEO黄仁勋,日前在苏格兰出席AI峰会期间表示,随着人工智能向医疗、制造、金融服务等多个行业加速渗透,英伟达芯片的销量在2027年预计将达到当前年度水平的约两倍。根据IDC的预测,全球AI芯片市场规模在2025年约为480亿美元,到2030年将增加至2800亿美元左右。根据亿欧智库的数据,我国AI芯片市场规模2026年有望达到2500亿元,到2029年有望增加到1.34万亿元,2026年至2029年的CAGR高达75%。 从产业链来看,亿欧智库表示,芯片设计(寒武纪、海光信息、摩尔线程等)、EDA/半导体IP(华大九天、澜起科技、概伦电子等)、半导体设备(盛美上海、北方华创、华海清科等)等环节受到市场较多关注。 声明:遵守相关法律法规,所发内容承担法律责任,倡导理性交流,远离非法证券活动,共建和谐交流环境!",www.tgb.cn,Media,https://www.tgb.cn/a/2vknC8ZFHFN,Watch,,1,2,2,1.5,C,留在事件库供检索，但未达到本周正文相关性、证据质量或去重要求。,Database_Only,留在事件库供检索，但未达到本周正文相关性、证据质量或去重要求。,,,Pass A query 18; search discovery record pending full-text verification.,Yes
2026W39-WEB-242,2026-09-23,2026-09-23,China,Technology,Commercial_Space,四川信息通信业全力做好攀枝花盐边“9·19”泥石流灾害应急通信保障工作,四川信息通信业全力做好攀枝花盐边“9·19”泥石流灾害应急通信保障工作,"2026年9月19日6时30分,四川省攀枝花市盐边县六合村突发泥石流灾害,造成攀枝花市盐边县2人遇难3人失联,基站退服3个,光缆中断2.5皮长公里。灾情发生后,四川省通信管理局第一时间组织攀枝花市通信发展办公室及属地应急保障队伍赶赴受灾区域开展应急通信保障工作,依托四川省空天地通信综合管理平台,为四川翼龙应急通信无人机增援任务提供空中通信基站服务。截至20日8时,退服基站和中断光缆已全部恢复,受灾区域公众通信网络运行平稳;四川通信行业累计出动保障人员73人,应急车辆19辆,发电油机15台,卫星电话7部,高通量卫星便携基站6台,应急通信车2辆;四川翼龙应急通信无人机执行任务期间累计接入9394人,建立通话572条,通话时长1666分钟,使用数据流量8573MB,收发短信3579次。",中华人民共和国工业和信息化部,Official,https://www.miit.gov.cn/xwfb/gxdt/dfdt/art/2026/art_f25fbd63cada4ca48d5a5ec81f09202c.html,S_Core,,1,2,2,1.5,C,留在事件库供检索，但未达到本周正文相关性、证据质量或去重要求。,Database_Only,留在事件库供检索，但未达到本周正文相关性、证据质量或去重要求。,,,Pass A query 23; search discovery record pending full-text verification.,Yes
2026W39-WEB-248,2026-09-23,2026-09-23,China,Policy,AI,关于公开征求《乙基硫化物生产安全技术规定》等42项行业标准复审结论意见的公示,关于公开征求《乙基硫化物生产安全技术规定》等42项行业标准复审结论意见的公示,"按照《工业通信业行业标准制定管理办法》对行业标准复审的要求,我们按程序组织开展了相关行业标准的复审工作。经相关行业协会、标准化技术组织评审,现将化工、建材、纺织、通信等4个行业,共42项行业标准复审结论予以公示。如有不同意见,请在公示期间将意见反馈至我司,电子邮件发送至kjbz@miit.gov.cn(邮件主题注明:行业标准复审结论公示反馈)。公示时间:2026年9月24日—2026年10月23日联系电话:010-64102958、68205241附件:42项拟废止行业标准复审结论汇总表(征求意见稿) 工业和信息化部科技司 2026年9月23日",中华人民共和国工业和信息化部,Official,https://www.miit.gov.cn/jgsj/kjs/jscx/bzgf/art/2026/art_9f0d3b3e859a4594adee2291c0f3dfec.html,S_Core,,1,2,2,1.5,C,留在事件库供检索，但未达到本周正文相关性、证据质量或去重要求。,Database_Only,留在事件库供检索，但未达到本周正文相关性、证据质量或去重要求。,,,Pass A query 23; search discovery record pending full-text verification.,Yes
2026W39-SUP-253,2026-09-23,2026-09-23,China,Policy,AI,关于公开征求《道路车辆 软件升级工程》等2项推荐性国家标准报批意见的公示,关于公开征求《道路车辆 软件升级工程》等2项推荐性国家标准报批意见的公示,"根据标准制修订计划,相关标准化技术组织已完成《道路车辆 软件升级工程》等2项推荐性国家标准的编制工作。为进一步听取社会各界意见,现予以公示。以上标准报批稿请登录“工业和信息化标准信息服务平台”网站(https://std.miit.gov.cn)“项目公示”栏目阅览,如有意见请于公示期内反馈。公示时间:2026年9月24日—2026年9月30日联系电话:010–68205241工业和信息化部科技司 2026年9月23日",中华人民共和国工业和信息化部,Official,https://www.miit.gov.cn/jgsj/kjs/jscx/bzgf/art/2026/art_56066c611c0b4823a155f9d255fb1f44.html,S_Core,,1,2,2,1.5,C,留在事件库供检索，但未达到本周正文相关性、证据质量或去重要求。,Database_Only,留在事件库供检索，但未达到本周正文相关性、证据质量或去重要求。,,,Targeted supplemental search supp-search-cn-01.json; pending full-text verification.,Yes
2026W39-SUP-264,2026-09-23,2026-09-23,China,Policy,AI,【新时代民营经济人士培育赋能第八期培训班在广州成功举办】-国家发展和改革委员会,【新时代民营经济人士培育赋能第八期培训班在广州成功举办】-国家发展和改革委员会,"9月20日至23日,国家发展改革委联合中央统战部、全国工商联在中共广东省委党校举办新时代民营经济人士培育赋能第八期培训班。各省、自治区、直辖市及计划单列市和新疆生产建设兵团的60余名民营企业代表参加培训。 此次培训深入贯彻落实习近平总书记在民营企业座谈会上的重要讲话精神,围绕强化企业科技创新主体地位,推动科技创新与产业创新融合,进一步激发新兴领域民间投资活力,聚焦智能制造、具身智能、重大技术攻关等开展专题授课,邀请民营企业家结合企业生产经营实践分享优秀管理经验,培育和弘扬新时代企业家精神。 培训期间,学员们认真聆听专家学者的政策解读,实地调研学习,深入交流研讨,圆满完成各项培训任务。学员们一致表示,将把本次培训所思所悟转化为企业经营发展的实际举措,坚定创新发展信心,以实业报国彰显民营企业家的使命担当。",中华人民共和国国家发展和改革委员会,Official,https://www.ndrc.gov.cn/fggz/202609/t20260923_1407803.html,S_Core,,1,2,2,1.5,C,留在事件库供检索，但未达到本周正文相关性、证据质量或去重要求。,Database_Only,留在事件库供检索，但未达到本周正文相关性、证据质量或去重要求。,,,Targeted supplemental search supp-search-cn-03.json; pending full-text verification.,Yes
2026W39-SUP-273,2026-09-23,2026-09-23,China,Policy,AI,国家科技管理信息系统公共服务平台,国家科技管理信息系统公共服务平台,"关于“十五五”国家重点研发计划“新污染物治理防控关键技术”重点专项2026年度项目申报指南建议征求意见的通知 发布时间:2026年09月23日 来源:生态环境部 请登录系统,在“公开公示—指南征求意见”菜单栏中查看指南征求意见材料。",科学技术部网站,Official,https://service.most.gov.cn/kjjh_tztg_all/20260923/5887.html,S_Core,,1,2,2,1.5,C,留在事件库供检索，但未达到本周正文相关性、证据质量或去重要求。,Database_Only,留在事件库供检索，但未达到本周正文相关性、证据质量或去重要求。,,,Targeted supplemental search supp-search-cn-06.json; pending full-text verification.,Yes
2026W39-SUP-277,2026-09-23,2026-09-23,China,Policy,AI,2026年中国-中东欧国家创新合作大会 “生物技术·跨维度产业跃迁”主题活动举行-中华人民共和国科学技术部,2026年中国-中东欧国家创新合作大会 “生物技术·跨维度产业跃迁”主题活动举行-中华人民共和国科学技术部,"2026年中国—中东欧国家创新合作大会 “生物技术·跨维度产业跃迁”主题活动举行 日期: 2026年09月23日 09:19 来源: 宁波市科学技术局 9月9日,2026年中国—中东欧国家创新合作大会“生物技术·跨维度产业跃迁”主题活动在宁波举行。国内外知名专家齐聚,探讨生物技术领域的合作潜力与产业前景。 生物技术主要依托基因编辑、合成生物学、细胞工程等技术,改造、创制和利用生物体系,产出医药、农业、绿色材料等各类产品与服务,关乎疾病治疗、粮食安全、能源转型乃至全球竞争。 匈牙利驻上海总领事罗亚当表示,匈牙利生物技术研发基础坚实、科研队伍水平较高,浙江创新生态充满活力、工程化能力突出,宁波更是中国与中东欧国家深化合作的重要窗口,完全可以开展长期务实合作。 当前,我国生物制造产业正加速向更多应用场景落地,“十五五”规划纲要提出,推动生物制造等成为新的经济增长点。宁波作为中国—中东欧国家经贸合作示范区的“桥头堡”,该如何挖掘产业潜力,重塑产业格局? 中国科学技术交流中心副主任杨雪梅建议,宁波可以与中东欧各国一起,面向生物技术全领域,推动学术互通、技术共享、人才联动和产业协同。 一方面,高校、科研机构和企业可以围绕基因治疗、精准诊疗、合成生物学等前沿方向,探索建立联合研发机制,依托共建“一带一路”联合实验室等平台,推动从基础研究到应用示范的全链条合作。 另一方面,长三角地区生物医药产业创新资源集聚,宁波中东欧医药交易(集采)平台已全面建成,并成为连接医药市场的便捷通道,可以依托上述资源,畅通成果转化通道,搭建技术转移、成果孵化一体化平台,推动先进技术双向落地转化。 此外,应加大青年科研人员互访交流力度,鼓励科学家特别是青年学者建立长期稳定的合作伙伴关系,厚植人才合作根基,为生物技术领域创新合作持续注入新活力。",科学技术部网站,Official,https://www.most.gov.cn/dfkj/zj/zxdt/202609/t20260923_197394.html,S_Core,,1,2,2,1.5,C,留在事件库供检索，但未达到本周正文相关性、证据质量或去重要求。,Database_Only,留在事件库供检索，但未达到本周正文相关性、证据质量或去重要求。,,,Targeted supplemental search supp-search-cn-06.json; pending full-text verification.,Yes
2026W39-SUP-278,2026-09-23,2026-09-23,China,Policy,AI,安徽省委书记梁言顺主持第六场日新:江淮科创沙龙活动-中华人民共和国科学技术部,安徽省委书记梁言顺主持第六场日新:江淮科创沙龙活动-中华人民共和国科学技术部,"日期: 2026年09月23日 09:20 来源: 安徽省科学技术厅 9月6日上午,安徽省委、省政府在安徽名人馆举办第六场日新:江淮科创沙龙。安徽省委书记梁言顺、省长王清宪与9名院士专家一起,围绕“贯彻基础研究座谈会精神 加强基础研究和信息科技”畅聊。梁言顺强调,要深入贯彻习近平总书记在加强基础研究座谈会上的重要讲话和考察安徽重要讲话精神,以更大力度、更实举措加强基础研究,着力提升科技创新策源功能,为实现高水平科技自立自强贡献更多安徽力量。省领导王东伟、单向前、覃卫国、韩军、任清华、罗平参加。 4个小时里,各位院士专家结合研究领域畅所欲言、提出建议。中国科学院院士、国家自然科学基金委员会主任窦贤康深入分析了基础研究的现状,建议加强人才培养和储备,把聪明、专注、热爱基础研究的人选拔出来,促进各领域科学加速突破。中国科学院院士、南方科技大学校长薛其坤阐述了如何思考基础研究的未来和今后安徽应该怎么干两个问题,认为要用科技定义未来,把人才作为第一资源,推动基础研究和应用研究深度结合、相互促进。中国科学院院士、中国科大校长常进表示,要坚持需求导向和问题导向,推动多学科交叉融合和跨学科研究,突出基础研究的原创性、引领性完善考核评价机制。中国科学院院士、中国科大常务副校长潘建伟表示,要充分运用AI引领科研范式变革,创造一切条件加强国际基础研究交流和合作,最大限度共享全世界的智慧成果。中国科学院院士、中国科学院大连化学物理研究所研究员杨学明认为,做基础研究工作必须重视技术和科学设备的更新迭代,加强高端科研仪器研发攻关,更好提升科研支撑能力。中国科学院院士、西湖大学校长施一公表示,中国基础研究实现突破是大势所趋,必须高度重视人才这一关键因素,创新体制机制,营造支持基础研究的良好生态。中国科学院院士、北京大学数学科学学院院长刘若川认为,应充分运用AI打破学科壁垒,把数学作为底层思维,用于解决",科学技术部网站,Official,https://www.most.gov.cn/dfkj/ah/zxdt/202609/t20260923_197396.html,S_Core,,1,2,2,1.5,C,留在事件库供检索，但未达到本周正文相关性、证据质量或去重要求。,Database_Only,留在事件库供检索，但未达到本周正文相关性、证据质量或去重要求。,,,Targeted supplemental search supp-search-cn-06.json; pending full-text verification.,Yes
2026W39-SUP-279,2026-09-23,2026-09-23,China,Policy,AI,2026年全国科技智库建设培训班在河北成功举办-中华人民共和国科学技术部,2026年全国科技智库建设培训班在河北成功举办-中华人民共和国科学技术部,"日期: 2026年09月23日 09:20 来源: 河北省科学技术厅 8月26日至28日,由中国科学技术发展战略研究院、河北省科学技术厅联合主办,河北省科学技术情报研究院承办的2026年全国科技智库建设培训班在石家庄举办。中国科学技术发展战略研究院副院长郭戎、河北省科学技术厅副厅长高建锋出席开班仪式并致辞。来自全国各省、自治区、直辖市科技厅(委、局)智库建设与战略研究负责人及所属科技智库相关负责人共50余人参加培训。 本次培训班以“‘十五五’开局的科技战略研究”为主题,旨在深入学习贯彻习近平总书记关于科技创新和新型智库建设的重要论述,落实国家中长期及“十五五”规划对科技创新的部署,加快推进高水平科技自立自强、引领发展新质生产力,着力提升地方科技智库研究水平和决策咨询能力。 郭戎在开班致辞中指出,2026年是“十五五”规划开局之年,做好科技战略研究对于开好局、起好步意义重大,希望全国各地方科技智库充分用好本次交流平台,互学互鉴、协同联动,凝聚科技战略研究合力,共同服务国家和地方科技创新科学决策,为科技强国建设贡献智库力量。他还以“面向‘十五五’开局科技战略研究的理论与方法简述”为题,系统阐释了科技革命与产业变革的理论基础与现实分析、科技发展外部环境变化的机制与逻辑、主要国家科技发展战略趋势等内容。 高建锋在开班致辞中表示,当前,新一轮科技革命和产业变革加速演进,对科技智库建设提出了新的更高要求,作为区域创新体系的重要组成部分,科技智库要切实当好服务科学决策、加快推进高水平科技自立自强的“智囊团”“思想库”。他还以“科技智库建设与高质量发展的实践与思考”为题,结合河北科技创新发展实际,深入剖析地方智库建设重点、难点和着力点,就“十五五”时期河北省深化科技智库建设提出了系统性思考与建议。 培训班采用“理论授课+现场教学+经验互鉴+专题研讨”多维教学模式,开展系统化培训。来自中国",科学技术部网站,Official,https://www.most.gov.cn/dfkj/hb/zxdt/202609/t20260923_197395.html,S_Core,,1,2,2,1.5,C,留在事件库供检索，但未达到本周正文相关性、证据质量或去重要求。,Database_Only,留在事件库供检索，但未达到本周正文相关性、证据质量或去重要求。,,,Targeted supplemental search supp-search-cn-06.json; pending full-text verification.,Yes
2026W39-SUP-283,2026-09-23,2026-09-23,China,Policy,AI,湖北“六个创新”建设武汉区域科创中心-中华人民共和国科学技术部,湖北“六个创新”建设武汉区域科创中心-中华人民共和国科学技术部,"日期: 2026年09月23日 09:17 来源: 湖北省科学技术厅 9月5日,中国共产党湖北省第十二届委员会第十二次全体会议召开,会议审议并通过《中共湖北省委关于高水平建设武汉区域科技创新中心、加快建成中部地区崛起重要战略支点的实施意见》(以下简称《实施意见》)。《实施意见》对科技创新、产业创新、金融创新、区域创新、开放创新、治理创新进行部署,擘画武汉区域科技创新中心的发展蓝图。 聚力科技创新,打造原始创新策源地。建强国家战略科技力量,构建梯次衔接、运转高效的实验室体系,全面强化基础研究,加快推进关键核心技术攻关,建设集展示、收储、撮合、交易、转化等功能于一体的光谷科技成果转化中心,努力打造具有全国影响力的科技创新高地。 加快产业创新,打造现代化产业体系。优化提升汽车、钢铁、化工等传统产业,培育壮大光电子信息、生物医药及高端医疗器械、新型能源、时空地理信息等新兴产业,前瞻布局量子科技、具身智能、6G、脑机接口等未来产业。全面激发产业创新活力,培育更多具有全球竞争力的一流企业。 加强金融创新,打造科创金融品牌。实施“科技金融+”行动,构建全生命周期的多元化金融服务体系。深化“一链一金融”服务模式,鼓励科技金融创新产品与服务在鄂先行先试。深化财政金融协同联动,扩围实施财政金融协同促内需一揽子政策。 推动区域创新,打造融合发展共同体。优化国土空间布局,完善利益分配等合作新机制,促进武汉都市圈一体化协同融合发展,打造高质量发展增长极。以武汉都市圈带动全省区域创新联动发展,推动宜昌、襄阳、江汉平原等地打造各具特色的高质量发展增长点,推动十堰、恩施、神农架等地强化生态保护,实现生态优先、绿色发展。加强中部地区协同创新,主动融入全国创新链。 深化开放创新,打造内陆开放高地。实施花湖机场、天河机场“双枢纽”提能工程,建设多式联运国际物流枢纽。建好用好自贸区、综保区、跨境电商综试区等开放",科学技术部网站,Official,https://www.most.gov.cn/dfkj/hub/zxdt/202609/t20260923_197392.html,S_Core,,1,2,2,1.5,C,留在事件库供检索，但未达到本周正文相关性、证据质量或去重要求。,Database_Only,留在事件库供检索，但未达到本周正文相关性、证据质量或去重要求。,,,Targeted supplemental search supp-search-cn-06.json; pending full-text verification.,Yes
2026W39-QCC-DOMESTIC-013,2026-09-23,2026-09-23,China,Financing,Chip,慷智集成,慷智集成A+轮融资记录,智能车载芯片研发商；企查查披露金额：未披露。,企查查（境内）,Database,N/A,Manual,,1,2,2,1.5,C,留在事件库供检索，但未达到本周正文相关性、证据质量或去重要求。,Database_Only,留在事件库供检索，但未达到本周正文相关性、证据质量或去重要求。,,,QCC raw_id=a788fda02a6432350e82a65c66a0bc4e；数据库线索不等于公司已公开确认，金额和日期保留原表口径。,No
2026W39-QCC-DOMESTIC-015,2026-09-23,2026-09-23,China,Financing,Chip,晶瓴半导体,晶瓴半导体A轮融资记录,电子专用材料研发生产商；企查查披露金额：未披露。,企查查（境内）,Database,N/A,Manual,,1,2,2,1.5,C,留在事件库供检索，但未达到本周正文相关性、证据质量或去重要求。,Database_Only,留在事件库供检索，但未达到本周正文相关性、证据质量或去重要求。,,,QCC raw_id=813b96867bd855b2cf6fe0027d6a0e0d；数据库线索不等于公司已公开确认，金额和日期保留原表口径。,No
2026W39-QCC-DOMESTIC-017,2026-09-23,2026-09-23,China,Financing,Chip,扑浪量子,扑浪量子Pre-A+轮融资记录,半导体纳米新材料技术服务商；企查查披露金额：未披露。,企查查（境内）,Database,N/A,Manual,,1,2,2,1.5,C,留在事件库供检索，但未达到本周正文相关性、证据质量或去重要求。,Database_Only,留在事件库供检索，但未达到本周正文相关性、证据质量或去重要求。,,,QCC raw_id=62c1865b6a84417a4bd7a20d187dd659；数据库线索不等于公司已公开确认，金额和日期保留原表口径。,No
2026W39-QCC-DOMESTIC-018,2026-09-23,2026-09-23,China,Financing,AI,新烛时代,新烛时代天使+轮融资记录,AI 赋能可控核聚变研发商；企查查披露金额：未披露。,企查查（境内）,Database,https://mp.weixin.qq.com/s?__biz=MzYzMTExNDM2OQ==&mid=2247484147&idx=1&sn=8bc661c5fc2e0a49e0dd441344731aae&poc_token=HOS6s2qjkK4IxZbiMwQWG05hxEZrLlObXKEMz0Zo,Manual,,1,2,2,1.5,C,留在事件库供检索，但未达到本周正文相关性、证据质量或去重要求。,Database_Only,留在事件库供检索，但未达到本周正文相关性、证据质量或去重要求。,,,QCC raw_id=80b374ea79b465c24702e8c3d7d9997b；数据库线索不等于公司已公开确认，金额和日期保留原表口径。,No
2026W39-QCC-DOMESTIC-019,2026-09-23,2026-09-23,China,Financing,Commercial_Space,白月际联,白月际联天使+轮融资记录,智能无人飞行器制造商；企查查披露金额：数亿元。,企查查（境内）,Database,https://mp.weixin.qq.com/s/GMqcdtpsQpJ2hpqFI2UJCg,Manual,,1,2,2,1.5,C,留在事件库供检索，但未达到本周正文相关性、证据质量或去重要求。,Database_Only,留在事件库供检索，但未达到本周正文相关性、证据质量或去重要求。,,,QCC raw_id=9f5ea40ae0c6592ad5131cc33b2c051f；数据库线索不等于公司已公开确认，金额和日期保留原表口径。,No
2026W39-QCC-DOMESTIC-020,2026-09-23,2026-09-23,China,Financing,Chip,神玑技术,神玑技术天使轮融资记录,智能驾驶芯片研发商；企查查披露金额：未披露。,企查查（境内）,Database,N/A,Manual,,1,2,2,1.5,C,留在事件库供检索，但未达到本周正文相关性、证据质量或去重要求。,Database_Only,留在事件库供检索，但未达到本周正文相关性、证据质量或去重要求。,,,QCC raw_id=120d9abbbb54b526e4fb9042d1820367；数据库线索不等于公司已公开确认，金额和日期保留原表口径。,No
2026W39-QCC-DOMESTIC-021,2026-09-23,2026-09-23,China,Financing,AI,工智图谱,工智图谱天使轮融资记录,人工智能科技服务商；企查查披露金额：未披露。,企查查（境内）,Database,N/A,Manual,,1,2,2,1.5,C,留在事件库供检索，但未达到本周正文相关性、证据质量或去重要求。,Database_Only,留在事件库供检索，但未达到本周正文相关性、证据质量或去重要求。,,,QCC raw_id=3c2db4a4eb47e1a9a0327f8bce4ddf9f；数据库线索不等于公司已公开确认，金额和日期保留原表口径。,No
2026W39-QCC-DOMESTIC-022,2026-09-23,2026-09-23,China,Financing,AI,丘脑智能,丘脑智能种子轮融资记录,时序性全模态AI记忆架构研发商；企查查披露金额：未披露。,企查查（境内）,Database,N/A,Manual,,1,2,2,1.5,C,留在事件库供检索，但未达到本周正文相关性、证据质量或去重要求。,Database_Only,留在事件库供检索，但未达到本周正文相关性、证据质量或去重要求。,,,QCC raw_id=3e6112b93ad20ec5877dd192de1c302c；数据库线索不等于公司已公开确认，金额和日期保留原表口径。,No
2026W39-QCC-OVERSEAS-013,2026-09-23,2026-09-23,Global,Financing,AI,Heidi Health,Heidi HealthC轮融资记录,临床医生 AI 助手研发商；企查查披露金额：3.4亿美元。,企查查（境外）,Database,https://digitalhealthfunding.com/heidi-raises-us340m-to-scale-its-ai-medical-scribe-globally/,Manual,,1,2,2,1.5,C,留在事件库供检索，但未达到本周正文相关性、证据质量或去重要求。,Database_Only,留在事件库供检索，但未达到本周正文相关性、证据质量或去重要求。,,,QCC raw_id=52144d64c8164f2f568b30f9cfb2bfdb；数据库线索不等于公司已公开确认，金额和日期保留原表口径。,No
2026W39-QCC-OVERSEAS-014,2026-09-23,2026-09-23,Global,Financing,AI,Noxtua,NoxtuaC轮融资记录,主权法律AI科技研发商；企查查披露金额：1亿欧元。,企查查（境外）,Database,https://raising.fi/news/noxtua-series-c-september-2026,Manual,,1,2,2,1.5,C,留在事件库供检索，但未达到本周正文相关性、证据质量或去重要求。,Database_Only,留在事件库供检索，但未达到本周正文相关性、证据质量或去重要求。,,,QCC raw_id=dd5073aadc01bdc1972c158a3ea265c8；数据库线索不等于公司已公开确认，金额和日期保留原表口径。,No
2026W39-QCC-OVERSEAS-015,2026-09-23,2026-09-23,Global,Financing,AI,UltraSight,UltraSightB+轮融资记录,医疗AI科技研发商；企查查披露金额：2400万美元。,企查查（境外）,Database,https://mp.weixin.qq.com/s?__biz=MzI5OTM3MDA4Mw==&mid=2247497491&idx=1&sn=fc1a02982bd1664f21beecfbfa8cdd19&poc_token=HMIlt2qjYsdED-PjffaTaBan1IH4SBj_cok3rJY5,Manual,,1,2,2,1.5,C,留在事件库供检索，但未达到本周正文相关性、证据质量或去重要求。,Database_Only,留在事件库供检索，但未达到本周正文相关性、证据质量或去重要求。,,,QCC raw_id=09d5be4d31bff5e06dc478d145d97489；数据库线索不等于公司已公开确认，金额和日期保留原表口径。,No
2026W39-QCC-OVERSEAS-016,2026-09-23,2026-09-23,Global,Financing,AI,Ema,EmaB轮融资记录,企业下一代人工智能解决方案开发商；企查查披露金额：7700万美元。,企查查（境外）,Database,https://www.odaily.news/zh-CN/newsflash/519813,Manual,,1,2,2,1.5,C,留在事件库供检索，但未达到本周正文相关性、证据质量或去重要求。,Database_Only,留在事件库供检索，但未达到本周正文相关性、证据质量或去重要求。,,,QCC raw_id=27416d32b00aa32333692cecf412533d；数据库线索不等于公司已公开确认，金额和日期保留原表口径。,No
2026W39-QCC-OVERSEAS-018,2026-09-23,2026-09-23,Global,Financing,AI,Health Force,Health Force种子轮融资记录,医院运营 AI 智能体服务商；企查查披露金额：420万欧元。,企查查（境外）,Database,https://mp.weixin.qq.com/s?__biz=MzY5ODMxNTgwNA==&mid=2247484314&idx=1&sn=9a770a888d8ff5af9a8a352564be8232&poc_token=HE08s2qj5-_3A6e5CJrdazdCPn6rEKQQy39VQceW,Manual,,1,2,2,1.5,C,留在事件库供检索，但未达到本周正文相关性、证据质量或去重要求。,Database_Only,留在事件库供检索，但未达到本周正文相关性、证据质量或去重要求。,,,QCC raw_id=c52819bc05220a990053298a95af894f；数据库线索不等于公司已公开确认，金额和日期保留原表口径。,No
2026W39-QCC-OVERSEAS-019,2026-09-23,2026-09-23,Global,Financing,AI,braendz,braendzPre-种子轮融资记录,AI 商标智能科技研发商；企查查披露金额：未披露。,企查查（境外）,Database,https://mp.weixin.qq.com/s?__biz=MjM5NTM2OTcwMA==&mid=2653963671&idx=7&sn=8aff04dc36dc0ebb4f114a4ec2c2c5c7&poc_token=HGjetWqjkbOCH5d22uXtr0Ow-O9jqPzZ1IhzsnYR,Manual,,1,2,2,1.5,C,留在事件库供检索，但未达到本周正文相关性、证据质量或去重要求。,Database_Only,留在事件库供检索，但未达到本周正文相关性、证据质量或去重要求。,,,QCC raw_id=c7247b97ffdbe4e7d6458319f29fe9c1；数据库线索不等于公司已公开确认，金额和日期保留原表口径。,No
2026W39-WEB-010,2026-09-24,2026-09-24,China,Technology,Space_Compute;Commercial_Space;AI,太空互联网离我们还有多远?“在轨AI”把算力搬上天_大众新闻_大众新媒体大平台,太空互联网离我们还有多远?“在轨AI”把算力搬上天_大众新闻_大众新媒体大平台,"太空算力,“联”是关键日前,中科宇航力箭一号运载火箭在东风商业航天创新试验区一飞冲天,顺利入轨的9颗卫星中,“超智算一号”“鹏城南科一号”等卫星具备星载AI智算能力。自从“太空算力”热起来,算力卫星或具备智算能力的卫星正成为航天领域的新宠,“算力上天”“在轨AI”也成了惹眼的概念。抛开直观、热闹的发射场面不说,应急、气象、科研等一线用户最关心的,不外乎这几件事:天上的算力,值不值那笔运费?卫星能不能自己“商量”着干点数据处理的活儿?数据多久能到我们手上?“天感地算”到“天感天算”“快”是核心很多卫星的工作方式像快递员,在天上收集数据,等飞过地面站时把“包裹”传下来,由“中转站”——地面数据中心解析后再分发给用户。受地面站资源、带宽等因素限制,只有不到1/10的有效卫星数据能传回地面,且数据时效性差。如此一来,不仅“物流慢”,随着卫星数量越来越多,“包裹”量急剧增长,“中转站”的调度运行压力也越来越大,卫星数据大量浪费在所难免。“我们要构建太空计算星座,把算力送到太空,实现计算卫星之间的互联互通,进而把人工智能送上天。”中国工程院院士、之江实验室主任王坚所言,代表了一种解决问题的思路:把算力搬上天,让“天上的事情天上干”。2025年,全球首个整轨互联的太空计算星座——三体计算星座首批12颗卫星顺利升空。同年11月,该星座通过星载“地表异常检测模型”发现我国西北某地一起火情,并自动对火点烟雾范围进行有效识别。“数据在太空中处理,处理结果直接送到用户手中,效率可提升至分钟级,甚至秒级。”三体计算星座技术总师李超说。今年7月,搭载3个AI气象模型的西光贰号03星入列三体计算星座。该卫星可在天上直接产出预报结果,将观测预警流程从传统气象卫星的90分钟压缩至分钟级响应,让台风路径预判、城市内涝预警、电网防灾调度等变得更快更准。“快”,不仅是信息获取效率的跃升,更是把卫星从被动的记录者转",大众日报,Media,https://dzrb.dzng.com/general/0/NEWS3706081MZQUIDYSXROKC,Watch,,1,2,2,1.5,C,留在事件库供检索，但未达到本周正文相关性、证据质量或去重要求。,Database_Only,留在事件库供检索，但未达到本周正文相关性、证据质量或去重要求。,,,Pass A query 1; search discovery record pending full-text verification.,Yes
2026W39-WEB-011,2026-09-24,2026-09-24,China,Technology,Space_Compute;Commercial_Space;AI,太空互联网离我们还有多远?“在轨AI”把算力搬上天_财富号_东方财富网,太空互联网离我们还有多远?“在轨AI”把算力搬上天_财富号_东方财富网,"太空算力,“联”是关键日前,中科宇航力箭一号运载火箭在东风商业航天创新试验区一飞冲天,顺利入轨的9颗卫星中,“超智算一号”“鹏城南科一号”等卫星具备星载AI智算能力。自从“太空算力”热起来,算力卫星或具备智算能力的卫星正成为航天领域的新宠,“算力上天”“在轨AI”也成了惹眼的概念。抛开直观、热闹的发射场面不说,应急、气象、科研等一线用户最关心的,不外乎这几件事:天上的算力,值不值那笔运费?卫星能不能自己“商量”着干点数据处理的活儿?数据多久能到我们手上?“天感地算”到“天感天算”“快”是核心很多卫星的工作方式像快递员,在天上收集数据,等飞过地面站时把“包裹”传下来,由“中转站”——地面数据中心解析后再分发给用户。受地面站资源、带宽等因素限制,只有不到1/10的有效卫星数据能传回地面,且数据时效性差。如此一来,不仅“物流慢”,随着卫星数量越来越多,“包裹”量急剧增长,“中转站”的调度运行压力也越来越大,卫星数据大量浪费在所难免。“我们要构建太空计算星座,把算力送到太空,实现计算卫星之间的互联互通,进而把人工智能送上天。”中国工程院院士、之江实验室主任王坚所言,代表了一种解决问题的思路:把算力搬上天,让“天上的事情天上干”。2025年,全球首个整轨互联的太空计算星座——三体计算星座首批12颗卫星顺利升空。同年11月,该星座通过星载“地表异常检测模型”发现我国西北某地一起火情,并自动对火点烟雾范围进行有效识别。“数据在太空中处理,处理结果直接送到用户手中,效率可提升至分钟级,甚至秒级。”三体计算星座技术总师李超说。今年7月,搭载3个AI气象模型的西光贰号03星入列三体计算星座。该卫星可在天上直接产出预报结果,将观测预警流程从传统气象卫星的90分钟压缩至分钟级响应,让台风路径预判、城市内涝预警、电网防灾调度等变得更快更准。“快”,不仅是信息获取效率的跃升,更是把卫星从被动的记录者转",财富号,Media,https://caifuhao.eastmoney.com/news/20260924090935695985160,Watch,,1,2,2,1.5,C,留在事件库供检索，但未达到本周正文相关性、证据质量或去重要求。,Database_Only,留在事件库供检索，但未达到本周正文相关性、证据质量或去重要求。,,,Pass A query 1; search discovery record pending full-text verification.,Yes
2026W39-WEB-013,2026-09-24,2026-09-24,China,Technology,Space_Compute;Commercial_Space;AI,太空互联网离我们还有多远?“在轨AI”把算力搬上天--科普中国--人民网,太空互联网离我们还有多远?“在轨AI”把算力搬上天--科普中国--人民网,"太空算力,“联”是关键 日前,中科宇航力箭一号运载火箭在东风商业航天创新试验区一飞冲天,顺利入轨的9颗卫星中,“超智算一号”“鹏城南科一号”等卫星具备星载AI智算能力。自从“太空算力”热起来,算力卫星或具备智算能力的卫星正成为航天领域的新宠,“算力上天”“在轨AI”也成了惹眼的概念。 抛开直观、热闹的发射场面不说,应急、气象、科研等一线用户最关心的,不外乎这几件事:天上的算力,值不值那笔运费?卫星能不能自己“商量”着干点数据处理的活儿?数据多久能到我们手上? “天感地算”到“天感天算” “快”是核心 很多卫星的工作方式像快递员,在天上收集数据,等飞过地面站时把“包裹”传下来,由“中转站”——地面数据中心解析后再分发给用户。 受地面站资源、带宽等因素限制,只有不到1/10的有效卫星数据能传回地面,且数据时效性差。如此一来,不仅“物流慢”,随着卫星数量越来越多,“包裹”量急剧增长,“中转站”的调度运行压力也越来越大,卫星数据大量浪费在所难免。 “我们要构建太空计算星座,把算力送到太空,实现计算卫星之间的互联互通,进而把人工智能送上天。”中国工程院院士、之江实验室主任王坚所言,代表了一种解决问题的思路:把算力搬上天,让“天上的事情天上干”。 2025年,全球首个整轨互联的太空计算星座——三体计算星座首批12颗卫星顺利升空。同年11月,该星座通过星载“地表异常检测模型”发现我国西北某地一起火情,并自动对火点烟雾范围进行有效识别。“数据在太空中处理,处理结果直接送到用户手中,效率可提升至分钟级,甚至秒级。”三体计算星座技术总师李超说。 今年7月,搭载3个AI气象模型的西光贰号03星入列三体计算星座。该卫星可在天上直接产出预报结果,将观测预警流程从传统气象卫星的90分钟压缩至分钟级响应,让台风路径预判、城市内涝预警、电网防灾调度等变得更快更准。 “快”,不仅是信息获取效率的跃升,更是",人民网,Media,https://kpzg.people.com.cn/n1/2026/0924/c404214-40805002.html,Watch,,1,2,2,1.5,C,留在事件库供检索，但未达到本周正文相关性、证据质量或去重要求。,Database_Only,留在事件库供检索，但未达到本周正文相关性、证据质量或去重要求。,,,Pass A query 1; search discovery record pending full-text verification.,Yes
2026W39-WEB-016,2026-09-24,2026-09-24,China,Technology,Space_Compute;Commercial_Space;AI,太空互联网离我们还有多远?“在轨AI”把算力搬上天_世界互联网大会,太空互联网离我们还有多远?“在轨AI”把算力搬上天_世界互联网大会,"太空算力,“联”是关键 日前,中科宇航力箭一号运载火箭在东风商业航天创新试验区一飞冲天,顺利入轨的9颗卫星中,“超智算一号”“鹏城南科一号”等卫星具备星载AI智算能力。自从“太空算力”热起来,算力卫星或具备智算能力的卫星正成为航天领域的新宠,“算力上天”“在轨AI”也成了惹眼的概念。 抛开直观、热闹的发射场面不说,应急、气象、科研等一线用户最关心的,不外乎这几件事:天上的算力,值不值那笔运费?卫星能不能自己“商量”着干点数据处理的活儿?数据多久能到我们手上? “天感地算”到“天感天算” “快”是核心 很多卫星的工作方式像快递员,在天上收集数据,等飞过地面站时把“包裹”传下来,由“中转站”——地面数据中心解析后再分发给用户。 受地面站资源、带宽等因素限制,只有不到1/10的有效卫星数据能传回地面,且数据时效性差。如此一来,不仅“物流慢”,随着卫星数量越来越多,“包裹”量急剧增长,“中转站”的调度运行压力也越来越大,卫星数据大量浪费在所难免。 “我们要构建太空计算星座,把算力送到太空,实现计算卫星之间的互联互通,进而把人工智能送上天。”中国工程院院士、之江实验室主任王坚所言,代表了一种解决问题的思路:把算力搬上天,让“天上的事情天上干”。 2025年,全球首个整轨互联的太空计算星座——三体计算星座首批12颗卫星顺利升空。同年11月,该星座通过星载“地表异常检测模型”发现我国西北某地一起火情,并自动对火点烟雾范围进行有效识别。“数据在太空中处理,处理结果直接送到用户手中,效率可提升至分钟级,甚至秒级。”三体计算星座技术总师李超说。 今年7月,搭载3个AI气象模型的西光贰号03星入列三体计算星座。该卫星可在天上直接产出预报结果,将观测预警流程从传统气象卫星的90分钟压缩至分钟级响应,让台风路径预判、城市内涝预警、电网防灾调度等变得更快更准。 “快”,不仅是信息获取效率的跃升,更是",世界互联网大会官网,Media,https://cn.wicinternet.org/2026-09/24/content_39019368.htm,Watch,,1,2,2,1.5,C,留在事件库供检索，但未达到本周正文相关性、证据质量或去重要求。,Database_Only,留在事件库供检索，但未达到本周正文相关性、证据质量或去重要求。,,,Pass A query 1; search discovery record pending full-text verification.,Yes
2026W39-WEB-018,2026-09-24,2026-09-24,China,Technology,Space_Compute;Commercial_Space;AI,太空互联网离我们还有多远?“在轨AI”把算力搬上天-中新网,太空互联网离我们还有多远?“在轨AI”把算力搬上天-中新网,"太空算力,“联”是关键 日前,中科宇航力箭一号运载火箭在东风商业航天创新试验区一飞冲天,顺利入轨的9颗卫星中,“超智算一号”“鹏城南科一号”等卫星具备星载AI智算能力。自从“太空算力”热起来,算力卫星或具备智算能力的卫星正成为航天领域的新宠,“算力上天”“在轨AI”也成了惹眼的概念。 抛开直观、热闹的发射场面不说,应急、气象、科研等一线用户最关心的,不外乎这几件事:天上的算力,值不值那笔运费?卫星能不能自己“商量”着干点数据处理的活儿?数据多久能到我们手上? “天感地算”到“天感天算” “快”是核心 很多卫星的工作方式像快递员,在天上收集数据,等飞过地面站时把“包裹”传下来,由“中转站”——地面数据中心解析后再分发给用户。 受地面站资源、带宽等因素限制,只有不到1/10的有效卫星数据能传回地面,且数据时效性差。如此一来,不仅“物流慢”,随着卫星数量越来越多,“包裹”量急剧增长,“中转站”的调度运行压力也越来越大,卫星数据大量浪费在所难免。 “我们要构建太空计算星座,把算力送到太空,实现计算卫星之间的互联互通,进而把人工智能送上天。”中国工程院院士、之江实验室主任王坚所言,代表了一种解决问题的思路:把算力搬上天,让“天上的事情天上干”。 2025年,全球首个整轨互联的太空计算星座——三体计算星座首批12颗卫星顺利升空。同年11月,该星座通过星载“地表异常检测模型”发现我国西北某地一起火情,并自动对火点烟雾范围进行有效识别。“数据在太空中处理,处理结果直接送到用户手中,效率可提升至分钟级,甚至秒级。”三体计算星座技术总师李超说。 今年7月,搭载3个AI气象模型的西光贰号03星入列三体计算星座。该卫星可在天上直接产出预报结果,将观测预警流程从传统气象卫星的90分钟压缩至分钟级响应,让台风路径预判、城市内涝预警、电网防灾调度等变得更快更准。 “快”,不仅是信息获取效率的跃升,更是",中国新闻网,Media,https://www.chinanews.com.cn/gn/2026/09-24/10702744.shtml,Watch,,1,2,2,1.5,C,留在事件库供检索，但未达到本周正文相关性、证据质量或去重要求。,Database_Only,留在事件库供检索，但未达到本周正文相关性、证据质量或去重要求。,,,Pass A query 1; search discovery record pending full-text verification.,Yes
2026W39-WEB-031,2026-09-24,2026-09-24,China,Technology,Commercial_Space,商业航天(BK0963)股吧_商业航天怎么样_分析讨论社区-东方财富网,商业航天(BK0963)股吧_商业航天怎么样_分析讨论社区-东方财富网,608209-26 12:1078081009-26 01:0643009-26 07:44278107-10 05:4048009-26 06:35232109-26 05:09461209-26 03:32391209-26 02:26614309-24 09:34219109-26 10:46818309-18 10:451120709-17 08:2063009-26 12:56643409-25 11:1452009-26 11:4428009-26 10:4233009-26 10:11109363809-24 11:4335009-26 07:32325209-25 03:49187109-26 12:03201209-25 07:2799009-25 07:45674109-25 06:25468809-25 10:5313464309-16 03:3236009-25 04:54186009-25 04:20194009-25 03:53314109-25 12:34434109-24 09:46281309-24 07:45395309-24 10:00299109-20 05:59217009-25 11:41348309-23 10:45355009-24 10:52869206-25 12:531921109-24 07:4811335009-24 08:18551309-24 05:24399009-24 09:25239109-24 08:15151109-24 07:56746009-24 08:34262009-24 07:3080771209-24 01:27396109-13 04:27519109-24 04:39420109-24 04:25374009-24 05:26397009-24 05:04440409-23 11:002,股吧,Media,"https://guba.eastmoney.com/list,bk0963.html",Watch,,1,2,2,1.5,C,留在事件库供检索，但未达到本周正文相关性、证据质量或去重要求。,Database_Only,留在事件库供检索，但未达到本周正文相关性、证据质量或去重要求。,,,Pass A query 2; search discovery record pending full-text verification.,Yes
2026W39-WEB-033,2026-09-24,2026-09-24,China,Policy,AI,快递市场管理办法解读-电脑软件-PHP中文网,快递市场管理办法解读-电脑软件-PHP中文网,"1、 null 2、 为强化快递市场监督管理而出台的部门规章。 3、 为健全快递市场监管机制,保障寄递安全与公共利益,切实维护用户及从业人员合法权益,促进快递服务提质增效、规范发展,特制定《快递市场管理办法》。 4、 快递行业协会应当依照法律、行政法规及其章程规定,制定行业规范公约,加强行业自律,为企业提供信息共享、专业培训等支持服务,助力行业持续健康发展。 5、 从事快递业务的企业须严格遵守服务规范,依法合规开展经营活动,持续提升服务质量,切实保障用户知情权、选择权与信息安全,并全面落实各项监管要求。 6、 企业在收寄环节应主动向用户说明快递运单所载服务条款内容,对高价值物品建议用户办理保价或保险服务,以增强寄递过程中的风险防范能力。 7、 企业在快件分拣过程中,应依据快件类型、时效要求实行分类分区作业,严格执行操作流程,实时准确录入并同步上传处理信息;严禁暴力分拣,不得抛掷、踩踏、挤压或以其他方式损毁快件,确保快件安全与服务品质。 8、 企业应按照承诺的服务时限完成快件的全程寄递。 9、 企业须将快件准确送达寄件人指定的收件地址,并交由收件人本人或其授权的代收人签收。 10、 本内容整理自权威公开资料,相关信息参考依据包括交通运输部令2023年第22号《快递市场管理办法》及官方政策解读。",php中文网,Media,https://www.php.cn/faq/3180256.html,Watch,,1,2,2,1.5,C,留在事件库供检索，但未达到本周正文相关性、证据质量或去重要求。,Database_Only,留在事件库供检索，但未达到本周正文相关性、证据质量或去重要求。,,,Pass A query 2; search discovery record pending full-text verification.,Yes
2026W39-WEB-034,2026-09-24,2026-09-24,China,Technology,Space_Compute;Commercial_Space;Chip;AI,太空AI时代真的来了吗 在轨处理加速情报周转_新闻频道_中华网,太空AI时代真的来了吗 在轨处理加速情报周转_新闻频道_中华网,"将AI计算机放在卫星上存在多个难点。太空中的真空环境使得芯片主要依靠辐射散热,高性能AI芯片功耗高,需要专门热控措施。此外,高空粒子和宇宙射线可能导致单粒子翻转、数据错误和器件性能漂移。因此,星载AI通常使用抗辐照芯片或商用芯片外加系统级容错、加固和冗余设计。供电也是一个限制因素,卫星依赖太阳翼取电,必须平衡通信、姿控、存储和载荷的需求。通信环节决定了星上计算结果能否及时送达地面。超智算一号强调只回传高价值结果,鹏城星则配备星地激光通信,以减少原始数据回传压力。然而,高速相对运动的卫星之间建立和保持链路并不简单,还需处理光斑对准、平台振动和大气影响等问题。单颗卫星具备识别能力并不代表整个星座已形成算力网。多星协同需要解决谁拍到、谁先算、结果给谁以及模型更新等问题。超智算一号和鹏城星都在探索激光星间链路和容器化算法切换,但实际调度能力仍需进一步测试。此次发射展示了商业航天的发展成果。力箭一号系列已成功发射17次,将1艘飞船和121颗卫星送入太空,入轨载荷总质量超过21吨。中科宇航计划在未来几年内增加发射频率,并准备首次海上发射,以提供更多发射窗口。这次一箭9星的发射表明,低轨卫星的竞争正从单一的高分辨率成像扩展到更快提供可用结果的能力。",中华网新闻频道,Media,https://news.china.com/socialgd/10000169/20260924/49763842_1.html,Watch,,1,2,2,1.5,C,留在事件库供检索，但未达到本周正文相关性、证据质量或去重要求。,Database_Only,留在事件库供检索，但未达到本周正文相关性、证据质量或去重要求。,,,Pass A query 3; search discovery record pending full-text verification.,Yes
2026W39-WEB-035,2026-09-24,2026-09-24,China,Technology,Space_Compute;Commercial_Space;AI,太空互联网离我们还有多远?“在轨AI”把算力搬上天_腾讯新闻,太空互联网离我们还有多远?“在轨AI”把算力搬上天_腾讯新闻,"日前,中科宇航力箭一号运载火箭在东风商业航天创新试验区一飞冲天,顺利入轨的9颗卫星中,“超智算一号”“鹏城南科一号”等卫星具备星载AI智算能力。自从“太空算力”热起来,算力卫星或具备智算能力的卫星正成为航天领域的新宠,“算力上天”“在轨AI”也成了惹眼的概念。 抛开直观、热闹的发射场面不说,应急、气象、科研等一线用户最关心的,不外乎这几件事:天上的算力,值不值那笔运费?卫星能不能自己“商量”着干点数据处理的活儿?数据多久能到我们手上? “天感地算”到“天感天算” “快”是核心 很多卫星的工作方式像快递员,在天上收集数据,等飞过地面站时把“包裹”传下来,由“中转站”——地面数据中心解析后再分发给用户。 受地面站资源、带宽等因素限制,只有不到1/10的有效卫星数据能传回地面,且数据时效性差。如此一来,不仅“物流慢”,随着卫星数量越来越多,“包裹”量急剧增长,“中转站”的调度运行压力也越来越大,卫星数据大量浪费在所难免。 “我们要构建太空计算星座,把算力送到太空,实现计算卫星之间的互联互通,进而把人工智能送上天。”中国工程院院士、之江实验室主任王坚所言,代表了一种解决问题的思路:把算力搬上天,让“天上的事情天上干”。 2025年,全球首个整轨互联的太空计算星座——三体计算星座首批12颗卫星顺利升空。同年11月,该星座通过星载“地表异常检测模型”发现我国西北某地一起火情,并自动对火点烟雾范围进行有效识别。“数据在太空中处理,处理结果直接送到用户手中,效率可提升至分钟级,甚至秒级。”三体计算星座技术总师李超说。 今年7月,搭载3个AI气象模型的西光贰号03星入列三体计算星座。该卫星可在天上直接产出预报结果,将观测预警流程从传统气象卫星的90分钟压缩至分钟级响应,让台风路径预判、城市内涝预警、电网防灾调度等变得更快更准。 “快”,不仅是信息获取效率的跃升,更是把卫星从被动的记录者转变",腾讯网,Media,https://news.qq.com/rain/a/20260924A0B08700,Watch,,1,2,2,1.5,C,留在事件库供检索，但未达到本周正文相关性、证据质量或去重要求。,Database_Only,留在事件库供检索，但未达到本周正文相关性、证据质量或去重要求。,,,Pass A query 3; search discovery record pending full-text verification.,Yes
2026W39-WEB-037,2026-09-24,2026-09-24,China,Policy,Space_Compute;Commercial_Space;AI,太空AI时代真的来了吗 在轨处理加速情报周转_新闻频道_中华网,太空AI时代真的来了吗 在轨处理加速情报周转_新闻频道_中华网,"太空AI时代真的来了吗 在轨处理加速情报周转!9月20日12时03分,力箭一号遥十八在东风商业航天创新试验区点火,将超智算一号等9颗卫星送入预定轨道。这些卫星在山火、洪水、地质灾害发生时能够快速提供地面变化信息,帮助确定灾害范围和道路状况。传统遥感卫星通常先传回原始大图,再由地面机房筛选识别,整个过程往往需要数小时。而超智算一号则采用新思路,在拍摄后先进行在轨影像解析、目标识别和数据筛选,只回传关键结果,如火点范围、异常目标和重点区域,旨在将响应时间从数小时压缩到分钟级。超智算一号主载荷包括一套4米可见光相机和一台星载AI计算机。相机负责拍摄,计算机负责在轨处理数据并筛选有用信息。这种做法改变了遥感数据的处理顺序,从过去的“天感地算”变为“天感天算”,减少了带宽压力,加快了情报周转速度。同批发射的鹏城首发星(又称鹏城南科一号)也采用了类似技术,搭载5G非地面网络通信、星地激光通信和数字视网膜在轨计算,能够在天上完成部分通信、感知和识别任务,提高突发灾情的响应速度。多星发射任务面临诸多挑战,如星箭总体匹配、载荷接口兼容性和多星分离时序。力箭一号副总师孙良杰提到,9颗卫星重量、尺寸和电气接口各不相同,需在整流罩内分层排布,并按设定顺序分离,避免碰撞或扰动其他卫星入轨。力箭一号通过使用通用化星箭电气接口和标准化卫星支架,提高了多星发射效率。此次超智算一号与秦岭01、秦岭02、云霄探路者、谛听01组A/B/C、鹏城首发星、浦江四号一起拼车发射,降低了成本和时间。这些卫星不仅用于拍照,还承担遥感、频谱监测、通信和在轨计算等多种任务。例如,秦岭01、02服务于秦岭和黄河地区的生态监测;谛听01组A/B/C进行天基电磁频谱监测;云霄探路者和浦江四号分别进行科学试验和观测验证。",中华网新闻频道,Media,https://news.china.com/socialgd/10000169/20260924/49763842.html,Watch,,1,2,2,1.5,C,留在事件库供检索，但未达到本周正文相关性、证据质量或去重要求。,Database_Only,留在事件库供检索，但未达到本周正文相关性、证据质量或去重要求。,,,Pass A query 3; search discovery record pending full-text verification.,Yes
2026W39-WEB-041,2026-09-24,2026-09-24,China,Technology,Space_Compute;Commercial_Space;AI,太空互联网离我们还有多远?“在轨AI”把算力搬上天_腾讯新闻,太空互联网离我们还有多远?“在轨AI”把算力搬上天_腾讯新闻,"太空算力,“联”是关键 日前,中科宇航力箭一号运载火箭在东风商业航天创新试验区一飞冲天,顺利入轨的9颗卫星中,“超智算一号”“鹏城南科一号”等卫星具备星载AI智算能力。自从“太空算力”热起来,算力卫星或具备智算能力的卫星正成为航天领域的新宠,“算力上天”“在轨AI”也成了惹眼的概念。 抛开直观、热闹的发射场面不说,应急、气象、科研等一线用户最关心的,不外乎这几件事:天上的算力,值不值那笔运费?卫星能不能自己“商量”着干点数据处理的活儿?数据多久能到我们手上? “天感地算”到“天感天算” “快”是核心 很多卫星的工作方式像快递员,在天上收集数据,等飞过地面站时把“包裹”传下来,由“中转站”——地面数据中心解析后再分发给用户。 受地面站资源、带宽等因素限制,只有不到1/10的有效卫星数据能传回地面,且数据时效性差。如此一来,不仅“物流慢”,随着卫星数量越来越多,“包裹”量急剧增长,“中转站”的调度运行压力也越来越大,卫星数据大量浪费在所难免。 “我们要构建太空计算星座,把算力送到太空,实现计算卫星之间的互联互通,进而把人工智能送上天。”中国工程院院士、之江实验室主任王坚所言,代表了一种解决问题的思路:把算力搬上天,让“天上的事情天上干”。 2025年,全球首个整轨互联的太空计算星座——三体计算星座首批12颗卫星顺利升空。同年11月,该星座通过星载“地表异常检测模型”发现我国西北某地一起火情,并自动对火点烟雾范围进行有效识别。“数据在太空中处理,处理结果直接送到用户手中,效率可提升至分钟级,甚至秒级。”三体计算星座技术总师李超说。 今年7月,搭载3个AI气象模型的西光贰号03星入列三体计算星座。该卫星可在天上直接产出预报结果,将观测预警流程从传统气象卫星的90分钟压缩至分钟级响应,让台风路径预判、城市内涝预警、电网防灾调度等变得更快更准。 “快”,不仅是信息获取效率的跃升,更是",腾讯网,Media,https://news.qq.com/rain/a/20260924A04A3C00,Watch,,1,2,2,1.5,C,留在事件库供检索，但未达到本周正文相关性、证据质量或去重要求。,Database_Only,留在事件库供检索，但未达到本周正文相关性、证据质量或去重要求。,,,Pass A query 3; search discovery record pending full-text verification.,Yes
2026W39-WEB-042,2026-09-24,2026-09-24,China,Technology,Space_Compute;Commercial_Space;AI,互联网发展_河北网信网,互联网发展_河北网信网,"太空算力,“联”是关键 日前,中科宇航力箭一号运载火箭在东风商业航天创新试验区一飞冲天,顺利入轨的9颗卫星中,“超智算一号”“鹏城南科一号”等卫星具备星载AI智算能力。自从“太空算力”热起来,算力卫星或具备智算能力的卫星正成为航天领域的新宠,“算力上天”“在轨AI”也成了惹眼的概念。 抛开直观、热闹的发射场面不说,应急、气象、科研等一线用户最关心的,不外乎这几件事:天上的算力,值不值那笔运费?卫星能不能自己“商量”着干点数据处理的活儿?数据多久能到我们手上? “天感地算”到“天感天算” “快”是核心 很多卫星的工作方式像快递员,在天上收集数据,等飞过地面站时把“包裹”传下来,由“中转站”――地面数据中心解析后再分发给用户。 受地面站资源、带宽等因素限制,只有不到1/10的有效卫星数据能传回地面,且数据时效性差。如此一来,不仅“物流慢”,随着卫星数量越来越多,“包裹”量急剧增长,“中转站”的调度运行压力也越来越大,卫星数据大量浪费在所难免。 “我们要构建太空计算星座,把算力送到太空,实现计算卫星之间的互联互通,进而把人工智能送上天。”中国工程院院士、之江实验室主任王坚所言,代表了一种解决问题的思路:把算力搬上天,让“天上的事情天上干”。 2025年,全球首个整轨互联的太空计算星座――三体计算星座首批12颗卫星顺利升空。同年11月,该星座通过星载“地表异常检测模型”发现我国西北某地一起火情,并自动对火点烟雾范围进行有效识别。“数据在太空中处理,处理结果直接送到用户手中,效率可提升至分钟级,甚至秒级。”三体计算星座技术总师李超说。 今年7月,搭载3个AI气象模型的西光贰号03星入列三体计算星座。该卫星可在天上直接产出预报结果,将观测预警流程从传统气象卫星的90分钟压缩至分钟级响应,让台风路径预判、城市内涝预警、电网防灾调度等变得更快更准。 “快”,不仅是信息获取效率的跃升,更是",河北网信网,Official,https://www.caheb.gov.cn/system/2026/09/24/030396714.shtml,S_Core,,1,2,2,1.5,C,留在事件库供检索，但未达到本周正文相关性、证据质量或去重要求。,Database_Only,留在事件库供检索，但未达到本周正文相关性、证据质量或去重要求。,,,Pass A query 3; search discovery record pending full-text verification.,Yes
2026W39-WEB-043,2026-09-24,2026-09-24,China,Policy,Commercial_Space,"商业航天企业拿下近20亿融资,大型可回收火箭计划2027年首飞|硬氪独家|东风商业航天|发动机|可回收火箭|批产|航天企业|融资_手机网易网","商业航天企业拿下近20亿融资,大型可回收火箭计划2027年首飞|硬氪独家|东风商业航天|发动机|可回收火箭|批产|航天企业|融资_手机网易网","作者|黄楠编辑|袁斯来硬氪独家获悉,商业航天公司「深蓝航天」完成两轮融资,总规模近20亿元。投资方包括无锡高新区投控集团、锡创投等地方国资,毅达资本、海松资本、上海自贸区基金、卓源资本、万石资本、华福资本等投资机构,宝通科技、宏润建设、尤洛卡等产业资本,及苏州施必牢等产业链企业。本轮资金将重点投向公司目前两大可回收复用运载火箭谱系的研发与商业化、产业化推进;同时,也将大幅推进发动机批产能力建设及发射试验设施等地面设施建设,以及核心人才引进。自成立以来,深蓝航天专注液氧煤油可回收火箭路线。其中,中型运载火箭“星云一号”近地轨道运载能力为4-6吨,完全快速响应整箭包箭发射业务与拼车发射需求;核心产品“星云二号”定位25吨级近地轨道运力,面向大型低轨星座发射需求。其雷霆-RS发动机日前已完成多次100秒、200秒长程试车,单机200秒试车已覆盖飞行全时长。按照规划,星云二号计划于2027年完成首飞试验,未来采用“筷子夹”塔架捕获方案实现一子级回收复用。 打开网易新闻 查看精彩图片 深蓝航天大型可回收火箭(图源/企业)中国商业航天正在经历一个关键转折,企业从完成技术验证,转向构建工程化交付能力。随着各家陆续完成发动机试车、火箭入轨等关键节点,不仅拓宽了资本对这条赛道的想象空间,行业的评估维度也在发生演进。发动机批产进展与真实订单需求,成为当前业界重点考察的维度。这一转变的底层逻辑,根植于商业航天产业的经济结构。发射成本若无法有效下降,星座建设的商业模型便难以成立。目前,国内民营火箭仍处于成本下探的关键阶段,而低轨星座的组网需求通常需要数百次发射支撑,若成本维持高位,卫星公司的规模化组网将受到实质性制约。可回收技术是打开这个空间的关键。在技术路线层面,深蓝航天的火箭设计从架构之初便以回收能力为关键约束条件。星云一号和星云二号两型可回收火箭的迭代,既提升了运力,也针对不同市场、客户和",网易,Media,https://m.163.com/dy/article/L7J3G6AB05118DFD.html,Watch,,1,2,2,1.5,C,留在事件库供检索，但未达到本周正文相关性、证据质量或去重要求。,Database_Only,留在事件库供检索，但未达到本周正文相关性、证据质量或去重要求。,,,Pass A query 4; search discovery record pending full-text verification.,Yes
2026W39-WEB-044,2026-09-24,2026-09-24,China,Financing,Commercial_Space;AI,"英葡军方都在采购,欧洲防务开始抢全球订单;星云火箭主攻可回收复用,中国商业航天的“猎鹰时刻”还差多远?| 创投日报_腾讯新闻","英葡军方都在采购,欧洲防务开始抢全球订单;星云火箭主攻可回收复用,中国商业航天的“猎鹰时刻”还差多远?| 创投日报_腾讯新闻","一、海外AI数据与医疗AI赛道出现超大额融资Snorkel AI(3.5亿美元E轮,以数据为中心的AI开发平台)和Heidi(3.4亿美元C轮,临床AI助手)分别代表AI数据基础设施和AI医疗应用两个方向。两家公司均获得顶级基金重仓,AI在垂直行业的落地正在加速。 二、国内商业航天与核聚变持续获得大额融资深蓝航天(20亿D轮,可回收复用火箭)获毅达资本、海松资本、锡创投等联合投资;星环聚能(1亿A+轮,球形托卡马克)获汽轮科技、杭氧股份等产业方投资。商业航天和核聚变作为长周期硬科技赛道,资本持续加注。 三、海外能源与生物医药早期融资活跃Verda(1.89亿美元B轮,AI算力基础设施)获三菱日联、SuperMicro等投资;Basecamp Research(1.4亿美元C轮,AI生物医药)获英伟达、NATO创新基金等联合投资。海外资本在“AI+能源”和“AI+生物”方向的布局持续加码。",腾讯网,Media,https://news.qq.com/rain/a/20260924A0ARW400,Watch,,1,2,2,1.5,C,留在事件库供检索，但未达到本周正文相关性、证据质量或去重要求。,Database_Only,留在事件库供检索，但未达到本周正文相关性、证据质量或去重要求。,,,Pass A query 4; search discovery record pending full-text verification.,Yes
2026W39-WEB-046,2026-09-24,2026-09-24,China,Policy,Commercial_Space,"商业航天企业拿下近20亿融资,大型可回收火箭计划2027年首飞|硬氪独家-36氪","商业航天企业拿下近20亿融资,大型可回收火箭计划2027年首飞|硬氪独家-36氪","作者|黄楠 编辑|袁斯来 硬氪独家获悉,商业航天公司「深蓝航天」完成两轮融资,总规模近20亿元。投资方包括无锡高新区投控集团、锡创投等地方国资,毅达资本、海松资本、上海自贸区基金、卓源资本、万石资本、华福资本等投资机构,宝通科技、宏润建设、尤洛卡等产业资本,及苏州施必牢等产业链企业。 本轮资金将重点投向公司目前两大可回收复用运载火箭谱系的研发与商业化、产业化推进;同时,也将大幅推进发动机批产能力建设及发射试验设施等地面设施建设,以及核心人才引进。 自成立以来,深蓝航天专注液氧煤油可回收火箭路线。其中,中型运载火箭“星云一号”近地轨道运载能力为4-6吨,完全快速响应整箭包箭发射业务与拼车发射需求;核心产品“星云二号”定位25吨级近地轨道运力,面向大型低轨星座发射需求。其雷霆-RS发动机日前已完成多次100秒、200秒长程试车,单机200秒试车已覆盖飞行全时长。 按照规划,星云二号计划于2027年完成首飞试验,未来采用“筷子夹”塔架捕获方案实现一子级回收复用。 深蓝航天大型可回收火箭(图源/企业) 中国商业航天正在经历一个关键转折,企业从完成技术验证,转向构建工程化交付能力。随着各家陆续完成发动机试车、火箭入轨等关键节点,不仅拓宽了资本对这条赛道的想象空间,行业的评估维度也在发生演进。发动机批产进展与真实订单需求,成为当前业界重点考察的维度。 这一转变的底层逻辑,根植于商业航天产业的经济结构。发射成本若无法有效下降,星座建设的商业模型便难以成立。目前,国内民营火箭仍处于成本下探的关键阶段,而低轨星座的组网需求通常需要数百次发射支撑,若成本维持高位,卫星公司的规模化组网将受到实质性制约。 可回收技术是打开这个空间的关键。在技术路线层面,深蓝航天的火箭设计从架构之初便以回收能力为关键约束条件。星云一号和星云二号两型可回收火箭的迭代,既提升了运力,也针对不同市场、客户和场景给出了不",36氪,Media,https://www.36kr.com/p/3995830324875401,Watch,,1,2,2,1.5,C,留在事件库供检索，但未达到本周正文相关性、证据质量或去重要求。,Database_Only,留在事件库供检索，但未达到本周正文相关性、证据质量或去重要求。,,,Pass A query 4; search discovery record pending full-text verification.,Yes
2026W39-WEB-049,2026-09-24,2026-09-24,China,Financing,Commercial_Space,"聚力远航,箭指星云!深蓝航天完成近20亿融资,加速攻坚可回收液体火箭深蓝航天20_财富号_东方财富网","聚力远航,箭指星云!深蓝航天完成近20亿融资,加速攻坚可回收液体火箭深蓝航天20_财富号_东方财富网","本轮融资资金将重点投向公司两大运载火箭谱系研发与产业化推进。深蓝航天将持续推进中型可回收液体运载火箭星云一号各项研制工作,优化一子级垂直回收技术体系,完善火箭总装、试验流程,稳步推进首发相关任务,打造面向中小卫星组网、专项搭载任务的常态化商业发射主力型号;并加快大型液体可回收运载火箭星云二号深度研发攻关,围绕大吨位运力需求完成总体方案深化、关键技术验证,构建适配大型低轨星座批量组网的重型天地往返运输能力。同时,深蓝航天也将持续推进”雷霆“系列液氧煤油发动机、“星云""系列箭体结构产品的研发迭代、工艺优化与量产能力建设,不断夯实可回收液体火箭全链条自主研发制造基础,加速推动系列火箭从技术验证走向规模化商业运营。毅达资本长期深耕硬科技与先进制造赛道,紧扣中国产业结构升级的核心脉络,挖掘具备长期成长价值的战略性投资机遇。我们判断,商业航天正处于技术突破向规模化应用跨越的关键拐点,可回收火箭技术是驱动中国商业航天产业降本增效、迈入发展新阶段的核心抓手。毅达资本高度认可深蓝航天团队在火箭垂直回收复用领域的技术深耕与系列落地成果,将坚定支持并长期陪伴具备新质生产力潜力的优质企业共同成长。我们期待深蓝航天星云一号成为中国首款首飞即实现回收的运载火箭,也祝愿企业大中型火箭早日攻克入轨回收技术,凭借大运力、低成本、高频次的发射能力,匹配大型卫星星座快速组网的核心需求,开创中国商业火箭产业的全新发展格局。海松资本长期深耕硬科技赛道,持续发掘前沿领域具备发展潜力的科创企业。可回收液体火箭是拉动太空经济增长的重要支点,也是商业航天产业价值释放的关键基础。深蓝航天聚焦火箭回收核心技术攻关,在可重复使用液体火箭方向已积累了一定的技术验证数据与工程实践经验。海松资本将持续跟踪该赛道的技术迭代与长期产业演进。面向广阔的太空发展机遇,海松资本愿链接产业生态、赋能科创成长,共同助力中国商业航天迈向新高度。商业航",财富号,Media,https://caifuhao.eastmoney.com/news/20260924124708670512580,Watch,,1,2,2,1.5,C,留在事件库供检索，但未达到本周正文相关性、证据质量或去重要求。,Database_Only,留在事件库供检索，但未达到本周正文相关性、证据质量或去重要求。,,,Pass A query 4; search discovery record pending full-text verification.,Yes
2026W39-WEB-051,2026-09-24,2026-09-24,China,Financing,Commercial_Space;AI,"深蓝航天完成近20亿融资,加速攻坚可回收液体火箭|投资界","深蓝航天完成近20亿融资,加速攻坚可回收液体火箭|投资界","江苏深蓝航天有限公司(下称“深蓝航天”)是一家以运载火箭研发、生产及提供商业发射服务为核心业务的商业航天企业。投资界(ID:pedaily2012)9月24日消息,深蓝航天完成两轮融资,总规模近20亿元人民币。本轮融资方包括无锡高新区投控集团、毅达资本、海松资本、锡创投、上海自贸区基金、宝通科技、宏润建设、尤洛卡、卓源资本、万石资本、华福资本、苏州施必牢精密紧固件有限公司、正悦投资等一众知名产业资本与知名专业机构,其中无锡高新区投控集团、卓源资本、正悦投资等作为老股东加注。本轮融资资金将重点投向公司两大运载火箭谱系研发与产业化推进。深蓝航天自成立以来,一直聚焦液体可回收复用运载火箭的研制,致力于大幅提升人类进入太空的能力、降低进入太空的成本。公司的愿景是“立志成为太空运输产业的推动者”。深蓝航天主打产品“星云”系列运载火箭:包括“星云一号”液体可回收复用运载火箭、“星云二号”大型液体可回收复用运载火箭;与之配套的“雷霆”系列液体火箭发动机分别为“雷霆R”液氧煤油发动机和“雷霆RS”液氧煤油发动机。深蓝航天通过对“星云”系列运载火箭一子级的垂直回收和重复使用,大幅度降低火箭发射服务成本,提升发射服务能力。目前,公司自主研发的“星云”系列可复用液体火箭已完成多次试验验证,配套“雷霆”系列针栓式液氧煤油发动机具备深度变推力与多次启动核心能力,为构建高可靠、低成本、高频次天地往返运输系统筑牢技术根基。深蓝航天将持续推进中型可回收液体运载火箭星云一号各项研制工作,优化一子级垂直回收技术体系,完善火箭总装、试验流程,稳步推进首发相关任务,打造面向中小卫星组网、专项搭载任务的常态化商业发射主力型号;并加快大型液体可回收运载火箭星云二号深度研发攻关,围绕大吨位运力需求完成总体方案深化、关键技术验证,构建适配大型低轨星座批量组网的重型天地往返运输能力。同时,深蓝航天也将持续推进”雷霆“系列",投资界,Media,https://m.pedaily.cn/news/569589,Watch,,1,2,2,1.5,C,留在事件库供检索，但未达到本周正文相关性、证据质量或去重要求。,Database_Only,留在事件库供检索，但未达到本周正文相关性、证据质量或去重要求。,,,Pass A query 4; search discovery record pending full-text verification.,Yes
2026W39-WEB-052,2026-09-24,2026-09-24,China,Financing,Commercial_Space;AI,"深蓝航天完成近20亿融资,加速攻坚可回收液体火箭_投资界","深蓝航天完成近20亿融资,加速攻坚可回收液体火箭_投资界","江苏深蓝航天有限公司(下称“深蓝航天”)是一家以运载火箭研发、生产及提供商业发射服务为核心业务的商业航天企业。投资界(ID:pedaily2012)9月24日消息,深蓝航天完成两轮融资,总规模近20亿元人民币。本轮融资方包括无锡高新区投控集团、毅达资本、海松资本、锡创投、上海自贸区基金、宝通科技、宏润建设、尤洛卡、卓源资本、万石资本、华福资本、苏州施必牢精密紧固件有限公司、正悦投资等一众知名产业资本与知名专业机构,其中无锡高新区投控集团、卓源资本、正悦投资等作为老股东加注。本轮融资资金将重点投向公司两大运载火箭谱系研发与产业化推进。深蓝航天自成立以来,一直聚焦液体可回收复用运载火箭的研制,致力于大幅提升人类进入太空的能力、降低进入太空的成本。公司的愿景是“立志成为太空运输产业的推动者”。深蓝航天主打产品“星云”系列运载火箭:包括“星云一号”液体可回收复用运载火箭、“星云二号”大型液体可回收复用运载火箭;与之配套的“雷霆”系列液体火箭发动机分别为“雷霆R”液氧煤油发动机和“雷霆RS”液氧煤油发动机。深蓝航天通过对“星云”系列运载火箭一子级的垂直回收和重复使用,大幅度降低火箭发射服务成本,提升发射服务能力。目前,公司自主研发的“星云”系列可复用液体火箭已完成多次试验验证,配套“雷霆”系列针栓式液氧煤油发动机具备深度变推力与多次启动核心能力,为构建高可靠、低成本、高频次天地往返运输系统筑牢技术根基。深蓝航天将持续推进中型可回收液体运载火箭星云一号各项研制工作,优化一子级垂直回收技术体系,完善火箭总装、试验流程,稳步推进首发相关任务,打造面向中小卫星组网、专项搭载任务的常态化商业发射主力型号;并加快大型液体可回收运载火箭星云二号深度研发攻关,围绕大吨位运力需求完成总体方案深化、关键技术验证,构建适配大型低轨星座批量组网的重型天地往返运输能力。同时,深蓝航天也将持续推进”雷霆“系列",投资界,Media,https://news.pedaily.cn/202609/569589.shtml,Watch,,1,2,2,1.5,C,留在事件库供检索，但未达到本周正文相关性、证据质量或去重要求。,Database_Only,留在事件库供检索，但未达到本周正文相关性、证据质量或去重要求。,,,Pass A query 4; search discovery record pending full-text verification.,Yes
2026W39-WEB-053,2026-09-24,2026-09-24,China,Financing,Commercial_Space;AI,"深蓝航天完成近20亿融资,加速攻坚可回收液体火箭_大风号_凤凰网","深蓝航天完成近20亿融资,加速攻坚可回收液体火箭_大风号_凤凰网","江苏深蓝航天有限公司(下称“深蓝航天”)是一家以运载火箭研发、生产及提供商业发射服务为核心业务的商业航天企业。投资界(ID:pedaily2012)9月24日消息,深蓝航天完成两轮融资,总规模近20亿元人民币。本轮融资方包括无锡高新区投控集团、毅达资本、海松资本、锡创投、上海自贸区基金、宝通科技、宏润建设、尤洛卡、卓源资本、万石资本、华福资本、苏州施必牢精密紧固件有限公司、正悦投资等一众知名产业资本与知名专业机构,其中无锡高新区投控集团、卓源资本、正悦投资等作为老股东加注。本轮融资资金将重点投向公司两大运载火箭谱系研发与产业化推进。深蓝航天自成立以来,一直聚焦液体可回收复用运载火箭的研制,致力于大幅提升人类进入太空的能力、降低进入太空的成本。公司的愿景是“立志成为太空运输产业的推动者”。深蓝航天主打产品“星云”系列运载火箭:包括“星云一号”液体可回收复用运载火箭、“星云二号”大型液体可回收复用运载火箭;与之配套的“雷霆”系列液体火箭发动机分别为“雷霆R”液氧煤油发动机和“雷霆RS”液氧煤油发动机。深蓝航天通过对“星云”系列运载火箭一子级的垂直回收和重复使用,大幅度降低火箭发射服务成本,提升发射服务能力。目前,公司自主研发的“星云”系列可复用液体火箭已完成多次试验验证,配套“雷霆”系列针栓式液氧煤油发动机具备深度变推力与多次启动核心能力,为构建高可靠、低成本、高频次天地往返运输系统筑牢技术根基。深蓝航天将持续推进中型可回收液体运载火箭星云一号各项研制工作,优化一子级垂直回收技术体系,完善火箭总装、试验流程,稳步推进首发相关任务,打造面向中小卫星组网、专项搭载任务的常态化商业发射主力型号;并加快大型液体可回收运载火箭星云二号深度研发攻关,围绕大吨位运力需求完成总体方案深化、关键技术验证,构建适配大型低轨星座批量组网的重型天地往返运输能力。同时,深蓝航天也将持续推进”雷霆“系列液",凤凰网,Media,https://feng.ifeng.com/c/8wfxnZZ63zb,Watch,,1,2,2,1.5,C,留在事件库供检索，但未达到本周正文相关性、证据质量或去重要求。,Database_Only,留在事件库供检索，但未达到本周正文相关性、证据质量或去重要求。,,,Pass A query 4; search discovery record pending full-text verification.,Yes
2026W39-WEB-054,2026-09-24,2026-09-24,China,Policy,Commercial_Space;AI,"深蓝航天完成近20亿元新融资,星云二号计划2027年完成首飞试验-我的钢铁网","深蓝航天完成近20亿元新融资,星云二号计划2027年完成首飞试验-我的钢铁网","智能摘要 内容由AI生成 深蓝航天完成两轮融资,总规模近20亿元,资金将重点投向两大可回收复用运载火箭谱系的研发、商业化与产业化。 深蓝航天完成两轮融资,总规模近20亿元,投资方涵盖地方国资、投资机构、产业资本及产业链企业。 资金将重点投向两大可回收复用运载火箭谱系的研发、商业化与产业化。按规划,星云二号2027年完成首飞试验,未来采用“筷子夹”塔架捕获方案实现一子级回收复用。 资讯编辑:吴命媛 021-26093301 资讯监督:乐卫扬 021-26093827 资讯投诉:陈跃进 021-26093100 免责声明:Mysteel发布的原创及转载内容,仅供客户参考,不作为决策建议。原创内容版权归Mysteel所有,转载需取得Mysteel书面授权,且Mysteel保留对任何侵权行为和有悖原创内容原意的引用行为进行追究的权利。转载内容来源于网络,目的在于传递更多信息,方便学习与交流,并不代表Mysteel赞同其观点及对其真实性、完整性负责。",我的钢铁网,Media,https://news.mysteel.com/a/26092410/25B429856ADB18B8.html,Watch,,1,2,2,1.5,C,留在事件库供检索，但未达到本周正文相关性、证据质量或去重要求。,Database_Only,留在事件库供检索，但未达到本周正文相关性、证据质量或去重要求。,,,Pass A query 4; search discovery record pending full-text verification.,Yes
2026W39-WEB-055,2026-09-24,2026-09-24,China,Financing,Commercial_Space,"聚力远航,箭指星云!深蓝航天完成近20亿融资,加速攻坚可回收液体火箭_财经频道_证券之星","聚力远航,箭指星云!深蓝航天完成近20亿融资,加速攻坚可回收液体火箭_财经频道_证券之星","江苏深蓝航天有限公司(以下简称“深蓝航天”)完成两轮融资,总规模近20亿元人民币。本轮融资稳步推进,吸引了无锡高新区投控集团、毅达资本、海松资本、锡创投、上海自贸区基金、宝通科技、宏润建设、尤洛卡、卓源资本、万石资本、华福资本、苏州施必牢精密紧固件有限公司、正悦投资等一众知名产业资本与知名专业机构加持,充分体现了资本市场对商业航天这一战略性新兴产业的高度重视,以及对深蓝航天技术实力与发展前景的坚定信心。本轮融资中,无锡高新区投控集团、卓源资本、正悦投资等作为老股东,再次为深蓝航天的发展注入资金。此次持续追加投资,不仅为深蓝航天的研发与生产注入了强劲动力,更彰显了股东们共同推进中国商业航天事业飞速发展的决心。自从成立以来,深蓝航天一直聚焦于中大型液体可回收复用运载火箭的研制,致力于大幅降低进入太空的成本、提升进入太空的能力。公司自主研发的“星云”系列可复用液体火箭已完成多次试验验证,配套“雷霆”系列针栓式液氧煤油发动机具备深度变推力与多次启动核心能力,为构建高可靠、低成本、高频次天地往返运输系统筑牢技术根基。本轮融资资金将重点投向公司两大运载火箭谱系研发与产业化推进。深蓝航天将持续推进中型可回收液体运载火箭星云一号各项研制工作,优化一子级垂直回收技术体系,完善火箭总装、试验流程,稳步推进首发相关任务,打造面向中小卫星组网、专项搭载任务的常态化商业发射主力型号;并加快大型液体可回收运载火箭星云二号深度研发攻关,围绕大吨位运力需求完成总体方案深化、关键技术验证,构建适配大型低轨星座批量组网的重型天地往返运输能力。同时,深蓝航天也将持续推进”雷霆“系列液氧煤油发动机、“星云""系列箭体结构产品的研发迭代、工艺优化与量产能力建设,不断夯实可回收液体火箭全链条自主研发制造基础,加速推动系列火箭从技术验证走向规模化商业运营。股东寄语:毅达资本:毅达资本长期深耕硬科技与先进制造赛道,紧扣中国",证券之星财经频道,Media,https://finance.stockstar.com/IG2026092400014408.shtml,Watch,,1,2,2,1.5,C,留在事件库供检索，但未达到本周正文相关性、证据质量或去重要求。,Database_Only,留在事件库供检索，但未达到本周正文相关性、证据质量或去重要求。,,,Pass A query 4; search discovery record pending full-text verification.,Yes
2026W39-WEB-057,2026-09-24,2026-09-24,China,Financing,Commercial_Space,深蓝航天完成近20亿元融资 宝通科技、宏润建设等上市公司参投,深蓝航天完成近20亿元融资 宝通科技、宏润建设等上市公司参投,"近日,江苏深蓝航天有限公司(以下简称“深蓝航天”)宣布完成B6、B7轮融资,总规模近20亿元人民币。本轮融资吸引了无锡高新区投控集团、毅达资本、海松资本、锡创投、上海自贸区基金、宝通科技、宏润建设、尤洛卡、卓源资本、万石资本、苏州施必牢精密紧固件有限公司、正悦投资等一众知名产业资本与知名专业机构加持。其中,无锡高新区投控集团、卓源资本、正悦投资等作为老股东,再次为深蓝航天的发展注入资金。自从成立以来,深蓝航天一直聚焦于中大型液体可回收复用运载火箭的研制,致力于大幅降低进入太空的成本、提升进入太空的能力。公司自主研发的“星云”系列可复用液体火箭已完成多次试验验证,配套“雷霆”系列针栓式液氧煤油发动机具备深度变推力与多次启动核心能力,为构建高可靠、低成本、高频次天地往返运输系统筑牢技术根基。本轮融资资金将重点投向公司两大运载火箭谱系研发与产业化推进。深蓝航天将持续推进中型可回收液体运载火箭星云一号各项研制工作,优化一子级垂直回收技术体系,完善火箭总装、试验流程,稳步推进首发相关任务,打造面向中小卫星组网、专项搭载任务的常态化商业发射主力型号;并加快大型液体可回收运载火箭星云二号深度研发攻关,围绕大吨位运力需求完成总体方案深化、关键技术验证,构建适配大型低轨星座批量组网的重型天地往返运输能力。同时,深蓝航天也将持续推进“雷霆”系列液氧煤油发动机、“星云”系列箭体结构产品的研发迭代、工艺优化与量产能力建设,不断夯实可回收液体火箭全链条自主研发制造基础,加速推动系列火箭从技术验证走向规模化商业运营。“我们判断,商业航天正处于技术突破向规模化应用跨越的关键拐点,可回收火箭技术是驱动中国商业航天产业降本增效、迈入发展新阶段的核心抓手。”毅达资本方面表示,期待深蓝航天星云一号成为中国首款首飞即实现回收的运载火箭。“商业航天正迎来前所未有的发展机遇,可回收运载火箭更是重塑行业格局的核心赛道",证券时报,Media,https://stcn.com/article/detail/4198422.html,Watch,,1,2,2,1.5,C,留在事件库供检索，但未达到本周正文相关性、证据质量或去重要求。,Database_Only,留在事件库供检索，但未达到本周正文相关性、证据质量或去重要求。,,,Pass A query 4; search discovery record pending full-text verification.,Yes
2026W39-WEB-067,2026-09-24,2026-09-24,US,Policy,AI,FCC清单和中国联网汽车限制的新动向|美国国会|市场准入|共和党|民主党|商务部_新浪新闻,FCC清单和中国联网汽车限制的新动向|美国国会|市场准入|共和党|民主党|商务部_新浪新闻,"9月23日,美国国会宣布推进两项涉及中国企业市场准入的立法行动。一项准备调整FCC的清单制度,另一项则试图加快推进限制中国联网汽车的法案。 众议院能源和商业委员会共和党主席Brett Guthrie和民主党首席议员Frank Pallone,当天公布了《2026年通信与技术透明度法案》(Communications and Technology Transparency Act of 2026)的文本和逐条说明。 两人在联合声明中说,现有制度虽然发挥过作用,但技术发展很快,监管存在漏洞,作出决定的过程也缺乏足够的透明度和一致性。他们希望扩大能够纳入监管的技术范围,同时把行政部门作出决定的依据和程序写得更清楚。 Covered List由美国联邦通信委员会(FCC)管理。哪些产品和服务可以列入这份安全风险清单,要看法定机构作出的认定。这次改革准备调整这些认定的来源。 现行法律允许跨部门机构或适当的国家安全机构作出独立认定。新提案删除了这两条路径,把行政部门的认定集中到商务部的信息与通信技术及服务审查程序。根据法案,商务部长必须先按相关规则正式决定禁止有关交易,再由负责通信与信息事务的商务部助理部长书面通知FCC。国会在其他法律中规定的列名依据仍然保留,并加入《2025财年国防授权法》第1709条要求列名的情形。 FCC如果收到书面风险通知,必须在60天内转交商务部审查。但注意这只是转交通知的期限,不是要求在60天内完成调查或实施禁令。商务部和FCC还要定期开会,相关国家安全机构负责人也有机会参加,并没有被排除在决策协调之外。 法案中多处“通信设备或服务”,将改为范围更广的“信息与通信技术或服务”,采用商务部相关规则中的定义。FCC清单由此可以覆盖更多技术,但新增列名也有了对象限制,必须针对受“外国对手”控制的实体生产或提供的技术与服务。按法案引用的定义,“外国对手”是指中国",新浪网,Media,https://k.sina.com.cn/article_7215195177_1ae0f242901901f0ao.html,Watch,,1,2,2,1.5,C,留在事件库供检索，但未达到本周正文相关性、证据质量或去重要求。,Database_Only,留在事件库供检索，但未达到本周正文相关性、证据质量或去重要求。,,,Pass A query 5; search discovery record pending full-text verification.,Yes
2026W39-WEB-070,2026-09-24,2026-09-24,US,Technology,Commercial_Space,"美官宣太空武器就位!中国反制王牌曝光,第一枪可能比爆炸更致命 - 今日头条","美官宣太空武器就位!中国反制王牌曝光,第一枪可能比爆炸更致命 - 今日头条","朋友们大家好!今天小界来和大家聊聊美国太空军事扩张的话题!2026年9月,美方传出一条不算张扬的消息:美军首次对外确认,已具备在轨太空控制能力,并部署了相应的太空控制武器。没有现场演示,没有装备参数,只有一句措辞克制的官方表态。我读完这份声明的第一判断是,太空军事的游戏规则,从这一刻起已经换了底层逻辑,这条消息放在五年前,一定会成为全球头条。但今天它没有,原因不复杂。过去十几年,太空军事化早已从秘密探索走到半公开阶段。2019年底美国正式成立太空军,把太空列为与陆、海、空并列的第四作战域。此后数年,反卫星试验、在轨服务飞行器、太空态势感知卫星陆续露面。到2026年这份声明出来时,业内其实不意外,只是等一张正式的牌照。多数人对太空战的想象还停留在银幕画面:卫星平台架着激光炮,轨道舰队互相齐射。真实的博弈要冷酷得多。它的第一轮打击大概率没有火光,甚至听不到任何爆炸声。几颗卫星骤然失联,导航信号偏移几米,侦察镜头拍到目标却回传不了数据,整个战场的信息层像被人轻轻拔了网线。过去一百年,人类对战争制高点的理解换过好几轮。工业革命后拼钢铁吨位与火炮射程,战列舰的排水量就是国家实力的名片。信息革命后拼雷达、通信与数据链,谁先发现对方,谁就多活几分钟。到今天,我认为真正的制高点已经移到了头顶几百公里的轨道上。这个转折在1991年海湾战争里就露出了苗头。那场战争中,美军第一次大规模使用GPS制导的巡航导弹,在千里之外精准打击伊拉克目标。当时伊军拥有苏制先进防空系统,却根本不知道导弹从哪个方向飞来。背后托举打击精度的,是几十颗在轨卫星组成的导航和侦察网络。那场战争之后,全球军事观察家都意识到一个事实:没有卫星,再先进的常规装备也发挥不出一半战力,道理并不复杂。导弹要靠卫星导航,战机要靠数据链协同,远洋舰队要靠远程通信,战略侦察要靠卫星回传图像。现代军队表面在陆海空交火,背后托底的是那张看不见的",今日头条,Media,https://www.toutiao.com/article/7689014695109345807/,Watch,,1,2,2,1.5,C,留在事件库供检索，但未达到本周正文相关性、证据质量或去重要求。,Database_Only,留在事件库供检索，但未达到本周正文相关性、证据质量或去重要求。,,,Pass A query 5; search discovery record pending full-text verification.,Yes
2026W39-WEB-072,2026-09-24,2026-09-24,US,Technology,Commercial_Space,我国成功发射卫星互联网低轨26组卫星_大众新闻_大众新媒体大平台,我国成功发射卫星互联网低轨26组卫星_大众新闻_大众新媒体大平台,"北京时间2026年9月23日21时32分,我国在海南商业航天发射场使用长征八号甲运载火箭,成功将卫星互联网低轨26组卫星发射升空,卫星顺利进入预定轨道,发射任务获得圆满成功。",大众日报,Media,https://dzrb.dzng.com/general/0/NEWS3705693OOQNATWLOZSSF,Watch,,1,2,2,1.5,C,留在事件库供检索，但未达到本周正文相关性、证据质量或去重要求。,Database_Only,留在事件库供检索，但未达到本周正文相关性、证据质量或去重要求。,,,Pass A query 6; search discovery record pending full-text verification.,Yes
2026W39-WEB-076,2026-09-24,2026-09-24,US,Technology,Commercial_Space,我国成功发射卫星互联网低轨26组卫星_大风号_凤凰网,我国成功发射卫星互联网低轨26组卫星_大风号_凤凰网,"北京时间2026年9月23日21时32分,我国在海南商业航天发射场使用长征八号甲运载火箭,成功将卫星互联网低轨26组卫星发射升空,卫星顺利进入预定轨道,发射任务获得圆满成功。(央视新闻)",凤凰网,Media,https://feng.ifeng.com/c/8wfsk09uGoV,Watch,,1,2,2,1.5,C,留在事件库供检索，但未达到本周正文相关性、证据质量或去重要求。,Database_Only,留在事件库供检索，但未达到本周正文相关性、证据质量或去重要求。,,,Pass A query 6; search discovery record pending full-text verification.,Yes
2026W39-WEB-078,2026-09-24,2026-09-24,US,Policy,Commercial_Space,我国成功发射卫星互联网低轨26组卫星,我国成功发射卫星互联网低轨26组卫星,"2026年9月23日,我国在海南商业航天发射场使用长征八号甲运载火箭,成功将卫星互联网低轨26组卫星发射升空,卫星顺利进入预定轨道,发射任务获得圆满成功。前期,工业和信息化部指导完成了相关卫星的国内频率协调,批量颁发了空间无线电台执照和无线电频率使用许可,为卫星互联网项目的顺利实施提供了有力支撑。",中华人民共和国工业和信息化部,Official,https://wap.miit.gov.cn/jgsj/wgj/gzdt/art/2026/art_ff35b1bf6d6a47f7a9732da343bb556e.html,S_Core,,1,2,2,1.5,C,留在事件库供检索，但未达到本周正文相关性、证据质量或去重要求。,Database_Only,留在事件库供检索，但未达到本周正文相关性、证据质量或去重要求。,,,Pass A query 6; search discovery record pending full-text verification.,Yes
2026W39-WEB-079,2026-09-24,2026-09-24,US,Policy,Commercial_Space,我国成功发射卫星互联网低轨26组卫星,我国成功发射卫星互联网低轨26组卫星,"2026年9月23日,我国在海南商业航天发射场使用长征八号甲运载火箭,成功将卫星互联网低轨26组卫星发射升空,卫星顺利进入预定轨道,发射任务获得圆满成功。前期,工业和信息化部指导完成了相关卫星的国内频率协调,批量颁发了空间无线电台执照和无线电频率使用许可,为卫星互联网项目的顺利实施提供了有力支撑。",中华人民共和国工业和信息化部,Official,https://www.miit.gov.cn/jgsj/wgj/gzdt/art/2026/art_ff35b1bf6d6a47f7a9732da343bb556e.html,S_Core,,1,2,2,1.5,C,留在事件库供检索，但未达到本周正文相关性、证据质量或去重要求。,Database_Only,留在事件库供检索，但未达到本周正文相关性、证据质量或去重要求。,,,Pass A query 6; search discovery record pending full-text verification.,Yes
2026W39-WEB-085,2026-09-24,2026-09-24,US,Technology,Commercial_Space,我国成功发射卫星互联网低轨26组卫星_新闻频道_央视网(cctv.com),我国成功发射卫星互联网低轨26组卫星_新闻频道_央视网(cctv.com),我国成功发射卫星互联网低轨26组卫星 来源:央视新闻 | 2026年09月24日 00:01:25 央视新闻 | 2026年09月24日 00:01:25 原标题:,央视网新闻频道,Media,https://news.cctv.com/2026/09/24/ARTIn6oLcCIZkcdmyGKFfobO260923.shtml,Watch,,1,2,2,1.5,C,留在事件库供检索，但未达到本周正文相关性、证据质量或去重要求。,Database_Only,留在事件库供检索，但未达到本周正文相关性、证据质量或去重要求。,,,Pass A query 6; search discovery record pending full-text verification.,Yes
2026W39-WEB-086,2026-09-24,2026-09-24,US,Technology,Commercial_Space,我国成功发射卫星互联网低轨26组卫星,我国成功发射卫星互联网低轨26组卫星,"9月23日21时32分,我国在海南商业航天发射场使用长征八号甲运载火箭,成功将卫星互联网低轨26组卫星发射升空,卫星顺利进入预定轨道,发射任务获得圆满成功。 catalogs:51457;contentid:15667050;publishdate:2026-09-24;author:李丁丁;file:1790215536420-aa3461fd-d4c2-4ec4-8f84-c2c119ba3e5b;source:29;from:新华社;timestamp:2026-09-24 10:05:35; [责任编辑: ] 阅读剩余全文()",光明网,Media,https://m.gmw.cn/2026-09/24/content_1304567598.htm,Watch,,1,2,2,1.5,C,留在事件库供检索，但未达到本周正文相关性、证据质量或去重要求。,Database_Only,留在事件库供检索，但未达到本周正文相关性、证据质量或去重要求。,,,Pass A query 6; search discovery record pending full-text verification.,Yes
2026W39-WEB-088,2026-09-24,2026-09-24,US,Policy,Commercial_Space,"深蓝航天完成近20亿元新融资,星云二号计划2027年完成首飞试验-我的钢铁网","深蓝航天完成近20亿元新融资,星云二号计划2027年完成首飞试验-我的钢铁网","深蓝航天完成两轮融资,总规模近20亿元,投资方涵盖地方国资、投资机构、产业资本及产业链企业。 资金将重点投向两大可回收复用运载火箭谱系的研发、商业化与产业化。按规划,星云二号2027年完成首飞试验,未来采用“筷子夹”塔架捕获方案实现一子级回收复用。",我的钢铁网,Media,https://m.mysteel.com/a/26092410/25B429856ADB18B8_abc.html,Watch,,1,2,2,1.5,C,留在事件库供检索，但未达到本周正文相关性、证据质量或去重要求。,Database_Only,留在事件库供检索，但未达到本周正文相关性、证据质量或去重要求。,,,Pass A query 7; search discovery record pending full-text verification.,Yes
2026W39-WEB-092,2026-09-24,2026-09-24,US,Policy,Commercial_Space,卫星互联网建设加速 投资机会在哪儿?_财富号_东方财富网,卫星互联网建设加速 投资机会在哪儿?_财富号_东方财富网,"一、为什么加速:不是口号,是被规则「逼」出来的确定性很多新兴产业的主题是「想象空间驱动」,但卫星互联网不一样 —— 它的紧迫感来自一条国际规则的硬约束: 国际电信联盟(ITU)实行「先申报、先部署、先占有」的频轨规则,星座须在 14 年内完成规定比例部署,否则已申报的轨道与频率权益失效。中国已向 ITU 申报的总规模约 20.3 万颗星座频轨资源。其中 GW 星座须在 2029 年 9 月前完成约 1300 颗部署才能保住权益。 这意味着 2026–2029 年的发射量不是一个「可选的投资节奏」,而是必须完成的履约义务 —— 这是本轮投资最硬的确定性来源。二、组网进度:已经在跑,但离目标仍有明确缺口截至 2026 年中:GW 星座在轨约 171–195 颗,千帆(G60)星座在轨约 238 颗。 而 GW 的 2026 年目标是 400–648 颗、千帆是 324 颗。 换句话说,下半年到明年,还有几百颗卫星的制造与发射订单要落地 —— 这就是订单可见度的具体形态。读法: 不要把「在轨 195 颗 / 总规划 12992 颗」理解为「完成度 1.5%、空间巨大」,那是错的框架。 正确的框架是 —— 剩余未发射量 = 未来数年的确定性订单池,而 A 股公司的受益程度,取决于它在这个池子里单星价值量有多大、能不能批量交付。三、产业节奏:先「造」后「用」,钱先落在最上游低轨卫星互联网产业链的价值分布有一个关键特征,直接决定了投资节奏:上游卫星制造 + 火箭发射仅占产业链价值 7%–10%,中游地面设备约 50%,下游应用服务约 40%。 但恰恰是价值占比最低的上游,是产业爆发初期最先兑现业绩的环节 —— 因为必须先有天上的星,才谈得上地面的用。卫星本身的成本结构(这是最核心的一张拆分)单星价值大致是「载荷约 60% + 平台约 40%」。而载荷里最贵、壁垒最高的部分,是相控阵天线",财富号,Media,https://caifuhao.eastmoney.com/news/20260924173017840326550,Watch,,1,2,2,1.5,C,留在事件库供检索，但未达到本周正文相关性、证据质量或去重要求。,Database_Only,留在事件库供检索，但未达到本周正文相关性、证据质量或去重要求。,,,Pass A query 7; search discovery record pending full-text verification.,Yes
2026W39-WEB-093,2026-09-24,2026-09-24,US,Technology,Commercial_Space,"马斯克:SpaceX41号飞船已移至星际基地的发射台,准备下周一发射。_外汇动态报道","马斯克:SpaceX41号飞船已移至星际基地的发射台,准备下周一发射。_外汇动态报道","2026-09-24 10:53:01 汇通财经APP讯——马斯克:SpaceX41号飞船已移至星际基地的发射台,准备下周一发射。",汇通财经,Media,https://www.fx678.com/C/20260924/202609241052322463.html,Watch,,1,2,2,1.5,C,留在事件库供检索，但未达到本周正文相关性、证据质量或去重要求。,Database_Only,留在事件库供检索，但未达到本周正文相关性、证据质量或去重要求。,,,Pass A query 7; search discovery record pending full-text verification.,Yes
2026W39-WEB-099,2026-09-24,2026-09-24,US,Financing,Chip;AI,关注三季度业绩超预期方向:PCB上游基材、半导体设备、AI芯片与存储、先进封装、MLCC_财富号_东方财富网,关注三季度业绩超预期方向:PCB上游基材、半导体设备、AI芯片与存储、先进封装、MLCC_财富号_东方财富网,"AI产业趋势全面升级、关注三季度业绩有望超预期方向 当前全球AI产业需求从GPU单点爆发转向全产业链价值跃升,叠加英伟达芯片销量翻倍预期、Meta Muse拉动Agent算力需求、海外科技大厂三季度业绩指引超预期,AI硬件产业链景气度持续突破市场此前预期,全产业链从先进封装、PCB覆铜板、高端铜箔、存储芯片到半导体设备、被动元件的供需紧平衡格局全面确立,相关赛道迎来业绩与估值双击的明确窗口。 本轮AI算力扩张是算力基础设施全链条单机价值量指数级跃升,以NVIDIA VR300为例,其CCL、PCB价值量较前代GB300分别提升432%和312%,远超过往消费电子周期的价值跃迁幅度。供给端刚性进一步放大供需矛盾:先进AI PCB生产周期是常规PCB的2.2倍,上游配套环节产能扩张远跟不上需求增速,HVLP4高端铜箔2027年供应缺口将达31%,加工费溢价长期维持高位。叠加2026-2027年海外科技大厂定制ASIC芯片爆发,摩根大通预计2027年ASIC/XPU在AI加速器单元出货中占比升至54%反超GPU,算力硬件赛道长期景气度完全确立。一、PCB上游基材 随着上游原材料价格持续上行,PCB厂商已陆续启动重新报价。这一现象标志着产业链价格传导机制的打通,预计2026年第三季度将成为板块盈利改善的起涨点。AIPCB的景气正从板厂扩产向设备端传导,高端设备需求迎来加速释放。AI服务器与交换机需求快速增长,带动高端PCB市场持续扩容,2025-2030年全球数据基础设施PCB市场复合增速达15.0%,其中AI服务器PCB市场将由62亿美元增至185亿美元、复合增速24.3%。国内主要PCB厂商2025年资本开支同比增长108.8%,2026H1同比进一步增长158.2%,新增投资集中投向高多层、高阶HDI等高端产能。二、半导体设备 本轮半导体景气周期由AI需求驱动,全球存储厂盈利",财富号,Media,https://caifuhao.eastmoney.com/news/20260924220003315853270,Watch,,1,2,2,1.5,C,留在事件库供检索，但未达到本周正文相关性、证据质量或去重要求。,Database_Only,留在事件库供检索，但未达到本周正文相关性、证据质量或去重要求。,,,Pass A query 8; search discovery record pending full-text verification.,Yes
2026W39-WEB-100,2026-09-24,2026-09-24,US,Policy,AI,石家庄公共资源交易网,石家庄公共资源交易网,"一、项目基本情况 项目编号: SJZGK20261713 项目名称: AI算力集群及智能服务开发平台 预算金额: 2000000.00 最高限价: 2000000 采购需求:AI算力集群及智能服务开发平台 合同履行期限: 30日历天 本项目(是/否)接受联合体投标:否 二、申请人的资格要求 1.满足《中华人民共和国政府采购法》第二十二条规定; 2.落实政府采购政策需满足的资格要求: 2.1本项目专门面向中小企业采购; 2.2其他落实政府采购政策的资格要求: 无 。 2.3通过“信用中国”网站和中国政府采购网(http://www.ccgp.gov.cn)查询信用记录,被列入失信被执行人、重大税收违法案件当事人名单、政府采购严重违法失信行为记录名单的供应商,没有资格参加本项目的采购活动。 3.本项目的特定资格要求: 无 三、获取招标文件 时间: 2026年09月28日至 2026年10月09日, 00:00-12:00-12:00-23:59 (北京时间,法定节假日除外) 地点: 石家庄市公共资源交易服务平台 方式: 其它 售价: 0 四、提交投标文件截止时间、开标时间和地点 2026年10月19日09点15分(北京时间) 地点: 石家庄市公共资源交易服务平台 五、公告期限 自本公告发布之日起5个工作日。 六、其他补充事宜 七、对本次招标提出询问,请按以下方式联系。 1.采购人信息 名 称: 石家庄职业技术学院 地址: 石家庄市正定新区天宁路226、227号 联系方式: 贾根柱 0311-68020741 2.采购代理机构信息 名 称: 军正达(河北)项目管理有限公司 地 址: 河北省石家庄市长安金茂悦14栋2011室 联系方式: 刘震 0311-67368093 3.项目联系方式 项目联系人: 刘震 电 话: 0311-67368093",石家庄公共资源交易网,Media,https://www.sjzsggzyjyzx.org.cn/jyxxzccg/201817.jhtml,Watch,,1,2,2,1.5,C,留在事件库供检索，但未达到本周正文相关性、证据质量或去重要求。,Database_Only,留在事件库供检索，但未达到本周正文相关性、证据质量或去重要求。,,,Pass A query 8; search discovery record pending full-text verification.,Yes
2026W39-WEB-101,2026-09-24,2026-09-24,US,Policy,AI,国家自然科学基金委员会关于发布2026年度管理科学部专项项目“人工智能驱动的质量管理理论与方法创新”申请指南的通告 -西交大科技在线,国家自然科学基金委员会关于发布2026年度管理科学部专项项目“人工智能驱动的质量管理理论与方法创新”申请指南的通告 -西交大科技在线,"各学院和申请人: 2026年度国家自然科学基金委员会管理科学部专项项目“人工智能驱动的质量管理理论与方法创新”申请指南已通过科学基金网络信息系统(https://grants.nsfc.gov.cn)发布,请各学院和申请人登录科学基金网络信息系统,在“项目管理-项目指南”模块查看,按项目指南所述要求和注意事项申请。 申请接收时间为 2026 年10月20日-2026年10月25日16时。 学校科研院联系人:杨梓、贺林科 电话:82668790、88965700",西安交通大学,Media,http://std.xjtu.edu.cn/info/1007/42774.htm,Watch,,1,2,2,1.5,C,留在事件库供检索，但未达到本周正文相关性、证据质量或去重要求。,Database_Only,留在事件库供检索，但未达到本周正文相关性、证据质量或去重要求。,,,Pass A query 8; search discovery record pending full-text verification.,Yes
2026W39-WEB-110,2026-09-24,2026-09-24,US,Policy,AI,关于发布2026年度国家自然科学基金委员会管理科学部专项项目“人工智能驱动的质量管理理论与方法创新”申请指南的通告,关于发布2026年度国家自然科学基金委员会管理科学部专项项目“人工智能驱动的质量管理理论与方法创新”申请指南的通告,"关于发布2026年度国家自然科学基金委员会管理科学部专项项目“人工智能驱动的质量管理理论与方法创新”申请指南的通告 日期:2026-09-24 来源: 作者: 字号:【 大 中 小】 打印 2026年度国家自然科学基金委员会管理科学部专项项目“人工智能驱动的质量管理理论与方法创新”申请指南已通过科学基金网络信息系统(https://grants.nsfc.gov.cn)发布,请依托单位和申请人登录科学基金网络信息系统,在“项目管理-项目指南”模块查看,按项目指南所述要求和注意事项申请。 国家自然科学基金委员会管理科学部2026年9月24日",国家自然科学基金委员会,Official,https://www.nsfc.gov.cn/p1/3381/2824/142834.html,S_Core,,1,2,2,1.5,C,留在事件库供检索，但未达到本周正文相关性、证据质量或去重要求。,Database_Only,留在事件库供检索，但未达到本周正文相关性、证据质量或去重要求。,,,Pass A query 8; search discovery record pending full-text verification.,Yes
2026W39-WEB-111,2026-09-24,2026-09-24,US,Technology,AI,Net Asset Value(s) - Pictet ICAV,Net Asset Value(s) - Pictet ICAV,Valuation Date Name ISIN Currency Units NAV per Unit 22/09/2026 PICTET AI ENHANCED US EQUITY UCITS ETF IE000DWHL026 USD 2640000 10.7397 22/09/2026 PICTET AI ENHANCED WORLD EQUITY ETF USD Dis IE00043ZI3D8 USD 1290000 10.6345 22/09/2026 PICTET AI ENHANCED WORLD EQUITY ETF USD Acc IE000JBZXFH0 USD 22920000 10.6341 22/09/2026 PICTET AI ENHANCED WORLD EQUITY ETF USD Acc IE000JBZXFH0 GBP 22920000 7.9677 22/09/2026 PICTET AI ENHANCED WORLD EX-US EQUITY UCITS ETF USD Dis IE000RYWBSX8 USD 10000 10.3754 22/09/2026 PICTET AI ENHANCED WORLD EX-US EQUITY UCITS ETF USD Acc IE000MS76E73 USD 9740000 10.3753,Cision News,Media,"https://news.cision.com/pictet-icav/r/net-asset-value-s-,c4399597",Watch,,1,2,2,1.5,C,留在事件库供检索，但未达到本周正文相关性、证据质量或去重要求。,Database_Only,留在事件库供检索，但未达到本周正文相关性、证据质量或去重要求。,,,Pass A query 8; search discovery record pending full-text verification.,Yes
2026W39-WEB-114,2026-09-24,2026-09-24,China,Technology,Commercial_Space,遥感四十号04组卫星成功发射-三湘都市报,遥感四十号04组卫星成功发射-三湘都市报,"遥感四十号04组卫星成功发射 9月24日 据央视新闻 ​​​ 9月24日16时46分,我国在太原卫星发射中心使用长征六号改运载火箭,成功将遥感四十号04组卫星发射升空。该卫星主要用于开展电磁环境探测及相关技术试验。(剪辑 熊佩凤)责编:曾梓民一审:熊佩凤二审:匡萍三审:肖德军来源:三湘都市报",三湘都市报,Media,https://sxdsb.voc.com.cn/content/33845034,Watch,,1,2,2,1.5,C,留在事件库供检索，但未达到本周正文相关性、证据质量或去重要求。,Database_Only,留在事件库供检索，但未达到本周正文相关性、证据质量或去重要求。,,,Pass A query 9; search discovery record pending full-text verification.,Yes
2026W39-WEB-115,2026-09-24,2026-09-24,China,Technology,Commercial_Space,我国成功发射遥感四十号04组卫星-中新经纬,我国成功发射遥感四十号04组卫星-中新经纬,"我国成功发射遥感四十号04组卫星 2026-09-24 18:11:08 中国新闻网 我国成功发射遥感四十号04组卫星 中新网北京9月24日电 (马帅莎 李宸)北京时间9月24日16时46分,我国在太原卫星发射中心使用长征六号改运载火箭,成功将遥感四十号04组卫星发射升空,卫星顺利进入预定轨道,发射任务取得圆满成功。该卫星主要用于开展电磁环境探测及相关技术试验。 此次任务是长征系列运载火箭的第670次飞行。(完) 来源:中国新闻网 编辑:万可义 广告等商务合作,请点击这里 本文为转载内容,授权事宜请联系原著作权人 中新经纬版权所有,未经书面授权,任何单位及个人不得转载、摘编或以其它方式使用。 关注中新经纬微信公众号(微信搜索“中新经纬”或“jwview”),看更多精彩财经资讯。",中新经纬,Media,https://www.jwview.com/jingwei/html/09-24/690386.shtml,Watch,,1,2,2,1.5,C,留在事件库供检索，但未达到本周正文相关性、证据质量或去重要求。,Database_Only,留在事件库供检索，但未达到本周正文相关性、证据质量或去重要求。,,,Pass A query 9; search discovery record pending full-text verification.,Yes
2026W39-WEB-116,2026-09-24,2026-09-24,China,Technology,Commercial_Space,遥感四十号04组卫星成功发射-三湘都市报,遥感四十号04组卫星成功发射-三湘都市报,"9月24日 据央视新闻 ​​​ 9月24日16时46分,我国在太原卫星发射中心使用长征六号改运载火箭,成功将遥感四十号04组卫星发射升空。该卫星主要用于开展电磁环境探测及相关技术试验。(剪辑 熊佩凤)责编:曾梓民一审:熊佩凤二审:匡萍三审:肖德军来源:三湘都市报",三湘都市报,Media,https://sxdsb.voc.com.cn/mobile/content/33845034,Watch,,1,2,2,1.5,C,留在事件库供检索，但未达到本周正文相关性、证据质量或去重要求。,Database_Only,留在事件库供检索，但未达到本周正文相关性、证据质量或去重要求。,,,Pass A query 9; search discovery record pending full-text verification.,Yes
2026W39-WEB-117,2026-09-24,2026-09-24,China,Technology,Commercial_Space,中国成功发射遥感四十号04组卫星-中新网视频,中国成功发射遥感四十号04组卫星-中新网视频,"中国成功发射遥感四十号04组卫星 发布时间:2026年09月24日 19:50 来源:中国新闻网 北京时间9月24日16时46分,中国在太原卫星发射中心使用长征六号改运载火箭,成功将遥感四十号04组卫星发射升空,卫星顺利进入预定轨道,发射任务取得圆满成功。该卫星主要用于开展电磁环境探测及相关技术试验。 此次任务是长征系列运载火箭的第670次飞行。(马帅莎 李宸 视频来源 太原卫星发射中心) 责任编辑:【叶攀】",中国新闻网,Media,https://www.chinanews.com/sh/shipin/cns-d/2026/09-24/news1070121.shtml,Watch,,1,2,2,1.5,C,留在事件库供检索，但未达到本周正文相关性、证据质量或去重要求。,Database_Only,留在事件库供检索，但未达到本周正文相关性、证据质量或去重要求。,,,Pass A query 9; search discovery record pending full-text verification.,Yes
2026W39-WEB-118,2026-09-24,2026-09-24,China,Technology,Commercial_Space,我国成功发射遥感四十号04组卫星,我国成功发射遥感四十号04组卫星,"新华社太原9月24日电(李国利、李宸)9月24日16时46分,我国在太原卫星发射中心使用长征六号改运载火箭,成功将遥感四十号04组卫星发射升空,卫星顺利进入预定轨道,发射任务取得圆满成功。 遥感四十号04组卫星主要用于开展电磁环境探测及相关技术试验。 这次任务是长征系列运载火箭的第670次飞行。 中证网声明:凡本网注明“来源:中国证券报·中证网”的所有作品,版权均属于中国证券报、中证网。中国证券报·中证网与作品作者联合声明,任何组织未经中国证券报、中证网以及作者书面授权不得转载、摘编或利用其它方式使用上述作品。",中证网,Media,https://www.cs.com.cn/xwzx/01/2026/09/24/detail_2026092410041607.html,Watch,,1,2,2,1.5,C,留在事件库供检索，但未达到本周正文相关性、证据质量或去重要求。,Database_Only,留在事件库供检索，但未达到本周正文相关性、证据质量或去重要求。,,,Pass A query 9; search discovery record pending full-text verification.,Yes
2026W39-WEB-119,2026-09-24,2026-09-24,China,Technology,Commercial_Space,"刚刚,第670次,发射成功!刚刚,第670次,发射成功!刚刚,第670次,发射成功_凤凰网","刚刚,第670次,发射成功!刚刚,第670次,发射成功!刚刚,第670次,发射成功_凤凰网","9月24日16时46分,我国在太原卫星发射中心使用长征六号改运载火箭,成功将遥感四十号04组卫星发射升空,卫星顺利进入预定轨道,发射任务取得圆满成功。摄影:王亚鹏记者从中国航天科技集团获悉,遥感四十号04组卫星由该集团五院抓总研制,主要用于开展电磁环境探测及相关技术试验。长征六号改运载火箭是中国航天科技集团八院抓总研制的新一代固液捆绑中型运载火箭,太阳同步轨道运载能力不低于6.5吨。此次任务是长征系列运载火箭的第670次飞行。◎ 科技日报记者 付毅飞 张强",凤凰网,Media,https://i.ifeng.com/c/8wgVY5lwKpa,Watch,,1,2,2,1.5,C,留在事件库供检索，但未达到本周正文相关性、证据质量或去重要求。,Database_Only,留在事件库供检索，但未达到本周正文相关性、证据质量或去重要求。,,,Pass A query 9; search discovery record pending full-text verification.,Yes
2026W39-WEB-120,2026-09-24,2026-09-24,China,Technology,Commercial_Space,我国成功发射遥感四十号04组卫星,我国成功发射遥感四十号04组卫星,"首页 > 中国妇女网 > 首页栏目 > 此刻新闻 我国成功发射遥感四十号04组卫星 标签:此刻新闻 | 来源:新华社 新华社太原9月24日电(李国利、李宸)9月24日16时46分,我国在太原卫星发射中心使用长征六号改运载火箭,成功将遥感四十号04组卫星发射升空,卫星顺利进入预定轨道,发射任务取得圆满成功。遥感四十号04组卫星主要用于开展电磁环境探测及相关技术试验。这次任务是长征系列运载火箭的第670次飞行。 分享: 编辑:王意舒 2026-09-24",中国妇女网,Media,https://www.cnwomen.com.cn/2026/09/24/991510866.html,Watch,,1,2,2,1.5,C,留在事件库供检索，但未达到本周正文相关性、证据质量或去重要求。,Database_Only,留在事件库供检索，但未达到本周正文相关性、证据质量或去重要求。,,,Pass A query 9; search discovery record pending full-text verification.,Yes
2026W39-WEB-122,2026-09-24,2026-09-24,China,Technology,Commercial_Space,长六改火箭成功发射遥感四十号04组卫星,长六改火箭成功发射遥感四十号04组卫星,"长六改火箭成功发射遥感四十号04组卫星 2026-09-24 17:55:57 来源: 科技日报 点击数: 科技日报记者 付毅飞 张强9月24日16时46分,我国在太原卫星发射中心使用长征六号改运载火箭,成功将遥感四十号04组卫星发射升空,卫星顺利进入预定轨道,发射任务取得圆满成功。记者从中国航天科技集团获悉,遥感四十号04组卫星由该集团五院抓总研制,主要用于开展电磁环境探测及相关技术试验。长征六号改运载火箭是中国航天科技集团八院抓总研制的新一代固液捆绑中型运载火箭,太阳同步轨道运载能力不低于6.5吨。此次任务是长征系列运载火箭的第670次飞行。(图片来源:我们的太空) 责任编辑:孙莹",中国科技网,Media,https://www.stdaily.com/web/gdxw/2026-09/24/content_587628.html,Watch,,1,2,2,1.5,C,留在事件库供检索，但未达到本周正文相关性、证据质量或去重要求。,Database_Only,留在事件库供检索，但未达到本周正文相关性、证据质量或去重要求。,,,Pass A query 9; search discovery record pending full-text verification.,Yes
2026W39-WEB-123,2026-09-24,2026-09-24,China,Technology,Commercial_Space,长六改火箭成功发射遥感四十号04组卫星,长六改火箭成功发射遥感四十号04组卫星,"长六改火箭成功发射遥感四十号04组卫星 2026-09-24 19:45:37 来源: 科技日报 点击数: 9月24日16时46分,我国在太原卫星发射中心使用长征六号改运载火箭,成功将遥感四十号04组卫星发射升空,卫星顺利进入预定轨道,发射任务取得圆满成功。记者从中国航天科技集团获悉,遥感四十号04组卫星由该集团五院抓总研制,主要用于开展电磁环境探测及相关技术试验。长征六号改运载火箭是中国航天科技集团八院抓总研制的新一代固液捆绑中型运载火箭,太阳同步轨道运载能力不低于6.5吨。此次任务是长征系列运载火箭的第670次飞行。(科技日报记者 刘蓉蓉 付毅飞 张强) 责任编辑:李梦一",中国科技网,Media,https://www.stdaily.com/web/gdxw/2026-09/24/content_587685.html,Watch,,1,2,2,1.5,C,留在事件库供检索，但未达到本周正文相关性、证据质量或去重要求。,Database_Only,留在事件库供检索，但未达到本周正文相关性、证据质量或去重要求。,,,Pass A query 9; search discovery record pending full-text verification.,Yes
2026W39-WEB-125,2026-09-24,2026-09-24,China,Technology,Commercial_Space,中国、リモートセンシング衛星群を打ち上げ,中国、リモートセンシング衛星群を打ち上げ,24日、太原衛星発射センターから打ち上げられる運搬ロケット「長征6号改」。(太原=新華社配信/王亜鵬) 【新華社太原9月24日】中国は24日午後4時46分(日本時間同5時46分)、リモートセンシング衛星群「遥感40号04組」を搭載した運搬ロケット「長征6号改」を太原衛星発射センターから打ち上げた。衛星は予定の軌道に投入され、打ち上げは成功した。 同衛星群は主に電磁環境探査と技術試験に使用される。長征シリーズ運搬ロケットの打ち上げは670回目となった。24日、太原衛星発射センターから打ち上げられる運搬ロケット「長征6号改」。(太原=新華社配信/王亜鵬)24日、太原衛星発射センターから打ち上げられた運搬ロケット「長征6号改」。(太原=新華社配信/王亜鵬),新华每日电讯,Media,http://jp.xinhuanet.com/20260924/3fdfbe05f9074efb923f54558decf237/c.html,Watch,,1,2,2,1.5,C,留在事件库供检索，但未达到本周正文相关性、证据质量或去重要求。,Database_Only,留在事件库供检索，但未达到本周正文相关性、证据质量或去重要求。,,,Pass A query 9; search discovery record pending full-text verification.,Yes
2026W39-WEB-128,2026-09-24,2026-09-24,China,Technology,Commercial_Space,长六改火箭成功发射遥感四十号04组卫星_北京商报,长六改火箭成功发射遥感四十号04组卫星_北京商报,"长六改火箭成功发射遥感四十号04组卫星 出处:北京商报 作者:王天逸 网编:公司研究新闻中心 2026-09-24 北京商报讯(记者 王天逸)9月24日,中国航天科技集团宣布,当日16时46分,长征六号改运载火箭在太原卫星发射中心点火升空,随后将遥感四十号04组卫星准确送入预定轨道,发射任务取得圆满成功。 资料显示,遥感四十号04组卫星由中国航天科技集团有限公司五院抓总研制,主要用于开展电磁环境探测及相关技术试验。 长六改火箭是由航天科技集团八院抓总研制的新一代固液捆绑中型运载火箭,可满足单星,多星串联、并联、堆叠、壁挂、搭载等多样化密集发射需求,太阳同步轨道运载能力不低于6.5吨。本次发射是长征系列运载火箭的第670次发射。",北京商报,Media,https://www.bbtnews.com.cn/2026/0924/606830.shtml,Watch,,1,2,2,1.5,C,留在事件库供检索，但未达到本周正文相关性、证据质量或去重要求。,Database_Only,留在事件库供检索，但未达到本周正文相关性、证据质量或去重要求。,,,Pass A query 9; search discovery record pending full-text verification.,Yes
2026W39-WEB-131,2026-09-24,2026-09-24,China,Technology,Commercial_Space,我国成功发射卫星互联网低轨26组卫星-重庆日报,我国成功发射卫星互联网低轨26组卫星-重庆日报,"我国成功发射卫星互联网低轨26组卫星 新重庆-重庆日报精选 2026-09-24 12:59 来源: 央视新闻 编辑: 彭芊绮 审核: 杜铠兵 主编:刘海涛 版权声明: 凡注明来源重庆日报的作品,版权均属重庆日报所有,未经授权不得转载、摘编或利用其它方式使用上述作品。已经本网授权使用作品的,应在授权范围内使用,并注明“来源:重庆日报网”。违反上述声明者,本网将追究其相关法律责任。 除来源署名为重庆日报稿件外,其他所转载内容之原创性、真实性、完整性、及时性本站不作任何保证或承诺,请读者仅作参考并自行核实。",重庆日报,Media,https://www.cqrb.cn/shipin2021/dongtai/2026-09-24/2783486_pc.html,Watch,,1,2,2,1.5,C,留在事件库供检索，但未达到本周正文相关性、证据质量或去重要求。,Database_Only,留在事件库供检索，但未达到本周正文相关性、证据质量或去重要求。,,,Pass A query 10; search discovery record pending full-text verification.,Yes
2026W39-WEB-132,2026-09-24,2026-09-24,China,Technology,Commercial_Space,我国成功发射卫星互联网低轨26组卫星-重庆日报,我国成功发射卫星互联网低轨26组卫星-重庆日报,"我国成功发射卫星互联网低轨26组卫星 新重庆-重庆日报精选 2026-09-24 12:59 来源: 央视新闻 编辑: 彭芊绮 审核: 杜铠兵 主编:刘海涛 版权声明: 凡注明来源重庆日报的作品,版权均属重庆日报所有,未经授权不得转载、摘编或利用其它方式使用上述作品。已经本网授权使用作品的,应在授权范围内使用,并注明“来源:重庆日报网”。违反上述声明者,本网将追究其相关法律责任。 除来源署名为重庆日报稿件外,其他所转载内容之原创性、真实性、完整性、及时性本站不作任何保证或承诺,请读者仅作参考并自行核实。",重庆日报,Media,https://app.cqrb.cn/shipin2021/dongtai/2026-09-24/2783486_pc.html,Watch,,1,2,2,1.5,C,留在事件库供检索，但未达到本周正文相关性、证据质量或去重要求。,Database_Only,留在事件库供检索，但未达到本周正文相关性、证据质量或去重要求。,,,Pass A query 10; search discovery record pending full-text verification.,Yes
2026W39-WEB-133,2026-09-24,2026-09-24,China,Technology,Commercial_Space,2026年中国国际信息通信展览会卫星互联网论坛在京举办_腾讯新闻,2026年中国国际信息通信展览会卫星互联网论坛在京举办_腾讯新闻,"【2026年中国国际信息通信展览会卫星互联网论坛在京举办】财联社9月24日电,据中国信通院公众号,9月22日上午,2026年中国国际信息通信展览会卫星互联网论坛在北京国家会议中心举办。论坛由中国信息通信研究院主办,现场发布NTN卫星通信先锋行动第一阶段成果,举行卫星物联网标识解析二级节点上线暨首批重点企业接入仪式,并设置多场主题演讲。",腾讯网,Media,https://news.qq.com/rain/a/20260924A0AW7200,Watch,,1,2,2,1.5,C,留在事件库供检索，但未达到本周正文相关性、证据质量或去重要求。,Database_Only,留在事件库供检索，但未达到本周正文相关性、证据质量或去重要求。,,,Pass A query 10; search discovery record pending full-text verification.,Yes
2026W39-WEB-134,2026-09-24,2026-09-24,China,Policy,Commercial_Space,卫星互联网组网提速!机构紧盯多只商业航天概念股(名单)_证券要闻_财经_中金在线,卫星互联网组网提速!机构紧盯多只商业航天概念股(名单)_证券要闻_财经_中金在线,"卫星互联网组网提速!机构紧盯多只商业航天概念股(名单) 2026-09-24 14:24:06 来源:东方财富研究中心 关注中金在线: 扫描二维码 关注√ 中金在线微信 在线咨询: 扫描或点击关注中金在线客服 9月23日,我国成功发射卫星互联网低轨26组卫星,低轨星座规模化组网再下一城。 机构认为,国内低轨卫星互联网正迈入高频批量组网阶段,商业航天产业链景气持续升温。 长征八号甲成功发射卫星互联网低轨26组卫星 9月23日21时32分,我国在海南商业航天发射场使用长征八号甲运载火箭,成功将卫星互联网低轨26组卫星发射升空,卫星顺利进入预定轨道,发射任务获得圆满成功。此次发射的""卫星互联网低轨卫星"",正是由中国卫星网络集团(中国星网)运营的GW星座,也是我国第一个巨型卫星互联网计划,未来将推出手机直连卫星通信模式。 值得注意的是,本次发射并非孤例。就在9月17日,长征十二号运载火箭同样在海南商业航天发射场,成功发射了卫星互联网低轨25组卫星。一周之内两批GW星座卫星相继升空,组网节奏明显加快。 政策层面,""十五五""规划纲要明确提出""加快低轨卫星互联网组网"";工信部此前印发的《关于优化业务准入促进卫星通信产业发展的指导意见》也提出,到2030年实现卫星通信用户超千万的发展目标。 与此同时,另一大低轨星座""千帆星座""同样在提速。9月15日至16日,千帆星座两天两发,在轨卫星规模增至256颗,按规划2026年底将完成累计在轨324颗。 低轨星座组网进入规模化部署期 卫星互联网,是指依托大规模低轨卫星星座构建的、覆盖全球的宽带互联网接入网络,被视为6G空天地一体化信息网络的核心组成部分。当前,以中国星网GW星座和垣信千帆星座为代表的两大低轨星座正加速组网,产业链从火箭、卫星制造到终端应用均已率先启动。 ""千帆星座正从零星发射、单点验证切换至高频批量、工业化组网阶段。""华源证券指出,",中金在线,Media,http://news.cnfol.com/zhengquanyaowen/20260924/32380212.shtml,Watch,,1,2,2,1.5,C,留在事件库供检索，但未达到本周正文相关性、证据质量或去重要求。,Database_Only,留在事件库供检索，但未达到本周正文相关性、证据质量或去重要求。,,,Pass A query 10; search discovery record pending full-text verification.,Yes
2026W39-WEB-135,2026-09-24,2026-09-24,China,Policy,Commercial_Space,卫星互联网组网提速!机构紧盯多只商业航天概念股(名单)_天天基金网,卫星互联网组网提速!机构紧盯多只商业航天概念股(名单)_天天基金网,"摘要 【卫星互联网组网提速!机构紧盯多只商业航天概念股(名单)】9月23日,我国成功发射卫星互联网低轨26组卫星,低轨星座规模化组网再下一城。机构认为,国内低轨卫星互联网正迈入高频批量组网阶段,商业航天产业链景气持续升温。 9月23日,我国成功发射卫星互联网低轨26组卫星,低轨星座规模化组网再下一城。 机构认为,国内低轨卫星互联网正迈入高频批量组网阶段,商业航天产业链景气持续升温。 长征八号甲成功发射卫星互联网低轨26组卫星 9月23日21时32分,我国在海南商业航天发射场使用长征八号甲运载火箭,成功将卫星互联网低轨26组卫星发射升空,卫星顺利进入预定轨道,发射任务获得圆满成功。此次发射的""卫星互联网低轨卫星"",正是由中国卫星网络集团(中国星网)运营的GW星座,也是我国第一个巨型卫星互联网计划,未来将推出手机直连卫星通信模式。 值得注意的是,本次发射并非孤例。就在9月17日,长征十二号运载火箭同样在海南商业航天发射场,成功发射了卫星互联网低轨25组卫星。一周之内两批GW星座卫星相继升空,组网节奏明显加快。 政策层面,""十五五""规划纲要明确提出""加快低轨卫星互联网组网"";工信部此前印发的《关于优化业务准入促进卫星通信产业发展的指导意见》也提出,到2030年实现卫星通信用户超千万的发展目标。 与此同时,另一大低轨星座""千帆星座""同样在提速。9月15日至16日,千帆星座两天两发,在轨卫星规模增至256颗,按规划2026年底将完成累计在轨324颗。 低轨星座组网进入规模化部署期 卫星互联网,是指依托大规模低轨卫星星座构建的、覆盖全球的宽带互联网接入网络,被视为6G空天地一体化信息网络的核心组成部分。当前,以中国星网GW星座和垣信千帆星座为代表的两大低轨星座正加速组网,产业链从火箭、卫星制造到终端应用均已率先启动。 ""千帆星座正从零星发射、单点验证切换至高频批量、工业化组网阶段。""",天天基金网,Media,https://fund.eastmoney.com/a/202609243883088554.html,Watch,,1,2,2,1.5,C,留在事件库供检索，但未达到本周正文相关性、证据质量或去重要求。,Database_Only,留在事件库供检索，但未达到本周正文相关性、证据质量或去重要求。,,,Pass A query 10; search discovery record pending full-text verification.,Yes
2026W39-WEB-137,2026-09-24,2026-09-24,China,Technology,Commercial_Space,衡水新闻网,衡水新闻网,"图为位于雄安新区启动区的中国星网总部。陈世豪 摄9月23日,在2026空天信息和卫星互联网创新发展大会上,中国空天信息和卫星互联网创新联盟发布两项空天信息领域重磅成果——“卫星互联网和北斗深度应用十大创新场景”和“空天信息和卫星互联网十大科技创新进展”。当前,我国卫星互联网产业加速迭代步入高质量发展阶段,产业链体系持续完善。卫星互联网与北斗在广袤国土、远海极地及空天领域应用前景广阔。中国空天信息和卫星互联网创新联盟组织中国星网等卫星互联网企业,直面传统通信短板,挖掘空天融合应用潜力,面向行业部门与产业伙伴发布“卫星互联网和北斗深度应用十大创新场景”,分别为:自然灾害监测预警、智慧林草与生态安全、远域施工作业、无人装备应用、极地科考与海洋调查、海洋渔业与海上交通、海洋工程与作业、民用航空应用、低空应用、天基数据传输。创新联盟将邀请行业伙伴共商共创全场景空天融合应用,深挖卫星互联网与北斗融合价值,共商技术路径、共创产业生态,攻坚关键技术、迭代产品体系,打造示范工程,加速场景规模化落地。当天发布的“空天信息和卫星互联网十大科技创新进展”,由中国空天信息和卫星互联网创新联盟面向全国空天信息领域企业、高校和研究院所发起。按照“公开征集、多轮评审”的原则,共评审出十大科技创新进展,分别为:我国卫星互联网系统取得阶段性进展、可重复使用火箭实现海上/陆上成功回收、北斗卫星导航系统升级民用服务保障、大容量星间百G激光与Tbps级一体化激光路由技术取得突破、实现大规模卫星互联网星座自主运行管控、卫星互联网高低轨融合一体化终端形成高可靠服务保障能力、创新实现遥感卫星星地协同与在轨智能处理、“采传一体”高光谱遥感毫秒级感知分钟级回传首次在轨验证、5G+北斗精准时空基础设施创新实现规模应用、建立天地一体卫星互联网终端全栈一致性测试体系。 来源:河北日报客户端",衡水新闻网,Media,https://www.hsrb.com.cn/detail/179024087721638.html,Watch,,1,2,2,1.5,C,留在事件库供检索，但未达到本周正文相关性、证据质量或去重要求。,Database_Only,留在事件库供检索，但未达到本周正文相关性、证据质量或去重要求。,,,Pass A query 10; search discovery record pending full-text verification.,Yes
2026W39-WEB-138,2026-09-24,2026-09-24,China,Technology,Commercial_Space,要闻_河北网信网,要闻_河北网信网,"图为位于雄安新区启动区的中国星网总部。陈世豪 摄 9月23日,在2026空天信息和卫星互联网创新发展大会上,中国空天信息和卫星互联网创新联盟发布两项空天信息领域重磅成果――“卫星互联网和北斗深度应用十大创新场景”和“空天信息和卫星互联网十大科技创新进展”。 当前,我国卫星互联网产业加速迭代步入高质量发展阶段,产业链体系持续完善。卫星互联网与北斗在广袤国土、远海极地及空天领域应用前景广阔。中国空天信息和卫星互联网创新联盟组织中国星网等卫星互联网企业,直面传统通信短板,挖掘空天融合应用潜力,面向行业部门与产业伙伴发布“卫星互联网和北斗深度应用十大创新场景”,分别为:自然灾害监测预警、智慧林草与生态安全、远域施工作业、无人装备应用、极地科考与海洋调查、海洋渔业与海上交通、海洋工程与作业、民用航空应用、低空应用、天基数据传输。 创新联盟将邀请行业伙伴共商共创全场景空天融合应用,深挖卫星互联网与北斗融合价值,共商技术路径、共创产业生态,攻坚关键技术、迭代产品体系,打造示范工程,加速场景规模化落地。 当天发布的“空天信息和卫星互联网十大科技创新进展”,由中国空天信息和卫星互联网创新联盟面向全国空天信息领域企业、高校和研究院所发起。按照“公开征集、多轮评审”的原则,共评审出十大科技创新进展,分别为:我国卫星互联网系统取得阶段性进展、可重复使用火箭实现海上/陆上成功回收、北斗卫星导航系统升级民用服务保障、大容量星间百G激光与Tbps级一体化激光路由技术取得突破、实现大规模卫星互联网星座自主运行管控、卫星互联网高低轨融合一体化终端形成高可靠服务保障能力、创新实现遥感卫星星地协同与在轨智能处理、“采传一体”高光谱遥感毫秒级感知分钟级回传首次在轨验证、5G+北斗精准时空基础设施创新实现规模应用、建立天地一体卫星互联网终端全栈一致性测试体系。(记者 曹铮 康晓博)",河北网信网,Official,https://www.caheb.gov.cn/system/2026/09/24/030396701.shtml,S_Core,,1,2,2,1.5,C,留在事件库供检索，但未达到本周正文相关性、证据质量或去重要求。,Database_Only,留在事件库供检索，但未达到本周正文相关性、证据质量或去重要求。,,,Pass A query 10; search discovery record pending full-text verification.,Yes
2026W39-WEB-139,2026-09-24,2026-09-24,China,Technology,Commercial_Space,#我国成功发射卫星互联网低轨26组卫星(编辑:梁奇)|川观新闻,#我国成功发射卫星互联网低轨26组卫星(编辑:梁奇)|川观新闻,"#我国成功发射卫星互联网低轨26组卫星(编辑:梁奇)【未经授权,严禁转载!联系电话028-86968276】",川观新闻,Media,https://cbgc.scol.com.cn/news/7993253,Watch,,1,2,2,1.5,C,留在事件库供检索，但未达到本周正文相关性、证据质量或去重要求。,Database_Only,留在事件库供检索，但未达到本周正文相关性、证据质量或去重要求。,,,Pass A query 10; search discovery record pending full-text verification.,Yes
2026W39-WEB-142,2026-09-24,2026-09-24,China,Policy,Commercial_Space,2026年中国国际信息通信展览会卫星互联网论坛在京举办,2026年中国国际信息通信展览会卫星互联网论坛在京举办,"人民财讯9月24日电,据中国信通院公众号,9月22日上午,2026年中国国际信息通信展览会卫星互联网论坛在北京国家会议中心举办。论坛由中国信息通信研究院主办,现场发布NTN卫星通信先锋行动第一阶段成果,举行卫星物联网标识解析二级节点上线暨首批重点企业接入仪式,并设置多场主题演讲。 声明:证券时报力求信息真实、准确,文章提及内容仅供参考,不构成实质性投资建议,据此操作风险自担 下载""证券时报""官方APP,或关注官方微信公众号,即可随时了解股市动态,洞察政策信息,把握财富机会。",证券时报,Media,https://stcn.com/article/detail/4198099.html,Watch,,1,2,2,1.5,C,留在事件库供检索，但未达到本周正文相关性、证据质量或去重要求。,Database_Only,留在事件库供检索，但未达到本周正文相关性、证据质量或去重要求。,,,Pass A query 10; search discovery record pending full-text verification.,Yes
2026W39-WEB-143,2026-09-24,2026-09-24,China,Policy,Commercial_Space,卫星互联网组网提速!机构紧盯多只商业航天概念股(名单) _ 东方财富网,卫星互联网组网提速!机构紧盯多只商业航天概念股(名单) _ 东方财富网,"9月23日,我国成功发射卫星互联网低轨26组卫星,低轨星座规模化组网再下一城。 机构认为,国内低轨卫星互联网正迈入高频批量组网阶段,商业航天产业链景气持续升温。 长征八号甲成功发射卫星互联网低轨26组卫星 9月23日21时32分,我国在海南商业航天发射场使用长征八号甲运载火箭,成功将卫星互联网低轨26组卫星发射升空,卫星顺利进入预定轨道,发射任务获得圆满成功。此次发射的""卫星互联网低轨卫星"",正是由中国卫星网络集团(中国星网)运营的GW星座,也是我国第一个巨型卫星互联网计划,未来将推出手机直连卫星通信模式。 值得注意的是,本次发射并非孤例。就在9月17日,长征十二号运载火箭同样在海南商业航天发射场,成功发射了卫星互联网低轨25组卫星。一周之内两批GW星座卫星相继升空,组网节奏明显加快。 政策层面,""十五五""规划纲要明确提出""加快低轨卫星互联网组网"";工信部此前印发的《关于优化业务准入促进卫星通信产业发展的指导意见》也提出,到2030年实现卫星通信用户超千万的发展目标。 与此同时,另一大低轨星座""千帆星座""同样在提速。9月15日至16日,千帆星座两天两发,在轨卫星规模增至256颗,按规划2026年底将完成累计在轨324颗。 低轨星座组网进入规模化部署期 卫星互联网,是指依托大规模低轨卫星星座构建的、覆盖全球的宽带互联网接入网络,被视为6G空天地一体化信息网络的核心组成部分。当前,以中国星网GW星座和垣信千帆星座为代表的两大低轨星座正加速组网,产业链从火箭、卫星制造到终端应用均已率先启动。 ""千帆星座正从零星发射、单点验证切换至高频批量、工业化组网阶段。""华源证券指出,陆上发射与海上发射并行、多型民营火箭接续执行,标志着国内低轨星座组网进入规模化部署期。 天风证券研报显示,垣信卫星在MWC26上海期间透露,千帆星座将于2026年底完成一阶段324星全球组网,正式面向全球提供服",东方财富网财经频道,Media,https://finance.eastmoney.com/a/202609243883088554.html,Watch,,1,2,2,1.5,C,留在事件库供检索，但未达到本周正文相关性、证据质量或去重要求。,Database_Only,留在事件库供检索，但未达到本周正文相关性、证据质量或去重要求。,,,Pass A query 10; search discovery record pending full-text verification.,Yes
2026W39-WEB-144,2026-09-24,2026-09-24,China,Technology,Commercial_Space,#媒体原创 我国成功发射卫星互联网低轨26组卫星|川观新闻,#媒体原创 我国成功发射卫星互联网低轨26组卫星|川观新闻,"#媒体原创 我国成功发射卫星互联网低轨26组卫星【未经授权,严禁转载!联系电话028-86968276】",川观新闻,Media,https://cbgc.scol.com.cn/news/7990728,Watch,,1,2,2,1.5,C,留在事件库供检索，但未达到本周正文相关性、证据质量或去重要求。,Database_Only,留在事件库供检索，但未达到本周正文相关性、证据质量或去重要求。,,,Pass A query 10; search discovery record pending full-text verification.,Yes
2026W39-WEB-145,2026-09-24,2026-09-24,China,Policy,Commercial_Space,卫星互联网组网提速!机构紧盯多只商业航天概念股(名单) - 21经济网,卫星互联网组网提速!机构紧盯多只商业航天概念股(名单) - 21经济网,"9月23日,我国成功发射卫星互联网低轨26组卫星,低轨星座规模化组网再下一城。机构认为,国内低轨卫星互联网正迈入高频批量组网阶段,商业航天产业链景气持续升温。长征八号甲成功发射卫星互联网低轨26组卫星9月23日21时32分,我国在海南商业航天发射场使用长征八号甲运载火箭,成功将卫星互联网低轨26组卫星发射升空,卫星顺利进入预定轨道,发射任务获得圆满成功。此次发射的""卫星互联网低轨卫星"",正是由中国卫星网络集团(中国星网)运营的GW星座,也是我国第一个巨型卫星互联网计划,未来将推出手机直连卫星通信模式。值得注意的是,本次发射并非孤例。就在9月17日,长征十二号运载火箭同样在海南商业航天发射场,成功发射了卫星互联网低轨25组卫星。一周之内两批GW星座卫星相继升空,组网节奏明显加快。政策层面,""十五五""规划纲要明确提出""加快低轨卫星互联网组网"";工信部此前印发的《关于优化业务准入促进卫星通信产业发展的指导意见》也提出,到2030年实现卫星通信用户超千万的发展目标。与此同时,另一大低轨星座""千帆星座""同样在提速。9月15日至16日,千帆星座两天两发,在轨卫星规模增至256颗,按规划2026年底将完成累计在轨324颗。低轨星座组网进入规模化部署期卫星互联网,是指依托大规模低轨卫星星座构建的、覆盖全球的宽带互联网接入网络,被视为6G空天地一体化信息网络的核心组成部分。当前,以中国星网GW星座和垣信千帆星座为代表的两大低轨星座正加速组网,产业链从火箭、卫星制造到终端应用均已率先启动。""千帆星座正从零星发射、单点验证切换至高频批量、工业化组网阶段。""华源证券指出,陆上发射与海上发射并行、多型民营火箭接续执行,标志着国内低轨星座组网进入规模化部署期。天风证券研报显示,垣信卫星在MWC26上海期间透露,千帆星座将于2026年底完成一阶段324星全球组网,正式面向全球提供服务并启动商业化运营;",21经济网,Media,https://www.21jingji.com/article/20260924/herald/122b07c0e05eee7fdc508eeb11880bc9.html,Watch,,1,2,2,1.5,C,留在事件库供检索，但未达到本周正文相关性、证据质量或去重要求。,Database_Only,留在事件库供检索，但未达到本周正文相关性、证据质量或去重要求。,,,Pass A query 11; search discovery record pending full-text verification.,Yes
2026W39-WEB-146,2026-09-24,2026-09-24,China,Policy,Commercial_Space,卫星互联网组网提速!机构紧盯多只商业航天概念股(名单) - 21经济网,卫星互联网组网提速!机构紧盯多只商业航天概念股(名单) - 21经济网,"9月23日,我国成功发射卫星互联网 低轨26组卫星,低轨星座规模化组网再下一城。机构认为,国内低轨卫星互联网正迈入高频批量组网阶段,商业航天 产业链景气持续升温。长征八号甲成功发射卫星互联网低轨26组卫星9月23日21时32分,我国在海南商业航天发射场使用长征八号甲运载火箭,成功将卫星互联网低轨26组卫星发射升空,卫星顺利进入预定轨道,发射任务获得圆满成功。此次发射的""卫星互联网低轨卫星"",正是由中国卫星 网络集团(中国星网)运营的GW星座,也是我国第一个巨型卫星互联网计划,未来将推出手机直连卫星通信 模式。值得注意的是,本次发射并非孤例。就在9月17日,长征十二号运载火箭同样在海南商业航天发射场,成功发射了卫星互联网低轨25组卫星。一周之内两批GW星座卫星相继升空,组网节奏明显加快。政策层面,""十五五""规划纲要明确提出""加快低轨卫星互联网组网"";工信部此前印发的《关于优化业务准入促进卫星通信产业发展的指导意见》也提出,到2030年实现卫星通信用户超千万的发展目标。与此同时,另一大低轨星座""千帆星座""同样在提速。9月15日至16日,千帆星座两天两发,在轨卫星规模增至256颗,按规划2026年底将完成累计在轨324颗。低轨星座组网进入规模化部署期卫星互联网,是指依托大规模低轨卫星星座构建的、覆盖全球的宽带互联网接入网络,被视为6G空天地一体化信息网络的核心组成部分。当前,以中国星网GW星座和垣信千帆星座为代表的两大低轨星座正加速组网,产业链从火箭、卫星制造到终端应用均已率先启动。""千帆星座正从零星发射、单点验证切换至高频批量、工业化组网阶段。""华源证券指出,陆上发射与海上发射并行、多型民营火箭接续执行,标志着国内低轨星座组网进入规模化部署期。天风证券 研报显示,垣信卫星在MWC26上海期间透露,千帆星座将于2026年底完成一阶段324星全球组网,正式面向全球提供服务并启动商",21经济网,Media,https://www.21jingji.com/article/20260924/herald/131608da6d5937f00520d70283d44f1f.html,Watch,,1,2,2,1.5,C,留在事件库供检索，但未达到本周正文相关性、证据质量或去重要求。,Database_Only,留在事件库供检索，但未达到本周正文相关性、证据质量或去重要求。,,,Pass A query 11; search discovery record pending full-text verification.,Yes
2026W39-WEB-147,2026-09-24,2026-09-24,China,Policy,Commercial_Space,"低轨卫星互联网规模化组网提速,商业航天产业链景气持续升温_报告大厅","低轨卫星互联网规模化组网提速,商业航天产业链景气持续升温_报告大厅","中国报告大厅网讯,近期,国内低轨卫星互联网建设迈入加速期,GW星座与千帆星座相继完成高频次发射任务,标志着低轨星座规模化部署正式拉开大幕。在政策引导与商业化目标的双重牵引下,商业航天产业链上下游协同扩容,从火箭运载、卫星制造到终端应用环节全面铺开。资本市场对相关板块的关注度同步提升,核心元器件及配套企业加速切入航天供应链,产业生态正朝着空天地一体化网络方向快速演进,低轨卫星互联网的商业化落地进程迎来关键窗口期。 一、GW星座与千帆星座双轨并行,低轨卫星互联网高频批量组网节奏明显加快 中国报告大厅发布的《十五五互联网行业发展研究与产业战略规划分析预测报告》指出,9月23日21时32分,海南商业航天发射场使用长征八号甲运载火箭成功将卫星互联网低轨26组卫星送入预定轨道。紧随其后,9月17日长征十二号运载火箭亦在同一地点成功发射卫星互联网低轨25组卫星。短短一周内两批GW星座卫星接连升空,组网进度大幅提速。作为我国首个巨型卫星互联网计划,GW星座规划发射总量达12992颗,其中涵盖500公里以下极低轨道6080颗与1145公里近地轨道6912颗,未来将支撑手机直连卫星通信模式的普及。 同期,另一大低轨星座千帆星座亦处于密集发射期。9月15日至16日千帆星座两天两发,在轨卫星规模增至256颗。按既定规划,该星座将于2026年底完成累计在轨324颗的阶段性组网目标,随后正式面向全球提供服务并启动商业化运营。政策端持续释放明确信号,“十五五”规划纲要已明确提出加快低轨卫星互联网组网;相关部门印发的指导意见亦设定了到2030年实现卫星通信用户超千万的发展目标。当前,以GW星座和千帆星座为代表的两大低轨星座正从零星验证切换至高频批量、工业化组网新阶段,陆上发射与海上发射并行推进,多型火箭接续执行任务,标志着国内低轨星座规模化部署期已全面到来。低轨卫星互联网作为6G空天地一体化信息网络的核",报告大厅,Media,https://www.chinabgao.com/finance/info/347738.html,Watch,,1,2,2,1.5,C,留在事件库供检索，但未达到本周正文相关性、证据质量或去重要求。,Database_Only,留在事件库供检索，但未达到本周正文相关性、证据质量或去重要求。,,,Pass A query 11; search discovery record pending full-text verification.,Yes
2026W39-WEB-159,2026-09-24,2026-09-24,China,Technology,Commercial_Space,开放北京,开放北京,"近日,北京经开区企业蓝箭航天研制的朱雀二号改进型遥七运载火箭(ZQ-2E Y7)在东风商业航天创新试验区点火升空,将千帆极轨19组卫星顺利送入预定轨道,发射任务取得圆满成功。这是我国民营商业航天企业首次承担大型卫星互联网星座组网任务,标志着中国民营商业航天正式迈入批量组网“新阶段”。此次任务是朱雀二号系列运载火箭的第9次飞行。针对此次发射,蓝箭航天有关负责人表示:“朱雀二号改进型遥七运载火箭的构型和性能参数与遥五和遥六总体上保持一致。但这并非简单的技术方案继承,通过这3次任务,我们绘制出了‘技术验证—能力复制—范式创新’的型号进化曲线。”",公共信息服务平台,Official,https://open.beijing.gov.cn/html//yizhuang/gzdt/2026/9/1790243390454.html,S_Core,,1,2,2,1.5,C,留在事件库供检索，但未达到本周正文相关性、证据质量或去重要求。,Database_Only,留在事件库供检索，但未达到本周正文相关性、证据质量或去重要求。,,,Pass A query 12; search discovery record pending full-text verification.,Yes
2026W39-WEB-160,2026-09-24,2026-09-24,China,Financing,Commercial_Space,"71岁航天大校退场:他给蓝箭打下地基,据说是运城人_凤凰网","71岁航天大校退场:他给蓝箭打下地基,据说是运城人_凤凰网","一个71岁的老人,从一张IPO名单上消失了。2025年7月28日,蓝箭航天一次变更14名""董监高"",副董事长王建蒙在列。工商登记上的名字被划掉后,他不再担任蓝箭任何职务,也不再持有股份。这个名字对公众很陌生。但在中国商业航天的圈子里,他几乎是一块""活化石""——清华电机系毕业,1978年扎进西昌发射场,1986年2月1日,是他亲口下达了中国第一颗实用通信卫星的发射口令。1996年,他晋升大校。一个一辈子在倒计时里喊口令的人,最后是被别人从名单上念掉的。外行想造火箭,得先找一个""懂规矩""的人2013年前后,张昌武还是个银行人——汇丰、西班牙桑坦德,履历里没有一行跟火箭有关。他想做的事在当时听起来近乎荒唐:民营公司造液体火箭。技术合伙人靠""攒""。他找上了自己的岳父王建蒙,又经王建蒙牵线,请来在欧空局干了十来年的吴树范。2015年6月,三个人的组合在北京亦庄落地:一个管钱和战略,一个管工程体系与行业资源,一个管技术深度。圈子里叫它""创始铁三角""。这几乎是后来所有民营火箭公司的通用模板:资本牵头,专家托底。 但蓝箭的运气在于,它托底的人真干过发射。王建蒙没有给蓝箭带来钱,他带来的是几十年在发射场里长出来的东西——测发流程怎么排、系统工程怎么搭、出了事按什么程序归零。这些是书本上学不来的,也是民营公司最缺的""工程直觉""。天鹊液氧甲烷发动机、朱雀二号的路线选择,背后都有他的影子。2023年7月12日,他的名字第一次被大众看见朱雀二号遥二发射成功入轨,成为全球首枚成功入轨的液氧甲烷火箭。那天之后,围绕蓝箭""是不是骗局""的质疑,一夜之间哑了。这是王建蒙在职期间最高光的时刻。一个细节值得记住:朱雀二号不是一次成功的。此前有过失败,是团队用一年多时间把故障归零、机理查清,才换来这一发。航天里没有""侥幸过关""这回事,这也是他那一辈人留下的最硬的规矩。他退场的那一年,蓝箭反而走到了最高处矛盾就在这里",凤凰网,Media,https://finance.ifeng.com/c/8wgvhYd0ZEa,Watch,,1,2,2,1.5,C,留在事件库供检索，但未达到本周正文相关性、证据质量或去重要求。,Database_Only,留在事件库供检索，但未达到本周正文相关性、证据质量或去重要求。,,,Pass A query 12; search discovery record pending full-text verification.,Yes
2026W39-WEB-161,2026-09-24,2026-09-24,China,Financing,Commercial_Space;Chip,紫光国微(002049)答投资者问-证券之星,紫光国微(002049)答投资者问-证券之星,"朱雀二号一箭十星发射成功,请问此次卫星当中有没有使用贵公司的芯片,或者其他当年的相关合作 您好!基于公司商业保密原则,公司不对单个具体客户情况进行评论。感谢您的关注! 来源:互动易 答复时间:2026/9/24 19:10:07 免责声明:本信息由证券之星从公开信息中摘录,不构成任何投资建议;证券之星不保证数据的准确性,内容仅供参考。",证券之星股票频道,Media,https://stock.stockstar.com/QA/companyto_2360031933930688512.html,Watch,,1,2,2,1.5,C,留在事件库供检索，但未达到本周正文相关性、证据质量或去重要求。,Database_Only,留在事件库供检索，但未达到本周正文相关性、证据质量或去重要求。,,,Pass A query 12; search discovery record pending full-text verification.,Yes
2026W39-WEB-172,2026-09-24,2026-09-24,US,Technology,Commercial_Space,马斯克:SpaceX 41号飞船准备周一发射-格隆汇,马斯克:SpaceX 41号飞船准备周一发射-格隆汇,"首页 > 快讯 > 快讯详情 马斯克:SpaceX 41号飞船准备周一发射 2026-09-24 格隆汇9月24日|马斯克:SpaceX(SPCX.US)41号飞船已移至星际基地的发射台,准备周一发射。",格隆汇,Media,https://www.gelonghui.com/live/2686606,Watch,,1,2,2,1.5,C,留在事件库供检索，但未达到本周正文相关性、证据质量或去重要求。,Database_Only,留在事件库供检索，但未达到本周正文相关性、证据质量或去重要求。,,,Pass A query 13; search discovery record pending full-text verification.,Yes
2026W39-WEB-179,2026-09-24,2026-09-24,China,Policy,AI,天津第二批算力券兑付_凤凰网,天津第二批算力券兑付_凤凰网,"天津第二批算力券完成兑付。天津算力券政策,对企业购买智算、超算服务按合同金额10%给予补贴。企业注册在天津,算力应用符合重点产业方向就能申报。天津第二批算力券共涉及24家企业的兑现,申请全部完成,涉及补贴资金超600万元。今年算力券补贴扩展到了数字文创、网络安全等更广泛领域,并首次将一人公司纳入扶持范围。共有五家从事人工智能应用设计、短剧制作的一人公司享受补贴。按照实际使用算力的合同额进行核算后,集中兑付。",凤凰网,Media,https://i.ifeng.com/c/8wgaRhXP6Cp,Watch,,1,2,2,1.5,C,留在事件库供检索，但未达到本周正文相关性、证据质量或去重要求。,Database_Only,留在事件库供检索，但未达到本周正文相关性、证据质量或去重要求。,,,Pass A query 17; search discovery record pending full-text verification.,Yes
2026W39-WEB-192,2026-09-24,2026-09-24,China,Policy,AI,南方都市报·奥一网,南方都市报·奥一网,行业应用 新增“推动场景应用联合攻关”资助政策 创新创业 鼓励各区打造专业化特色化OPC社区 算力支持 优化“训力券”“语料券”“模型券”政策 B02·深城记,奥一新闻,Media,http://epaper.oeeee.com/epaper/H/html/2026-09/24/node_5990.htm,Watch,,1,2,2,1.5,C,留在事件库供检索，但未达到本周正文相关性、证据质量或去重要求。,Database_Only,留在事件库供检索，但未达到本周正文相关性、证据质量或去重要求。,,,Pass A query 17; search discovery record pending full-text verification.,Yes
2026W39-WEB-213,2026-09-24,2026-09-24,US,Policy,AI,【光通信】北美光学ECOC大会观察:全速前进--大摩_腾讯新闻,【光通信】北美光学ECOC大会观察:全速前进--大摩_腾讯新闻,"继 OFC 之后,ECOC 大会进一步确认光通信行业需求持续强劲,供应链普遍售罄 12-18 个月。近距光学(NPO)商业化时点明确指向 2028 年,Open CPX MSA 推动开放生态成型,缓解此前对供应商锁定的担忧。磷化铟(InP)衬底成为最大产能瓶颈。架构演进远未定型,但光器件含量提升趋势不可逆。首选标的:KEYS(受益于全路径),同时关注 LITE/COHR(NPO 早期采用外置激光器,高功率激光器需求将激增)。一、NPO 时间表与生态:2028 年启动,开放标准破局• 时点共识:与 6 个月前 OFC 相比,业界对 NPO(近距光学)的采纳信心显著增强,一致预期 2028 年将在部分 scale-up 网络中启动。此前 OFC 上 hyperscaler 因担忧 NVDA 方案造成供应商锁定而抵触 CPO/NPO,但 Open CPX MSA 的推出定义了光引擎通用参数,允许构建更开放生态,降低采纳门槛。• 早期形态非终局:第一代 NPO 产品架构大概率不是最终形态,激光器类型、放置位置等将在后续迭代中持续演变。这意味着当前竞争格局并非长期锁定。• COHR 的 PhotonLink:Coherent 发布端到端 CPO/NPO 解决方案,解决 hyperscaler 缺乏内部集成能力的痛点,已与某客户签署 LTA(长期协议),2027 年开始爬坡。LITE 亦预计数月内宣布 NPO 相关 LTA。多家供应商正并行推进 NPO。二、供需格局:全面售罄,InP 衬底成最大瓶颈• 产能紧张:多数元器件/系统供应商未来 12-18 个月产能已售罄。InP 衬底(涉及 AXTI、Sumitomo)是主要制约环节。EML、CW 激光器、泵浦激光器、gold box 等类别供应持续吃紧。若衬底供应改善或良率提升,存在上行空间。• CSCO 与 NOK opportunis",腾讯网,Media,https://news.qq.com/rain/a/20260924A04L7T00,Watch,,1,2,2,1.5,C,留在事件库供检索，但未达到本周正文相关性、证据质量或去重要求。,Database_Only,留在事件库供检索，但未达到本周正文相关性、证据质量或去重要求。,,,Pass A query 19; search discovery record pending full-text verification.,Yes
2026W39-WEB-214,2026-09-24,2026-09-24,Europe,Policy,Commercial_Space,Photochem:第二届国际光化学线上会议(IOCPC 2027)开放征稿中 | MDPI会议信息-论文-科学网,Photochem:第二届国际光化学线上会议(IOCPC 2027)开放征稿中 | MDPI会议信息-论文-科学网,"Photochem:第二届国际光化学线上会议(IOCPC 2027)开放征稿中 | MDPI会议信息 期刊名: Photochem 期刊主页:https://www.mdpi.com/journal/photochem 我们诚挚邀请您参加第二届国际光化学线上会议(The 2nd International Online Conference on Photochemistry,IOCPC 2027)!本次会议由MDPI Photochem (ISSN: 2673-7256, Impact Factor: 2.8) 主办,将于2027年6月10日至11日在线上召开。会议旨在搭建高水平的国际化学术交流平台,聚焦光化学领域的前沿动态与最新进展。我们热忱期盼与各位专家学者齐聚云端,深入研讨学科前沿成果,共话发展趋势及领域未来。 会议信息 会议时间 2027年6月10-11日 会议形式 英文线上会议(免费参加) 会议邮箱 iocpc@mdpi.com 会议网址:https://sciforum.net/event/IOCPC2027 免费注册,提前锁定会议席位! 会议主题 S1. 光伏与太阳能转换 S2. 光催化 S3. 天然与人工光合作用 S4. 光物理与光化学 S5. 光致发光材料 会议主席 Prof. Dr. Dirk M. Guldi Department of Chemistry and Pharmacy, Interdisciplinary Center for Molecular Materials, Friedrich-Alexander-Universität Erlangen-Nürnberg, Germany 投稿指南 摘要投稿截止日期:2027年1月31日 摘要接收通知日期:2027年2月28日 1. 所有稿件需为全英文; 2. 摘要应包括引言、方法、结果和",科学网—新闻中心,Media,https://news.sciencenet.cn/htmlpaper/2026/9/2026924143437786156010.shtm,Watch,,1,2,2,1.5,C,留在事件库供检索，但未达到本周正文相关性、证据质量或去重要求。,Database_Only,留在事件库供检索，但未达到本周正文相关性、证据质量或去重要求。,,,Pass A query 19; search discovery record pending full-text verification.,Yes
2026W39-WEB-221,2026-09-24,2026-09-24,US,Technology,AI,Highlights,Highlights,"""Made in China"" just leveled up again, with the unveiling of the new ""new three"" — AI, robotics, and innovative drugs — reshaping China's global image via exporting patents, algorithms and technology. September 21, 2026","Zhejiang, China | Official site of Zhejiang province, China",Official,https://www.ezhejiang.gov.cn/zhejiang_2026_gdte_highlights.html,S_Core,,1,2,2,1.5,C,留在事件库供检索，但未达到本周正文相关性、证据质量或去重要求。,Database_Only,留在事件库供检索，但未达到本周正文相关性、证据质量或去重要求。,,,Pass A query 21; search discovery record pending full-text verification.,Yes
2026W39-WEB-240,2026-09-24,2026-09-24,China,Policy,AI,贵州通信管理局密集推进重点工作 加快新一代通信网建设与算网融合发展,贵州通信管理局密集推进重点工作 加快新一代通信网建设与算网融合发展,"为深入贯彻落实党中央、国务院及工业和信息化部、贵州省委省政府关于“六张网”建设的决策部署,抢抓“十五五”开局战略机遇,近期,贵州省通信管理局聚焦新一代通信网建设、算网深度融合发展,密集开展调研和项目谋划储备,并扎实推进专项工作,以务实举措推动信息通信业更好发挥先导性、基础性、战略性作用。一是深入开展新一代通信网建设和算网融合发展调研,推动通信网络更好支撑算力网络发展。贵州省通信管理局负责同志聚焦新型信息基础设施建设和算网融合发展开展调研,深入了解算力网络建设需求、通信网络承载、互联互通、调度运营等情况,就通信网络更好更优支撑算力网络发展听取意见建议。强调要加强通信网络规划与算力布局衔接,提升算力高效传输、跨域调度和普惠服务能力,推动算网融合走深走实。二是召开贵州省新一代通信网工作专班启动会,以“三张清单”统筹项目谋划建设。会议启动部署新一代通信网建设工作,建立健全新一代通信网建设工作推进机制,围绕专班运行机制、重点任务及协同推进举措进行全面部署,要求各单位要扛起建设主体责任,制定实施计划,细化工作安排,积极争取集团公司项目资金支持,对新一代通信网重点工程项目实行清单化管理,建立“在建项目清单、拟建项目清单、谋划项目清单”,动态摸清项目底数、分类推进项目实施,统筹全省新一代通信网项目谋划储备和建设工作,形成滚动接续、协同推进的工作格局。三是加快《贵州省新一代通信网建设实施方案》研究编制,明确新一代通信网建设方向。聚焦部、省工作部署,方案编制重点围绕“十五五”发展窗口期,立足贵州省作为全国一体化算力网络国家枢纽节点及国家大数据综合试验区的独特优势,统筹加强新一代通信网规划建设,着力巩固基础网络优势、补齐空间网络短板、加快融合网络创新、优化出口网络布局,系统构建智能化、绿色化、融合化信息基础设施体系,夯实人工智能发展底座,深化行业赋能作用。推动规划目标、重点任务和项目布局有效衔",中华人民共和国工业和信息化部,Official,https://www.miit.gov.cn/xwfb/gxdt/dfdt/art/2026/art_eaae896b4ed6458cbc704d1c92ebf58a.html,S_Core,,1,2,2,1.5,C,留在事件库供检索，但未达到本周正文相关性、证据质量或去重要求。,Database_Only,留在事件库供检索，但未达到本周正文相关性、证据质量或去重要求。,,,Pass A query 23; search discovery record pending full-text verification.,Yes
2026W39-WEB-247,2026-09-24,2026-09-24,China,Policy,AI,关于公开征求《乙基硫化物生产安全技术规定》等42项行业标准复审结论意见的公示,关于公开征求《乙基硫化物生产安全技术规定》等42项行业标准复审结论意见的公示,"按照《工业通信业行业标准制定管理办法》对行业标准复审的要求,我们按程序组织开展了相关行业标准的复审工作。经相关行业协会、标准化技术组织评审,现将化工、建材、纺织、通信等4个行业,共42项行业标准复审结论予以公示。如有不同意见,请在公示期间将意见反馈至我司,电子邮件发送至kjbz@miit.gov.cn(邮件主题注明:行业标准复审结论公示反馈)。公示时间:2026年9月24日—2026年10月23日联系电话:010-64102958、68205241附件:42项拟废止行业标准复审结论汇总表(征求意见稿)工业和信息化部科技司2026年9月23日",中华人民共和国工业和信息化部,Official,https://wap.miit.gov.cn/gzcy/yjzj/art/2026/art_5f9ff869d7394d47a151f6805ead313f.html,S_Core,,1,2,2,1.5,C,留在事件库供检索，但未达到本周正文相关性、证据质量或去重要求。,Database_Only,留在事件库供检索，但未达到本周正文相关性、证据质量或去重要求。,,,Pass A query 23; search discovery record pending full-text verification.,Yes
2026W39-SUP-251,2026-09-24,2026-09-24,China,Policy,Commercial_Space;AI,2026年中国国际信息通信展览会在京开幕,2026年中国国际信息通信展览会在京开幕,"9月23日,2026年中国国际信息通信展览会在北京开幕。工业和信息化部党组成员、副部长余晓晖出席开幕式并致辞。余晓晖在致辞中表示,党的十八大以来,信息通信业坚持以习近平新时代中国特色社会主义思想为指导,锐意进取、砥砺前行,推动基础设施量质齐升、技术创新不断突破、融合应用纵深拓展、治理体系敏捷高效,行业综合实力和服务能力显著提升。下一步,要深入贯彻落实党中央、国务院决策部署,凝心聚力、抢抓机遇、迎难而上,推动行业高质量发展迈上新台阶。要把握新一代通信网建设的战略机遇,夯实数智底座。系统推进新一代通信网建设,推动宽带网络向“双万兆”演进,推进低轨卫星互联网系统建设,统筹优化国际海陆缆网络布局,推动算力设施扩容提质。要勇担高水平科技自立自强的重要使命,厚植创新动能。加快6G核心技术攻关、标准研制,强化人工智能、量子科技、信息光子、智能终端等领域科技创新。要夯实经济社会数智化转型的关键支撑,深化赋能实效。推动工业互联网高质量发展,积极推进人工智能与信息通信融合创新,加快信息通信网络和行业智能化升级。要着力提升行业治理现代化水平,优化行业发展环境。加快构建技管结合、敏捷高效的行业治理体系,深化电信网络诈骗源头治理,加强人工智能服务监管和安全治理,全面增强网络和数据安全保障能力。要全面强化全产业链协同联动,共创开放合作生态。推动基础电信、增值电信、通信设备、智能终端等大中小企业融通发展,深化国际交流与标准合作,积极参与全球数字治理,有序推进增值电信业务开放试点。本届展览会以“强网兴算·智汇生态”为主题,为期3天,重点展示5G-A规模商用、6G技术试验、算力设施、卫星互联网、人工智能、量子科技等领域的最新成果,特别设置信息通信业“十五五”创新图景展区,系统呈现“十五五”开局之年信息通信业发展的蓬勃态势与发展蓝图。开幕式上成立了ION-2030(智能光网络)推进组,同期举办25场论坛,集",中华人民共和国工业和信息化部,Official,https://www.miit.gov.cn/xwfb/bldhd/art/2026/art_2fc0c942477d4a2694137f8fe8d17f47.html,S_Core,,1,2,2,1.5,C,留在事件库供检索，但未达到本周正文相关性、证据质量或去重要求。,Database_Only,留在事件库供检索，但未达到本周正文相关性、证据质量或去重要求。,,,Targeted supplemental search supp-search-cn-01.json; pending full-text verification.,Yes
2026W39-SUP-252,2026-09-24,2026-09-24,China,Policy,AI,关于公开征求《道路车辆 软件升级工程》等2项推荐性国家标准报批意见的公示,关于公开征求《道路车辆 软件升级工程》等2项推荐性国家标准报批意见的公示,"根据标准制修订计划,相关标准化技术组织已完成《道路车辆 软件升级工程》等2项推荐性国家标准的编制工作。为进一步听取社会各界意见,现予以公示。以上标准报批稿请登录“工业和信息化标准信息服务平台”网站(https://std.miit.gov.cn)“项目公示”栏目阅览,如有意见请于公示期内反馈。公示时间:2026年9月24日—2026年9月30日联系电话:010–68205241工业和信息化部科技司2026年9月23日",中华人民共和国工业和信息化部,Official,https://wap.miit.gov.cn/gzcy/yjzj/art/2026/art_4ff23198922a46b0bafa9bcd6860c3af.html,S_Core,,1,2,2,1.5,C,留在事件库供检索，但未达到本周正文相关性、证据质量或去重要求。,Database_Only,留在事件库供检索，但未达到本周正文相关性、证据质量或去重要求。,,,Targeted supplemental search supp-search-cn-01.json; pending full-text verification.,Yes
2026W39-SUP-258,2026-09-24,2026-09-24,China,Policy,AI,"【2026年9月24日国家继续实施调控,成品油价格适当调整】-国家发展和改革委员会","【2026年9月24日国家继续实施调控,成品油价格适当调整】-国家发展和改革委员会","9月11日国内成品油价格调整以来,中东地缘局势复杂多变,国际市场原油价格快速上涨后回落,近日又再度冲高。为减缓国际油价上涨对国内的冲击,国家继续对成品油价格采取调控措施。根据现行价格机制计算,自9月24日24时起,国内汽、柴油(标准品)价格每吨分别应上调830元、800元,调控后实际上调395元、385元。 中石油、中石化、中海油公司及其他原油加工企业要组织好成品油生产和调运,确保市场稳定供应,严格执行国家价格政策。各地相关部门要加大市场监督检查力度,严厉查处不执行国家价格政策的行为,维护正常市场秩序。消费者可通过12315平台举报价格违法行为。 附:各省(区、市)和中心城市汽、柴油最高零售价格",中华人民共和国国家发展和改革委员会,Official,https://www.ndrc.gov.cn/xwdt/xwfb/202609/t20260924_1407824.html,S_Core,,1,2,2,1.5,C,留在事件库供检索，但未达到本周正文相关性、证据质量或去重要求。,Database_Only,留在事件库供检索，但未达到本周正文相关性、证据质量或去重要求。,,,Targeted supplemental search supp-search-cn-03.json; pending full-text verification.,Yes
2026W39-SUP-262,2026-09-24,2026-09-24,China,Policy,AI,"【处理好三方面关系,高效落实碳达峰任务举措】-国家发展和改革委员会","【处理好三方面关系,高效落实碳达峰任务举措】-国家发展和改革委员会","近日,国务院印发《“十五五”碳达峰行动方案》(以下简称《行动方案》),对碳达峰工作作出系统部署。确保实现碳达峰目标,需要我们处理好三方面关系,务实高效落实各项任务举措。 供给变革和需求升级的关系。实现碳达峰不能“就碳谈碳”,重点是协同能源生产方式和利用方式低碳转型。《行动方案》强调要以能源绿色低碳转型为关键,一体推进节能降碳和发展非化石能源,深化供需两侧结构性调整,以更低碳的能源供给保障更高效的能源需求。同时,把绿色低碳水平作为产业准入、迁移、退出的重要“标尺”,一体推进产业技术工艺升级和结构布局优化,以更加绿色低碳的产品、服务供给支撑高质量发展需要。 全面转型和重点突破的关系。碳达峰需要各地区、各行业持续推进转型。《行动方案》强调要深入推进煤炭消费清洁替代,落实好“两高”工业项目碳排放置换等要求,带动能源、工业、建筑、交通运输、公共机构等重点领域全面转型升级。同时,要“抓大不放小”,针对算力等用能增长快速的新兴领域,明确提出针对性的目标任务要求,大力挖掘节能降碳潜力。 夯实“硬基础”和优化“软环境”的关系。实现碳达峰涉及经济社会发展方方面面,需要调动各方力量,凝聚各方合力。《行动方案》强调要实施省间电力互济、煤炭消费清洁替代、重点行业节能降碳等重大工程,既增强惠及全社会的节能降碳能力,又为扩大有效投资、加快绿色低碳技术创新等提供场景依托。同时,加快健全法规标准体系,完善市场化体系,构建激励和约束相结合的机制,为稳定全社会绿色低碳转型信心提供坚实的制度保障。 在碳达峰过程中实现更高质量发展,要强化三方面实践创新。一是加强碳排放要素配置改革创新,引导能源、资源、环境等各类要素优化配置,将碳排放空间更多向附加值高、综合效益好等新质生产力领域倾斜。二是加强绿色低碳技术创新应用,激励相关技术不断创新进步。三是积极参与全球竞合,坚持共同但有区别的责任原则,加强绿色投资和贸易合作。",中华人民共和国国家发展和改革委员会,Official,https://www.ndrc.gov.cn/fggz/hjyzy/tdftzh/202609/t20260924_1407809.html,S_Core,,1,2,2,1.5,C,留在事件库供检索，但未达到本周正文相关性、证据质量或去重要求。,Database_Only,留在事件库供检索，但未达到本周正文相关性、证据质量或去重要求。,,,Targeted supplemental search supp-search-cn-03.json; pending full-text verification.,Yes
2026W39-SUP-265,2026-09-24,2026-09-24,China,Policy,Commercial_Space,探月与航天工程中心2026年第二批社会招聘公告,探月与航天工程中心2026年第二批社会招聘公告,"探月与航天工程中心是国家国防科技工业局直属事业单位,主要负责深空探测领域战略规划、系统论证,相关国家科技重大专项任务的总体设计、组织实施和国际合作与交流等工作。根据工作需要,面向社会公开招聘合同制工作人员,有关事宜公告如下。 一、招聘岗位 本次招聘岗位共划分4个类别,分别为综合管理类、规划科研类、工程总体设计类和国际合作交流类。需求总览表见附件。 二、应聘基本条件 (一)具有中华人民共和国国籍。 (二)遵守中华人民共和国宪法和法律。 (三)具有良好的政治素质、道德品行和职业道德。 (四)岗位所需的专业或技能条件。 (五)适应岗位要求的身体条件。 (六)有下列情形之一者不得应聘: 1.因犯罪受过刑事处罚的; 2.被开除中国共产党党籍的; 3.被开除公职的; 4.被依法列为失信联合惩戒对象的; 5.涉嫌违纪违法正在接受有关专门机关审查尚未作出结论的; 6.受处分期间或者未满影响期限的; 7.正在接受审计机关审计的; 8.法律、法规规定的其他情形。 三、招聘流程 (一)报名。 1.报名时间。 报名时间自本公告发布之日起至2026年10月11日24:00。 2.报名方式。 本次招聘仅接受网上报名,应聘人员请登录国家国防科技工业局官方网站、探月与航天工程中心官方网站、微信公众号和智联招聘网站查看岗位信息,并通过报名系统:clep2026.zhaopin.com,根据自身条件,申报相应岗位。 (二)资格审查。 根据岗位要求进行资格审查。 (三)综合考核。 包括笔试、面试。 1.笔试主要考察招聘岗位所需的专业知识、业务能力等; 2.面试主要考察应聘人员的专业能力、综合素质及岗位匹配度等。根据笔试成绩排序,按一定比例确定各岗位面试人选; 3.笔试、面试安排由招聘工作组通知符合条件人员,具体形式将根据工作安排综合考虑。 (四)考察与体检。 根据综合考核情况,确定各岗位考察人选。组织对拟录用",国家国防科技工业局,Official,https://www.sastind.gov.cn/n10086167/n10086216/c10775042/content.html,S_Core,,1,2,2,1.5,C,留在事件库供检索，但未达到本周正文相关性、证据质量或去重要求。,Database_Only,留在事件库供检索，但未达到本周正文相关性、证据质量或去重要求。,,,Targeted supplemental search supp-search-cn-04.json; pending full-text verification.,Yes
2026W39-SUP-266,2026-09-24,2026-09-24,China,Policy,AI,国家国防科工局召开2026年机关退休干部大会,国家国防科工局召开2026年机关退休干部大会,"9月24日,在国庆、中秋双节来临之际,国家国防科技工业局召开2026年机关退休干部大会,深入学习贯彻习近平总书记关于国防科技工业的重要指示批示精神,全面贯彻落实习近平总书记关于老干部工作的重要论述,局党组书记、局长单忠德通报国防科工局2026年重点工作推进情况,并代表局党组向老领导、老同志致以节日的问候和崇高的敬意。局党组成员、副局长刘敬主持会议。老领导栾恩杰、于宗林、张广钦、王毅韧、王双林、刘东奎、吴艳华、徐占斌同志出席会议。 会议指出,今年是“十五五”开局之年,全局上下全面贯彻习近平新时代中国特色社会主义思想,深入贯彻落实党中央、国务院决策部署,完整准确全面贯彻新发展理念,扎实开展树立和践行正确政绩观学习教育,讲政治、强作风、展形象,转观念、抓落实、见行动,国防科技工业高质量发展和模范机关建设取得积极成效。为全面完成今年的目标任务,要进一步提高政治站位,传承优良传统,坚定信心、迎难而上,一个问题一个问题解决、一项工作一项工作地认真抓好落实,抓住不放,直至取得成效实效,凝心聚力,加速加力推进先进国防科技工业体系建设。 会议强调,国防科技工业高质量发展,根本在于以习近平同志为核心的党中央领航掌舵,在于习近平新时代中国特色社会主义思想科学指引,也离不开各位老领导、老同志的倾心关注、鼎力支持。要深入贯彻落实习近平总书记关于老干部工作的重要论述,把总书记的谆谆教诲转化为用心用情、精准服务的具体行动,要把党的建设和思想政治工作抓紧抓实,更好地把广大退休干部凝聚起来,形成一心跟党走的生动局面。要尽心竭力做好服务保障,聚焦退休干部的急难愁盼,认真落实优老、惠老相关政策,推出更多利老、便老的具体措施,不辜负党中央重托、不辜负老同志期盼。要规范和加强教育管理监督,坚持正面引导和反面警示相结合,引导老同志严格遵守各项纪律规定,守牢质量、安全、保密、廉洁、作风红线底线,自觉维护党的形象、维护",国家国防科技工业局,Official,https://www.sastind.gov.cn/n10086200/n10086344/c10775520/content.html,S_Core,,1,2,2,1.5,C,留在事件库供检索，但未达到本周正文相关性、证据质量或去重要求。,Database_Only,留在事件库供检索，但未达到本周正文相关性、证据质量或去重要求。,,,Targeted supplemental search supp-search-cn-04.json; pending full-text verification.,Yes
2026W39-SUP-267,2026-09-24,2026-09-24,China,Policy,Commercial_Space,国家国防科工局 公安部关于印发《国防科研生产单位保卫工作规定》的通知,国家国防科工局 公安部关于印发《国防科研生产单位保卫工作规定》的通知,"各省、自治区、直辖市国防科技工业管理部门、公安厅(局),深圳市、青岛市国防科工办,各军工集团公司,中国工程物理研究院,有关民口中央集团公司,工业和信息化部所属高校: 坚持以习近平新时代中国特色社会主义思想为指导,全面贯彻党的二十大和二十届历次全会精神,为进一步加强国防科研生产单位保卫工作,防范化解重大安全风险隐患,国家国防科工局、公安部制定了《国防科研生产单位保卫工作规定》,现印发你们,请认真贯彻执行。 国家国防科工局 公安部 2026年9月12日 国防科研生产单位保卫工作规定 第一章 总 则 第一条 为深入贯彻落实党中央关于加强国防科技工业保卫工作部署要求,保障武器装备科研生产活动全链条全过程安全,依据《中华人民共和国国防法》《企业事业单位内部治安保卫条例》《重要军工设施保护条例》《保安服务管理条例》等法律法规,制定本规定。 第二条 国防科研生产单位从事国防科研生产经营活动的保卫工作适用于本规定。 国防科研生产单位包括军工集团公司、中国工程物理研究院及其所属单位;地方军工单位;承担武器装备科研生产任务的民口民营单位;以及从事商业运载火箭、火箭发动机、卫星、发射测控和卫星应用相关科研生产、试验任务的单位。 第三条 国防科研生产单位保卫工作坚持党的领导,坚持总体国家安全观,坚持“单位主责、预防为主、突出重点、保障安全”的方针。 第四条 国防科研生产单位(以下简称单位)主要负责人是本单位保卫工作第一责任人,全面负责本单位保卫工作,其他责任人员对职责范围内的保卫工作负责。 第二章 职责分工 第五条 国务院国防科技工业主管部门负责监督管理全国武器装备科研生产保卫工作,指导协调并监督检查涉及军工的保卫工作;国务院公安部门负责指导、监督全国国防科研生产单位保卫工作;国务院有关行业、系统主管部门管理或者指导本行业、本系统涉及军工的保卫工作。 第六条 地方国防科技工业管理部门负责指导、管",国家国防科技工业局,Official,https://www.sastind.gov.cn/n10086167/n10086216/c10775162/content.html,S_Core,,1,2,2,1.5,C,留在事件库供检索，但未达到本周正文相关性、证据质量或去重要求。,Database_Only,留在事件库供检索，但未达到本周正文相关性、证据质量或去重要求。,,,Targeted supplemental search supp-search-cn-04.json; pending full-text verification.,Yes
2026W39-SUP-268,2026-09-24,2026-09-24,China,Policy,AI,2026年国防科技工业安全生产管理人员培训班在京举办,2026年国防科技工业安全生产管理人员培训班在京举办,"9月22日至24日,国家国防科工局在北京举办2026年国防科技工业安全生产管理人员培训班。国家国防科工局党组成员、副局长刘建桥作开班动员讲话。中国兵器工业集团有限公司党组副书记、总经理马云双出席并致辞。 举办本次培训班主要是深入学习贯彻习近平总书记关于安全生产的重要指示批示精神,贯彻落实国务院安委会有关部署要求,加强安全生产监管队伍建设,提升管理人员履职能力和监管质效。培训邀请了来自中国职业安全健康协会和有关军工集团公司的安全生产专家,重点围绕责任制落实、管理体系建设、制度标准宣贯、危化品安全管理等领域作专题授课,进一步深化理论武装、统一思想认识、提升能力素质,汇聚做好国防科技工业安全生产工作的强大合力。 刘建桥在开班动员讲话中强调,要切实把思想和行动统一到习近平总书记重要指示批示精神上来,今年是“十五五”开局之年,也是安全生产治本攻坚三年行动收官之年,做好国防科技工业安全生产工作使命特殊、责任重大。要提高政治站位,认清形势,切实增强责任感、使命感和紧迫感,将抓好安全生产工作作为建设先进国防科技工业体系的重要支撑、应对严峻复杂形势的现实要求和检验干部作风能力的重要标尺,把统筹发展和安全贯穿科研生产、能力建设、项目管理等全过程、全链条、全级次、全要素,深刻汲取有关事故教训,总结形成规律性认识,防范化解重大安全风险。要聚焦重点领域,攻坚突破,深入分析研判重大活动、重点时期安全风险特点,加力推进专项整治行动,全面排查整治各类隐患,建立健全“全员参与”的政策保障机制,织密织牢“三级”安全监管体系,持续推动数字化、智能化建设,提升行业监管效能和本质安全水平。要强化学习转化,狠抓落实,各位学员要准确把握安全生产相关政策规范,积极就如何提升安全监管质效交流研讨、建言献策,系统谋划、逐级组织开展培训工作,确保学习到位、领会到位、认识到位、部署到位,切实把培训成果转化为提升安全治理能力的工",国家国防科技工业局,Official,https://www.sastind.gov.cn/n10086200/n10086344/c10775262/content.html,S_Core,,1,2,2,1.5,C,留在事件库供检索，但未达到本周正文相关性、证据质量或去重要求。,Database_Only,留在事件库供检索，但未达到本周正文相关性、证据质量或去重要求。,,,Targeted supplemental search supp-search-cn-04.json; pending full-text verification.,Yes
2026W39-SUP-270,2026-09-24,2026-09-24,China,Policy,AI,国家科技管理信息系统公共服务平台,国家科技管理信息系统公共服务平台,关于对“十五五”国家重点研发计划“量智融合关键技术研究”重点专项2026年度项目申报指南征求意见的通知 发布时间:2026年09月24日 来源:北京市科学技术委员会、中关村科技园区管理委员会,科学技术部网站,Official,https://service.most.gov.cn/kjjh_tztg_all/20260924/5890.html,S_Core,,1,2,2,1.5,C,留在事件库供检索，但未达到本周正文相关性、证据质量或去重要求。,Database_Only,留在事件库供检索，但未达到本周正文相关性、证据质量或去重要求。,,,Targeted supplemental search supp-search-cn-06.json; pending full-text verification.,Yes
2026W39-SUP-274,2026-09-24,2026-09-24,China,Policy,Commercial_Space,安徽高标准建设深空科学城-中华人民共和国科学技术部,安徽高标准建设深空科学城-中华人民共和国科学技术部,"日期: 2026年09月24日 09:45 来源: 安徽省科学技术厅 9月3日上午,2026年深空探测(天都)国际会议开幕式及主旨报告在合肥举行。安徽省委书记梁言顺出席并致辞。省委副书记、省长王清宪出席。中国工程院院士、深空探测实验室主任、国际深空探测学会理事长吴伟仁主持并作主旨报告。省领导王东伟、单向前、覃卫国、韩军、任清华,中国科大党委书记舒歌群出席。 梁言顺指出,近年来,安徽坚定沿着习近平总书记指引的方向前进,高标准建设深空科学城,稳步推进地外资源开发利用,正加速形成科创驱动、产业集聚、生态协同、全域赋能的深空探测发展新格局。面向未来,安徽将充分发挥深空探测实验室和国际深空探测学会牵引作用,促进“3+N”科创引领高地相互嫁接、相互赋能,为实现不懈追求的航天梦贡献更多安徽力量。衷心期盼与全球各方携手同行,深化创新共建、产业共兴、人才共育,共同探索深空探测事业的浩瀚苍穹。 吴伟仁在主旨报告中介绍了全球深空探测发展现状、趋势、前沿关键技术和面临的现实挑战,指出深空探测兼具重大科学价值与资源开发应用前景,希望持续深化国际合作,加快实现技术突破,共同推动深空探测事业发展,更好造福全人类。 开幕式上,中国科协党组成员罗晖,国家航天局总工程师李国平,联合国外空司副司长德里斯·艾尔哈达尼,北京航空航天大学教授、神舟十六号乘组航天员桂海潮,亚太空间合作组织秘书长江辉,拉美和加勒比航天局秘书长奥斯卡·弗兰迪·冈萨雷斯,国际宇航联合会执行主任克里斯汀·费希廷格分别致辞。举行了国际月球村中心(中国)、深空探测联合实验室揭牌仪式,开展了合作签约、首刊发布、赠书等活动。国际深空探测学会向新加入的国内外单位颁发了会员证书。 会议以“可持续深空探测——机遇与挑战”为主题,来自全球近50个国家和地区的航天机构代表、国际组织及驻华使领馆代表和国家有关部委司局负责同志、院士专家、高校负责同志等400余人",科学技术部网站,Official,https://www.most.gov.cn/dfkj/ah/zxdt/202609/t20260924_197404.html,S_Core,,1,2,2,1.5,C,留在事件库供检索，但未达到本周正文相关性、证据质量或去重要求。,Database_Only,留在事件库供检索，但未达到本周正文相关性、证据质量或去重要求。,,,Targeted supplemental search supp-search-cn-06.json; pending full-text verification.,Yes
2026W39-SUP-275,2026-09-24,2026-09-24,China,Policy,AI,国家科技管理信息系统公共服务平台,国家科技管理信息系统公共服务平台,"关于国家重点研发计划“公共卫生与主动健康”重点专项2026年度项目申报指南征求意见的通知 发布时间:2026年09月24日 来源:国家疾控局 请登录系统,在“公开公示—指南征求意见”菜单栏中查看指南征求意见材料。",科学技术部网站,Official,https://service.most.gov.cn/kjjh_tztg_all/20260924/5889.html,S_Core,,1,2,2,1.5,C,留在事件库供检索，但未达到本周正文相关性、证据质量或去重要求。,Database_Only,留在事件库供检索，但未达到本周正文相关性、证据质量或去重要求。,,,Targeted supplemental search supp-search-cn-06.json; pending full-text verification.,Yes
2026W39-SUP-280,2026-09-24,2026-09-24,China,Policy,AI,国家科技管理信息系统公共服务平台,国家科技管理信息系统公共服务平台,"关于国家重点研发计划“重大灾害事故风险防控与应急救援科技支撑”重点专项2026年度项目申报指南征求意见的通知 发布时间:2026年09月24日 来源:应急管理部 请登录系统,在“公开公示—指南征求意见”菜单栏中查看指南征求意见材料。",科学技术部网站,Official,https://service.most.gov.cn/kjjh_tztg_all/20260924/5888.html,S_Core,,1,2,2,1.5,C,留在事件库供检索，但未达到本周正文相关性、证据质量或去重要求。,Database_Only,留在事件库供检索，但未达到本周正文相关性、证据质量或去重要求。,,,Targeted supplemental search supp-search-cn-06.json; pending full-text verification.,Yes
2026W39-SUP-298,2026-09-24,2026-09-24,US,Policy,Commercial_Space,Practicing for Safe Landings on the Moon and Beyond - NASA,Practicing for Safe Landings on the Moon and Beyond - NASA,"In this Aug. 27, 2026, image, an Alta-X drone flies an advanced guidance and navigation system known as the Safe and Precise Landing – Integrated Capabilities Evolution (SPLICE) experiment near NASA’s Armstrong Flight Research Center in Edwards, California. Researchers at NASA’s Johnson Space Center in Houston developed SPLICE, which successfully completed simulated lunar descent and landing maneuvers during recent testing. Its technologies provide safe and precise landing for the Moon, Mars, icy worlds, and other destinations using specialized navigation, guidance, and processing techniques. It enables landing in hard-to-reach and unknown areas that are of high scientific interest. Image credit: NASA/Ryan Kline",NASA,Official,https://www.nasa.gov/image-article/practicing-for-safe-landings-on-the-moon-and-beyond/,S_Core,,1,2,2,1.5,C,留在事件库供检索，但未达到本周正文相关性、证据质量或去重要求。,Database_Only,留在事件库供检索，但未达到本周正文相关性、证据质量或去重要求。,,,Targeted supplemental search supp-search-us-07.json; pending full-text verification.,Yes
2026W39-SUP-305,2026-09-24,2026-09-24,US,Technology,Commercial_Space,NASA Shares SpaceX Crew-14 Assignments for Space Station Mission - NASA,NASA Shares SpaceX Crew-14 Assignments for Space Station Mission - NASA,"NASA Shares SpaceX Crew-14 Assignments for Space Station Mission Four crew members from three space agencies will launch to the International Space Station no earlier than spring 2027 for a long-duration science expedition as part of NASA’s SpaceX Crew-14 mission. NASA astronauts Kayla Barron and Chris Birch will serve as spacecraft commander and pilot, with JAXA (Japan Aerospace Exploration Agency) astronaut Makoto Suwa, and Roscosmos cosmonaut Arutyun Kiviryan as mission specialists. After docking, Crew-14 will join the space station’s Expedition 75/76. This mission is the 14th commercial crew rotation with SpaceX under NASA’s Low Earth Orbit Program. The crew will conduct scientific investigations and technology demonstrations to help prepare humans for future exploration missions to th",NASA,Official,https://www.nasa.gov/blogs/commercialcrew/2026/09/24/nasa-shares-spacex-crew-14-assignments-for-space-station-mission/,S_Core,,1,2,2,1.5,C,留在事件库供检索，但未达到本周正文相关性、证据质量或去重要求。,Database_Only,留在事件库供检索，但未达到本周正文相关性、证据质量或去重要求。,,,Targeted supplemental search supp-search-us-07.json; pending full-text verification.,Yes
2026W39-QCC-DOMESTIC-003,2026-09-24,2026-09-24,China,Financing,AI,星联未来,星联未来A轮融资记录,AI宠物硬件产品研发商；企查查披露金额：未披露。,企查查（境内）,Database,N/A,Manual,,1,2,2,1.5,C,留在事件库供检索，但未达到本周正文相关性、证据质量或去重要求。,Database_Only,留在事件库供检索，但未达到本周正文相关性、证据质量或去重要求。,,,QCC raw_id=41c45f1e2424fb82b799c617e9de9855；数据库线索不等于公司已公开确认，金额和日期保留原表口径。,No
2026W39-QCC-DOMESTIC-004,2026-09-24,2026-09-24,China,Financing,Commercial_Space;AI,重庆诺比侃,重庆诺比侃A轮融资记录,AI轨道交通检测服务商；企查查披露金额：未披露。,企查查（境内）,Database,N/A,Manual,,1,2,2,1.5,C,留在事件库供检索，但未达到本周正文相关性、证据质量或去重要求。,Database_Only,留在事件库供检索，但未达到本周正文相关性、证据质量或去重要求。,,,QCC raw_id=5209c9444d9535e5305da0cec0e5868e；数据库线索不等于公司已公开确认，金额和日期保留原表口径。,No
2026W39-QCC-DOMESTIC-006,2026-09-24,2026-09-24,China,Financing,Commercial_Space,佧森航空,佧森航空Pre-A轮融资记录,eVTOL核心系统部件研发商；企查查披露金额：数千万元。,企查查（境内）,Database,https://mp.weixin.qq.com/s?__biz=MzYzNjk1MTYwMg==&mid=2247484019&idx=1&sn=ecd237dbdd972c9996ef43af11bc51d1&poc_token=HHu2tGqjRW-U88nB4mVP2AHZgCJkGtbzNbaZa0mZ,Manual,,1,2,2,1.5,C,留在事件库供检索，但未达到本周正文相关性、证据质量或去重要求。,Database_Only,留在事件库供检索，但未达到本周正文相关性、证据质量或去重要求。,,,QCC raw_id=58139eabbdae4237ebd0db83ffa001fc；数据库线索不等于公司已公开确认，金额和日期保留原表口径。,No
2026W39-QCC-DOMESTIC-007,2026-09-24,2026-09-24,China,Financing,AI,大虎智源,大虎智源Pre-A轮融资记录,餐饮AI科技研发商；企查查披露金额：数千万元。,企查查（境内）,Database,https://mp.weixin.qq.com/s/Vze1kc2DZ3E_szcN-15j2Q,Manual,,1,2,2,1.5,C,留在事件库供检索，但未达到本周正文相关性、证据质量或去重要求。,Database_Only,留在事件库供检索，但未达到本周正文相关性、证据质量或去重要求。,,,QCC raw_id=f712c3f1679a977663adcbc12684f01f；数据库线索不等于公司已公开确认，金额和日期保留原表口径。,No
2026W39-QCC-DOMESTIC-008,2026-09-24,2026-09-24,China,Financing,Chip,引领半导体,引领半导体天使轮融资记录,半导体材料生产制造商；企查查披露金额：未披露。,企查查（境内）,Database,N/A,Manual,,1,2,2,1.5,C,留在事件库供检索，但未达到本周正文相关性、证据质量或去重要求。,Database_Only,留在事件库供检索，但未达到本周正文相关性、证据质量或去重要求。,,,QCC raw_id=562407d7d27ea3dd98da415d87330464；数据库线索不等于公司已公开确认，金额和日期保留原表口径。,No
2026W39-QCC-DOMESTIC-009,2026-09-24,2026-09-24,China,Financing,Chip,长光芯远,长光芯远天使轮融资记录,集成电路制造商；企查查披露金额：未披露。,企查查（境内）,Database,N/A,Manual,,1,2,2,1.5,C,留在事件库供检索，但未达到本周正文相关性、证据质量或去重要求。,Database_Only,留在事件库供检索，但未达到本周正文相关性、证据质量或去重要求。,,,QCC raw_id=b28b5597e7730747979c0801a6c8991a；数据库线索不等于公司已公开确认，金额和日期保留原表口径。,No
2026W39-QCC-DOMESTIC-010,2026-09-24,2026-09-24,China,Financing,AI,索格智算,索格智算天使轮融资记录,人工智能赋能新材料研发商；企查查披露金额：数千万元。,企查查（境内）,Database,https://mp.weixin.qq.com/s?__biz=MzkwMTI4MjU0Mw==&mid=2247553911&idx=2&sn=015e55eaf6c30819850fd62f3d048d12&poc_token=HKF9tGqjy_lUabxl82E3tHqinEfbMGZfHKPmqpeZ,Manual,,1,2,2,1.5,C,留在事件库供检索，但未达到本周正文相关性、证据质量或去重要求。,Database_Only,留在事件库供检索，但未达到本周正文相关性、证据质量或去重要求。,,,QCC raw_id=c88a81c5d5378677bfb944a61885f34b；数据库线索不等于公司已公开确认，金额和日期保留原表口径。,No
2026W39-QCC-OVERSEAS-008,2026-09-24,2026-09-24,Global,Financing,AI,OpenEvidence,OpenEvidenceD轮融资记录,医疗人工智能服务商；企查查披露金额：2.5亿美元。,企查查（境外）,Database,https://aiweekly.co/alerts/openevidence-raises-250m-at-15b-25-above-januarys-12b-mark-and-weighing-sale,Manual,,1,2,2,1.5,C,留在事件库供检索，但未达到本周正文相关性、证据质量或去重要求。,Database_Only,留在事件库供检索，但未达到本周正文相关性、证据质量或去重要求。,,,QCC raw_id=748905ccd8d6c1605969d7028a852339；数据库线索不等于公司已公开确认，金额和日期保留原表口径。,No
2026W39-QCC-OVERSEAS-009,2026-09-24,2026-09-24,Global,Financing,AI,micro1,micro1B轮融资记录,AI数据服务商；企查查披露金额：超1亿美元。,企查查（境外）,Database,https://mp.weixin.qq.com/s/Bp39W643NAquRi2QIsJ9SA,Manual,,1,2,2,1.5,C,留在事件库供检索，但未达到本周正文相关性、证据质量或去重要求。,Database_Only,留在事件库供检索，但未达到本周正文相关性、证据质量或去重要求。,,,QCC raw_id=55278a017443967188117fb82ae4cadf；数据库线索不等于公司已公开确认，金额和日期保留原表口径。,No
2026W39-QCC-OVERSEAS-010,2026-09-24,2026-09-24,Global,Financing,AI,Dextr AI,Dextr AI种子轮融资记录,酒店运营AI代理开发商；企查查披露金额：670万美元。,企查查（境外）,Database,https://mp.weixin.qq.com/s/TE3vhNvr5lG65zGxkv6BWw,Manual,,1,2,2,1.5,C,留在事件库供检索，但未达到本周正文相关性、证据质量或去重要求。,Database_Only,留在事件库供检索，但未达到本周正文相关性、证据质量或去重要求。,,,QCC raw_id=a231b93b6f10cf5916ccceca2215af95；数据库线索不等于公司已公开确认，金额和日期保留原表口径。,No
2026W39-WEB-002,2026-09-25,2026-09-25,China,Technology,Space_Compute;Commercial_Space;Chip;AI,"太空AI卫星,科技巨头,大动作!发射时间确定(附概念股)_财经频道_证券之星","太空AI卫星,科技巨头,大动作!发射时间确定(附概念股)_财经频道_证券之星","(原标题:太空AI卫星,科技巨头,大动作!发射时间确定(附概念股)) AI技术持续纵深拓展叠加低轨星座规模快速增长,催生了太空场景对实时响应、智能决策及高效服务的迫切需求。 太空算力,消息不断!据报道,当地时间10月1日(下周四),谷歌计划将实验卫星MVP送入轨道,该卫星具备在太空中直接处理并回答简单AI查询的算力,将在加州范登堡太空军基地搭乘SpaceX“猎鹰9号”火箭升空。据悉,MVP隶属于谷歌捕日者计划(Project Suncatcher),旨在探索将AI数据中心部署至太空并利用太阳能供电的可能性。谷歌本次发射仅为前置实验原型,体积相当于家用冰箱。其内部搭载了四块谷歌定制TPU加速器,太阳能电池板峰值功率约1000瓦,仅能支持微波炉或吹风机级别的能耗。受限于散热能力,芯片每次仅能以短脉冲方式运行约15分钟,随后需停机冷却。近期,太空算力产业面消息不断。9月20日,我国使用中科宇航力箭一号遥十八运载火箭,成功将秦岭卫星01、02星、超智算一号卫星、云霄探路者卫星等9颗卫星发射升空,卫星顺利进入预定轨道。“超智算一号”是国内首个“首箭首星”一体化算力卫星,由超智算(北京)科技有限公司牵头研制,实现运载火箭独家冠名、星箭一体化全域AI算力搭载两大行业创新突破,迈出我国“算力上天、天数天算”工程化落地关键一步。2030年市场规模将突破160亿美元太空算力,是指把芯片、服务器、算法模型乃至云平台等计算资源部署于卫星,并通过星座化组网方式,将分散在轨的计算资源组织起来,向外提供持续、协同、可扩展的算力服务。其最大优势在于“实时性”和“覆盖性”,也被视为空天时代的全新计算范式。AI技术持续纵深拓展叠加低轨星座规模快速增长,催生了太空场景对实时响应、智能决策及高效服务的迫切需求。中国信通院《太空算力发展前瞻研究报告(2026年)》指出,将计算能力向轨道延伸,构建集在轨感知、智能处",证券之星财经频道,Media,https://finance.stockstar.com/IG2026092500014868.shtml,Watch,,1,2,2,1.5,C,留在事件库供检索，但未达到本周正文相关性、证据质量或去重要求。,Database_Only,留在事件库供检索，但未达到本周正文相关性、证据质量或去重要求。,,,Pass A query 1; search discovery record pending full-text verification.,Yes
2026W39-WEB-003,2026-09-25,2026-09-25,China,Technology,Space_Compute;Commercial_Space;Chip;AI,"太空AI卫星,科技巨头,大动作!发射时间确定(附股)_股票频道_证券之星","太空AI卫星,科技巨头,大动作!发射时间确定(附股)_股票频道_证券之星","(原标题:太空AI卫星,科技巨头,大动作!发射时间确定(附股)) 太空算力,消息不断!据报道,当地时间10月1日(下周四),谷歌计划将实验卫星MVP送入轨道,该卫星具备在太空中直接处理并回答简单AI查询的算力,将在加州范登堡太空军基地搭乘SpaceX“猎鹰9号”火箭升空。据悉,MVP隶属于谷歌捕日者计划(Project Suncatcher),旨在探索将AI数据中心部署至太空并利用太阳能供电的可能性。谷歌本次发射仅为前置实验原型,体积相当于家用冰箱。其内部搭载了四块谷歌定制TPU加速器,太阳能电池板峰值功率约1000瓦,仅能支持微波炉或吹风机级别的能耗。受限于散热能力,芯片每次仅能以短脉冲方式运行约15分钟,随后需停机冷却。近期,太空算力产业面消息不断。9月20日,我国使用中科宇航力箭一号遥十八运载火箭,成功将秦岭卫星01、02星、超智算一号卫星、云霄探路者卫星等9颗卫星发射升空,卫星顺利进入预定轨道。“超智算一号”是国内首个“首箭首星”一体化算力卫星,由超智算(北京)科技有限公司牵头研制,实现运载火箭独家冠名、星箭一体化全域AI算力搭载两大行业创新突破,迈出我国“算力上天、天数天算”工程化落地关键一步。2030年市场规模将突破160亿美元太空算力,是指把芯片、服务器、算法模型乃至云平台等计算资源部署于卫星,并通过星座化组网方式,将分散在轨的计算资源组织起来,向外提供持续、协同、可扩展的算力服务。其最大优势在于“实时性”和“覆盖性”,也被视为空天时代的全新计算范式。AI技术持续纵深拓展叠加低轨星座规模快速增长,催生了太空场景对实时响应、智能决策及高效服务的迫切需求。中国信通院《太空算力发展前瞻研究报告(2026年)》指出,将计算能力向轨道延伸,构建集在轨感知、智能处理与天地协同于一体的“太空算力”体系,是重构算力能源供给格局、驱动算力服务模式变革的重要路径,已成为当前主要",证券之星股票频道,Media,https://stock.stockstar.com/IG2026092500014822.shtml,Watch,,1,2,2,1.5,C,留在事件库供检索，但未达到本周正文相关性、证据质量或去重要求。,Database_Only,留在事件库供检索，但未达到本周正文相关性、证据质量或去重要求。,,,Pass A query 1; search discovery record pending full-text verification.,Yes
2026W39-WEB-008,2026-09-25,2026-09-25,China,Technology,Space_Compute;Commercial_Space;Chip;AI,"太空AI卫星,科技巨头,大动作!发射时间确定(附股)","太空AI卫星,科技巨头,大动作!发射时间确定(附股)","太空算力,消息不断!据报道,当地时间10月1日(下周四),谷歌计划将实验卫星MVP送入轨道,该卫星具备在太空中直接处理并回答简单AI查询的算力,将在加州范登堡太空军基地搭乘SpaceX“猎鹰9号”火箭升空。据悉,MVP隶属于谷歌捕日者计划(Project Suncatcher),旨在探索将AI数据中心部署至太空并利用太阳能供电的可能性。谷歌本次发射仅为前置实验原型,体积相当于家用冰箱。其内部搭载了四块谷歌定制TPU加速器,太阳能电池板峰值功率约1000瓦,仅能支持微波炉或吹风机级别的能耗。受限于散热能力,芯片每次仅能以短脉冲方式运行约15分钟,随后需停机冷却。近期,太空算力产业面消息不断。9月20日,我国使用中科宇航力箭一号遥十八运载火箭,成功将秦岭卫星01、02星、超智算一号卫星、云霄探路者卫星等9颗卫星发射升空,卫星顺利进入预定轨道。“超智算一号”是国内首个“首箭首星”一体化算力卫星,由超智算(北京)科技有限公司牵头研制,实现运载火箭独家冠名、星箭一体化全域AI算力搭载两大行业创新突破,迈出我国“算力上天、天数天算”工程化落地关键一步。2030年市场规模将突破160亿美元太空算力,是指把芯片、服务器、算法模型乃至云平台等计算资源部署于卫星,并通过星座化组网方式,将分散在轨的计算资源组织起来,向外提供持续、协同、可扩展的算力服务。其最大优势在于“实时性”和“覆盖性”,也被视为空天时代的全新计算范式。AI技术持续纵深拓展叠加低轨星座规模快速增长,催生了太空场景对实时响应、智能决策及高效服务的迫切需求。中国信通院《太空算力发展前瞻研究报告(2026年)》指出,将计算能力向轨道延伸,构建集在轨感知、智能处理与天地协同于一体的“太空算力”体系,是重构算力能源供给格局、驱动算力服务模式变革的重要路径,已成为当前主要国家竞相布局的战略前沿。华福证券指出,产业迎来高速发展窗口期,正从",证券时报,Media,https://www.stcn.com/article/detail/4199351.html,Watch,,1,2,2,1.5,C,留在事件库供检索，但未达到本周正文相关性、证据质量或去重要求。,Database_Only,留在事件库供检索，但未达到本周正文相关性、证据质量或去重要求。,,,Pass A query 1; search discovery record pending full-text verification.,Yes
2026W39-WEB-009,2026-09-25,2026-09-25,China,Technology,Space_Compute;Commercial_Space;Chip;AI,"太空AI卫星,科技巨头,大动作!发射时间确定(附股)_证券要闻_股票_证券之星","太空AI卫星,科技巨头,大动作!发射时间确定(附股)_证券要闻_股票_证券之星","(原标题:太空AI卫星,科技巨头,大动作!发射时间确定(附股)) 太空算力,消息不断!据报道,当地时间10月1日(下周四),谷歌计划将实验卫星MVP送入轨道,该卫星具备在太空中直接处理并回答简单AI查询的算力,将在加州范登堡太空军基地搭乘SpaceX“猎鹰9号”火箭升空。据悉,MVP隶属于谷歌捕日者计划(Project Suncatcher),旨在探索将AI数据中心部署至太空并利用太阳能供电的可能性。谷歌本次发射仅为前置实验原型,体积相当于家用冰箱。其内部搭载了四块谷歌定制TPU加速器,太阳能电池板峰值功率约1000瓦,仅能支持微波炉或吹风机级别的能耗。受限于散热能力,芯片每次仅能以短脉冲方式运行约15分钟,随后需停机冷却。近期,太空算力产业面消息不断。9月20日,我国使用中科宇航力箭一号遥十八运载火箭,成功将秦岭卫星01、02星、超智算一号卫星、云霄探路者卫星等9颗卫星发射升空,卫星顺利进入预定轨道。“超智算一号”是国内首个“首箭首星”一体化算力卫星,由超智算(北京)科技有限公司牵头研制,实现运载火箭独家冠名、星箭一体化全域AI算力搭载两大行业创新突破,迈出我国“算力上天、天数天算”工程化落地关键一步。2030年市场规模将突破160亿美元太空算力,是指把芯片、服务器、算法模型乃至云平台等计算资源部署于卫星,并通过星座化组网方式,将分散在轨的计算资源组织起来,向外提供持续、协同、可扩展的算力服务。其最大优势在于“实时性”和“覆盖性”,也被视为空天时代的全新计算范式。AI技术持续纵深拓展叠加低轨星座规模快速增长,催生了太空场景对实时响应、智能决策及高效服务的迫切需求。中国信通院《太空算力发展前瞻研究报告(2026年)》指出,将计算能力向轨道延伸,构建集在轨感知、智能处理与天地协同于一体的“太空算力”体系,是重构算力能源供给格局、驱动算力服务模式变革的重要路径,已成为当前主要",证券之星,Media,https://wap.stockstar.com/detail/IG2026092500014822,Watch,,1,2,2,1.5,C,留在事件库供检索，但未达到本周正文相关性、证据质量或去重要求。,Database_Only,留在事件库供检索，但未达到本周正文相关性、证据质量或去重要求。,,,Pass A query 1; search discovery record pending full-text verification.,Yes
2026W39-WEB-012,2026-09-25,2026-09-25,China,Technology,Space_Compute;Commercial_Space;Chip;AI,"太空AI卫星,科技巨头,大动作!发射时间确定(附股)_凤凰网","太空AI卫星,科技巨头,大动作!发射时间确定(附股)_凤凰网","太空算力,消息不断!据报道,当地时间10月1日(下周四),谷歌计划将实验卫星MVP送入轨道,该卫星具备在太空中直接处理并回答简单AI查询的算力,将在加州范登堡太空军基地搭乘SpaceX“猎鹰9号”火箭升空。据悉,MVP隶属于谷歌捕日者计划(Project Suncatcher),旨在探索将AI数据中心部署至太空并利用太阳能供电的可能性。谷歌本次发射仅为前置实验原型,体积相当于家用冰箱。其内部搭载了四块谷歌定制TPU加速器,太阳能电池板峰值功率约1000瓦,仅能支持微波炉或吹风机级别的能耗。受限于散热能力,芯片每次仅能以短脉冲方式运行约15分钟,随后需停机冷却。近期,太空算力产业面消息不断。9月20日,我国使用中科宇航力箭一号遥十八运载火箭,成功将秦岭卫星01、02星、超智算一号卫星、云霄探路者卫星等9颗卫星发射升空,卫星顺利进入预定轨道。“超智算一号”是国内首个“首箭首星”一体化算力卫星,由超智算(北京)科技有限公司牵头研制,实现运载火箭独家冠名、星箭一体化全域AI算力搭载两大行业创新突破,迈出我国“算力上天、天数天算”工程化落地关键一步。2030年市场规模将突破160亿美元太空算力,是指把芯片、服务器、算法模型乃至云平台等计算资源部署于卫星,并通过星座化组网方式,将分散在轨的计算资源组织起来,向外提供持续、协同、可扩展的算力服务。其最大优势在于“实时性”和“覆盖性”,也被视为空天时代的全新计算范式。AI技术持续纵深拓展叠加低轨星座规模快速增长,催生了太空场景对实时响应、智能决策及高效服务的迫切需求。中国信通院《太空算力发展前瞻研究报告(2026年)》指出,将计算能力向轨道延伸,构建集在轨感知、智能处理与天地协同于一体的“太空算力”体系,是重构算力能源供给格局、驱动算力服务模式变革的重要路径,已成为当前主要国家竞相布局的战略前沿。华福证券指出,产业迎来高速发展窗口期,正从技",凤凰网,Media,https://finance.ifeng.com/c/8wiFDZpiXXK,Watch,,1,2,2,1.5,C,留在事件库供检索，但未达到本周正文相关性、证据质量或去重要求。,Database_Only,留在事件库供检索，但未达到本周正文相关性、证据质量或去重要求。,,,Pass A query 1; search discovery record pending full-text verification.,Yes
2026W39-WEB-014,2026-09-25,2026-09-25,China,Technology,Commercial_Space;Chip;AI,谷歌“算力卫星”下周发射 搭乘SpaceX火箭-格隆汇,谷歌“算力卫星”下周发射 搭乘SpaceX火箭-格隆汇,"首页 > 快讯 > 快讯详情 谷歌“算力卫星”下周发射 搭乘SpaceX火箭 2026-09-25 格隆汇9月25日|谷歌即将首次把自研AI芯片送入低地球轨道,探索将AI算力从地面数据中心延伸至太空。下周,一颗由谷歌与卫星成像公司Planet联合研制的实验卫星,将搭乘SpaceX的Transporter-18拼车任务发射升空。卫星搭载4颗谷歌自研Trillium TPU芯片,将在轨运行谷歌Gemini模型,并接收、回答来自地面的指令。",格隆汇,Media,https://www.gelonghui.com/live/2688927,Watch,,1,2,2,1.5,C,留在事件库供检索，但未达到本周正文相关性、证据质量或去重要求。,Database_Only,留在事件库供检索，但未达到本周正文相关性、证据质量或去重要求。,,,Pass A query 1; search discovery record pending full-text verification.,Yes
2026W39-WEB-015,2026-09-25,2026-09-25,China,Technology,Space_Compute;Commercial_Space;Chip;AI,"太空AI卫星,科技巨头,大动作!发射时间确定(附股)|ai卫星|太空|算力_手机网易网","太空AI卫星,科技巨头,大动作!发射时间确定(附股)|ai卫星|太空|算力_手机网易网","太空算力,消息不断!据报道,当地时间10月1日(下周四),谷歌计划将实验卫星MVP送入轨道,该卫星具备在太空中直接处理并回答简单AI查询的算力,将在加州范登堡太空军基地搭乘SpaceX“猎鹰9号”火箭升空。据悉,MVP隶属于谷歌捕日者计划(Project Suncatcher),旨在探索将AI数据中心部署至太空并利用太阳能供电的可能性。谷歌本次发射仅为前置实验原型,体积相当于家用冰箱。其内部搭载了四块谷歌定制TPU加速器,太阳能电池板峰值功率约1000瓦,仅能支持微波炉或吹风机级别的能耗。受限于散热能力,芯片每次仅能以短脉冲方式运行约15分钟,随后需停机冷却。近期,太空算力产业面消息不断。9月20日,我国使用中科宇航力箭一号遥十八运载火箭,成功将秦岭卫星01、02星、超智算一号卫星、云霄探路者卫星等9颗卫星发射升空,卫星顺利进入预定轨道。“超智算一号”是国内首个“首箭首星”一体化算力卫星,由超智算(北京)科技有限公司牵头研制,实现运载火箭独家冠名、星箭一体化全域AI算力搭载两大行业创新突破,迈出我国“算力上天、天数天算”工程化落地关键一步。2030年市场规模将突破160亿美元太空算力,是指把芯片、服务器、算法模型乃至云平台等计算资源部署于卫星,并通过星座化组网方式,将分散在轨的计算资源组织起来,向外提供持续、协同、可扩展的算力服务。其最大优势在于“实时性”和“覆盖性”,也被视为空天时代的全新计算范式。AI技术持续纵深拓展叠加低轨星座规模快速增长,催生了太空场景对实时响应、智能决策及高效服务的迫切需求。中国信通院《太空算力发展前瞻研究报告(2026年)》指出,将计算能力向轨道延伸,构建集在轨感知、智能处理与天地协同于一体的“太空算力”体系,是重构算力能源供给格局、驱动算力服务模式变革的重要路径,已成为当前主要国家竞相布局的战略前沿。华福证券指出,产业迎来高速发展窗口期,正从",网易,Media,https://m.163.com/dy/article/L7MMRCEE0517BMJU.html,Watch,,1,2,2,1.5,C,留在事件库供检索，但未达到本周正文相关性、证据质量或去重要求。,Database_Only,留在事件库供检索，但未达到本周正文相关性、证据质量或去重要求。,,,Pass A query 1; search discovery record pending full-text verification.,Yes
2026W39-WEB-039,2026-09-25,2026-09-25,China,Technology,Space_Compute;Commercial_Space;AI,太空互联网离我们还有多远?“在轨AI”把算力搬上天,太空互联网离我们还有多远?“在轨AI”把算力搬上天,"太空算力,“联”是关键日前,中科宇航力箭一号运载火箭在东风商业航天创新试验区一飞冲天,顺利入轨的9颗卫星中,“超智算一号”“鹏城南科一号”等卫星具备星载AI智算能力。自从“太空算力”热起来,算力卫星或具备智算能力的卫星正成为航天领域的新宠,“算力上天”“在轨AI”也成了惹眼的概念。抛开直观、热闹的发射场面不说,应急、气象、科研等一线用户最关心的,不外乎这几件事:天上的算力,值不值那笔运费?卫星能不能自己“商量”着干点数据处理的活儿?数据多久能到我们手上?“天感地算”到“天感天算”“快”是核心很多卫星的工作方式像快递员,在天上收集数据,等飞过地面站时把“包裹”传下来,由“中转站”——地面数据中心解析后再分发给用户。受地面站资源、带宽等因素限制,只有不到1/10的有效卫星数据能传回地面,且数据时效性差。如此一来,不仅“物流慢”,随着卫星数量越来越多,“包裹”量急剧增长,“中转站”的调度运行压力也越来越大,卫星数据大量浪费在所难免。“我们要构建太空计算星座,把算力送到太空,实现计算卫星之间的互联互通,进而把人工智能送上天。”中国工程院院士、之江实验室主任王坚所言,代表了一种解决问题的思路:把算力搬上天,让“天上的事情天上干”。2025年,全球首个整轨互联的太空计算星座——三体计算星座首批12颗卫星顺利升空。同年11月,该星座通过星载“地表异常检测模型”发现我国西北某地一起火情,并自动对火点烟雾范围进行有效识别。“数据在太空中处理,处理结果直接送到用户手中,效率可提升至分钟级,甚至秒级。”三体计算星座技术总师李超说。今年7月,搭载3个AI气象模型的西光贰号03星入列三体计算星座。该卫星可在天上直接产出预报结果,将观测预警流程从传统气象卫星的90分钟压缩至分钟级响应,让台风路径预判、城市内涝预警、电网防灾调度等变得更快更准。“快”,不仅是信息获取效率的跃升,更是把卫星从被动的记录者转",新闻中心,Media,https://news.hangzhou.com.cn/gnxw/content/2026-09/25/content_9316992.htm,Watch,,1,2,2,1.5,C,留在事件库供检索，但未达到本周正文相关性、证据质量或去重要求。,Database_Only,留在事件库供检索，但未达到本周正文相关性、证据质量或去重要求。,,,Pass A query 3; search discovery record pending full-text verification.,Yes
2026W39-WEB-064,2026-09-25,2026-09-25,US,Policy,Commercial_Space,国家科技管理信息系统公共服务平台,国家科技管理信息系统公共服务平台,"关于国家重点研发计划“前沿卫星互联网”重点专项2026年度项目申报指南建议征求意见的通知 发布时间:2026年09月25日 来源:中国卫星网络集团有限公司 请登录系统,在“公开公示—指南征求意见”菜单栏中查看指南征求意见材料。",科学技术部网站,Official,https://service.most.gov.cn/kjjh_tztg_all/20260925/5891.html,S_Core,,1,2,2,1.5,C,留在事件库供检索，但未达到本周正文相关性、证据质量或去重要求。,Database_Only,留在事件库供检索，但未达到本周正文相关性、证据质量或去重要求。,,,Pass A query 5; search discovery record pending full-text verification.,Yes
2026W39-WEB-126,2026-09-25,2026-09-25,China,Technology,Commercial_Space,我国成功发射遥感四十号04组卫星_聚焦_各界新闻网 - 国家一类新闻网站,我国成功发射遥感四十号04组卫星_聚焦_各界新闻网 - 国家一类新闻网站,"我国成功发射遥感四十号04组卫星 2026-09-25 08:28:34 来源:央视新闻 字号+ 字号- 北京时间2026年9月24日16时46分,我国在太原卫星发射中心使用长征六号改运载火箭,成功将遥感四十号04组卫星发射升空,卫星顺利进入预定轨道,发射任务取得圆满成功。该卫星主要用于开展电磁环境探测及相关技术试验。 此次任务是长征系列运载火箭的第670次飞行。 (总台记者 刘鑫蕊 郝明鑫) 责任编辑:张洁 免责声明 以上文章仅代表作者个人观点,本网只是转载,如涉及作品内容、版权、稿酬问题,请及时联系我们。电话:029-63903870",www.gjnews.cn,Media,https://www.gjnews.cn/2026/0925/633658.html,Watch,,1,2,2,1.5,C,留在事件库供检索，但未达到本周正文相关性、证据质量或去重要求。,Database_Only,留在事件库供检索，但未达到本周正文相关性、证据质量或去重要求。,,,Pass A query 9; search discovery record pending full-text verification.,Yes
2026W39-WEB-140,2026-09-25,2026-09-25,China,Policy,Commercial_Space,"干得漂亮!中国卫星互联网迈出关键一步,真正的大戏才刚刚开始 - 今日头条","干得漂亮!中国卫星互联网迈出关键一步,真正的大戏才刚刚开始 - 今日头条","中国航天又传来一个重磅好消息!9月23日21时32分,长征八号甲运载火箭在海南商业航天发射场点火升空,成功将卫星互联网低轨26组卫星送入预定轨道,发射任务取得圆满成功。这也是长征系列运载火箭第669次发射。看起来只是中国航天又完成了一次常规发射。但把它放到全球卫星互联网竞争的大棋局中观察,这次发射的分量远没有那么简单。为什么?卫星互联网不是发射几颗卫星、完成几次试验就算成功,而是要将成百上千乃至更多卫星持续送入轨道,最终形成覆盖广、容量大、反应快的天基信息网络。从这个角度看,中国卫星互联网低轨26组卫星成功入轨,至少释放了三个重大信号。第一,中国卫星互联网已经从单点突破,进入体系化、规模化组网的新阶段很多人看火箭发射,容易只盯着点火升空的几分钟。而卫星互联网真正困难的地方,恰恰隐藏在发射之前。既然要建设整个星座,那么要求的是整套体系的建设速度、以及发射运营的效率。。这就好比修建一张覆盖全国的高速公路网。修通一段路不难,难的是同时组织大量工程,统一标准、控制成本、保证质量,最终连成一张完整网络。长征八号甲面向中低轨道星座组网任务,采用液氧煤油模块、氢氧模块和液体助推器,核心目标之一就是适应高频次、规模化发射需求。中国现在考虑的已经不是“能不能把卫星送上天”,而是如何一组一组稳定地送上去,如何把一次成功变成能够不断复制的常态能力。今天是低轨26组,前面还有第20组、第23组,后面还会有更多批次。连续发射一旦形成稳定节奏,数量积累最终就会引发能力质变。第二,海南商业航天发射场正在成为中国航天新的战略支点过去大家谈中国航天,首先想到的是火箭、卫星和航天员。但在低轨星座时代,发射场同样关键。没有高效率的发射场,再先进的火箭也排不上队。没有适合常态化使用的商业发射设施,再完善的卫星制造能力也很难迅速转化为在轨规模。传统重大航天工程可以围绕少数关键节点集中资源、精心准备,而卫星互联网则需",今日头条,Media,https://www.toutiao.com/article/7689336539716780570/,Watch,,1,2,2,1.5,C,留在事件库供检索，但未达到本周正文相关性、证据质量或去重要求。,Database_Only,留在事件库供检索，但未达到本周正文相关性、证据质量或去重要求。,,,Pass A query 10; search discovery record pending full-text verification.,Yes
2026W39-WEB-156,2026-09-25,2026-09-25,China,Technology,Commercial_Space,"朱雀三号亮相央视中秋晚会,蓝箭航天好事将近?_腾讯新闻","朱雀三号亮相央视中秋晚会,蓝箭航天好事将近?_腾讯新闻","今晚,蓝箭航天要借中秋晚会的无人机表演,把朱雀三号送进全国观众的视野。蓝箭选的四个字很应景:去而复返。去年12月,朱雀三号首次入轨,一级却没能如愿回来。今年8月,遥二把卫星送上天,一级随后落在甘肃民勤。今晚舞台上呈现的那趟归程,蓝箭已经在大漠里飞过一遍。可一家火箭公司的好事,不能只算它回来过一次。下一回,它还得带着客户的货物出门。朱雀二号,先把订单送上去9月15日,朱雀二号改进型遥七把10颗千帆星座组网卫星送入预定轨道。这次发射没赶上中秋晚会,却很能说明蓝箭眼下在忙什么。星座客户要按计划补网,等不起另一款火箭把所有新技术都试完。朱雀二号改进型已经能接这样的任务,就先把货送上去。朱雀三号则负责另一道更难的题:火箭把卫星送进轨道,一级还能回来,经过检修,再次执行任务。所以,老颜更愿意把9月15日和今晚放在一起看。一个给客户看交付,一个让全国观众认识这枚正在学着回家的火箭。热闹归热闹,蓝箭真正需要的,是两边都别停。朱雀三号回来了,正式版还在后面这里有个容易被忽略的数字。已经飞过的朱雀三号遥一、遥二,全箭长66.1米,一级用的是天鹊12A发动机。蓝箭早先公布的目标构型长76.6米,一级计划换上天鹊12B。差了10.5米,也差了一套更有力的动力配置。今年落地的朱雀三号很重要,却还不是当年发布会上那枚76.6米的目标构型。把火箭加长、换发动机以后,运力要重新验证,返回时的飞行条件也要重新摸清。落区、检修和再次发射,都得跟着新构型安排。朱雀三号副总设计师董锴8月接受采访时说,接下来最核心的是发动机换装、提升运力;天鹊12B预计今年底到明年交付。这才是今晚无人机表演背后,工厂里正在干的活。下一发朱雀三号带什么,目前还要等蓝箭公布。老颜倒觉得,若能在完成客户任务的同时继续收集飞行和返回数据,一趟发射就能办两件事:先替客户交货,再替正式构型积累经验。当然,客户任务和回收安排得由实际技术状态来定",腾讯网,Media,https://news.qq.com/rain/a/20260925A058LR00,Watch,,1,2,2,1.5,C,留在事件库供检索，但未达到本周正文相关性、证据质量或去重要求。,Database_Only,留在事件库供检索，但未达到本周正文相关性、证据质量或去重要求。,,,Pass A query 12; search discovery record pending full-text verification.,Yes
2026W39-WEB-158,2026-09-25,2026-09-25,China,Technology,Commercial_Space,"朱雀三号亮相央视中秋晚会,蓝箭航天好事将近?_凤凰网","朱雀三号亮相央视中秋晚会,蓝箭航天好事将近?_凤凰网","朱雀三号首次登上央视晚会今晚,蓝箭航天要借中秋晚会的无人机表演,把朱雀三号送进全国观众的视野。蓝箭选的四个字很应景:去而复返。去年12月,朱雀三号首次入轨,一级却没能如愿回来。今年8月,遥二把卫星送上天,一级随后落在甘肃民勤。今晚舞台上呈现的那趟归程,蓝箭已经在大漠里飞过一遍。可一家火箭公司的好事,不能只算它回来过一次。下一回,它还得带着客户的货物出门。朱雀二号,先把订单送上去了9月15日,朱雀二号改进型遥七把10颗千帆星座组网卫星送入预定轨道。这次发射没赶上中秋晚会,却很能说明蓝箭眼下在忙什么。星座客户要按计划补网,等不起另一款火箭把所有新技术都试完。朱雀二号改进型已经能接这样的任务,就先把货送上去。朱雀三号则负责另一道更难的题:火箭把卫星送进轨道,一级还能回来,经过检修,再次执行任务。所以,老颜更愿意把9月15日和今晚放在一起看。一个给客户看交付,一个让全国观众认识这枚正在学着回家的火箭。热闹归热闹,蓝箭真正需要的,是两边都别停。朱雀三号去而复返朱雀三号回来了,正式版还在后面这里有个容易被忽略的数字。已经飞过的朱雀三号遥一、遥二,全箭长66.1米,一级用的是天鹊12A发动机。蓝箭早先公布的目标构型长76.6米,一级计划换上天鹊12B。差了10.5米,也差了一套更有力的动力配置。今年落地的朱雀三号很重要,却还不是当年发布会上那枚76.6米的目标构型。把火箭加长、换发动机以后,运力要重新验证,返回时的飞行条件也要重新摸清。落区、检修和再次发射,都得跟着新构型安排。朱雀三号副总设计师董锴8月接受采访时说,接下来最核心的是发动机换装、提升运力;天鹊12B预计今年底到明年交付。这才是今晚无人机表演背后,工厂里正在等的活。下一发朱雀三号带什么,目前还要等蓝箭公布。老颜倒觉得,若能在完成客户任务的同时继续收集飞行和返回数据,一趟发射就能办两件事:先替客户交货,再替正式构型积累经验。当",凤凰网,Media,https://finance.ifeng.com/c/8wibBitxWFB,Watch,,1,2,2,1.5,C,留在事件库供检索，但未达到本周正文相关性、证据质量或去重要求。,Database_Only,留在事件库供检索，但未达到本周正文相关性、证据质量或去重要求。,,,Pass A query 12; search discovery record pending full-text verification.,Yes
2026W39-WEB-163,2026-09-25,2026-09-25,China,Technology,Commercial_Space,"朱雀三号官宣登陆央视中秋晚会,商业航天迈向主流视野","朱雀三号官宣登陆央视中秋晚会,商业航天迈向主流视野","9月25日,蓝箭航天官方消息确认,蓝箭航天自主研制的朱雀三号将以特殊方式亮相《2026年中央广播电视总台中秋晚会》。这是中国民营商业航天企业首次登上总台中秋晚会的舞台,标志着商业航天正从专业领域的技术突破走向主流大众视野。 热门ETF方面,截至上一个交易日收盘,聚焦商业航天全产业链的航天ETF(159267)跟踪指数下跌1.66%。成分股方面涨跌互现,博云新材(002297)领涨5.49%,天奥电子(002935)上涨3.20%,航天发展(000547)上涨1.75%;光启技术(002625)领跌6.02%,航发科技(600391)下跌4.65%,航亚科技下跌3.96%。 朱雀三号此次得以登上秋晚舞台,背靠的是其刚刚取得的历史性技术突破。2026年8月19日,朱雀三号遥二运载火箭在东风商业航天创新试验区发射升空,约137秒后一二级分离,一子级按预定程序成功软着陆于甘肃省民勤县着陆场。这是我国首次实现运载火箭一子级着陆支腿方式陆地回收,也是首次入轨级运载火箭一子级陆地回收,标志着中国重复使用火箭技术完成关键验证。 研究机构表示,随着低成本、高频次的可重复使用火箭正从技术概念走向工程化应用,商业航天迎来重要技术突破,后续发射成本有望显著降低;从公众端看,商业航天也需要更广泛的社会认知与品牌认同,为后续商业化运营奠定市场基础。 公开信息显示,航天ETF(159267)为全市场唯一以“航天”命名的ETF,该ETF商业航天概念含量超70%,居于市场领先地位。今年以来,市场资金高度关注商业航天相关板块,航天ETF(159267)为该指数今年以来份额增长率最高标的,今年5月更是创下全月连续资金净流入纪录。 指数数据拆开来看,不同于其他聚焦航天细分赛道产业指数,国证航天指数覆盖“火箭发射-卫星制造-地面通信”商业航天全产业链,同时,从指数成分股净利润来看,国证航天指数当前盈利能力以及在2",行业研究相关资讯内容,Media,https://field.10jqka.com.cn/20260925/c680283624.shtml,Watch,,1,2,2,1.5,C,留在事件库供检索，但未达到本周正文相关性、证据质量或去重要求。,Database_Only,留在事件库供检索，但未达到本周正文相关性、证据质量或去重要求。,,,Pass A query 12; search discovery record pending full-text verification.,Yes
2026W39-WEB-164,2026-09-25,2026-09-25,China,Technology,Commercial_Space,"朱雀三号官宣登陆央视中秋晚会,商业航天迈向主流视野 _ 东方财富网","朱雀三号官宣登陆央视中秋晚会,商业航天迈向主流视野 _ 东方财富网","9月25日,蓝箭航天官方消息确认,蓝箭航天自主研制的朱雀三号将以特殊方式亮相《2026 年中央广播电视总台中秋晚会》。这是中国民营商业航天企业首次登上总台中秋晚会的舞台,标志着商业航天正从专业领域的技术突破走向主流大众视野。 热门ETF方面,截至上一个交易日收盘,聚焦商业航天全产业链的航天ETF(159267)跟踪指数下跌1.66%。成分股方面涨跌互现,博云新材领涨5.49%,天奥电子上涨3.20%,航天发展上涨1.75%;光启技术领跌6.02%,航发科技下跌4.65%,航亚科技下跌3.96%。 朱雀三号此次得以登上秋晚舞台,背靠的是其刚刚取得的历史性技术突破。2026 年 8 月 19 日,朱雀三号遥二运载火箭在东风商业航天创新试验区发射升空,约 137 秒后一二级分离,一子级按预定程序成功软着陆于甘肃省民勤县着陆场。这是我国首次实现运载火箭一子级着陆支腿方式陆地回收,也是首次入轨级运载火箭一子级陆地回收,标志着中国重复使用火箭技术完成关键验证。 研究机构表示,随着低成本、高频次的可重复使用火箭正从技术概念走向工程化应用,商业航天迎来重要技术突破,后续发射成本有望显著降低;从公众端看,商业航天也需要更广泛的社会认知与品牌认同,为后续商业化运营奠定市场基础。 公开信息显示,航天ETF(159267)为全市场唯一以“航天”命名的ETF,该ETF商业航天概念含量超70%,居于市场领先地位。今年以来,市场资金高度关注商业航天相关板块,航天ETF(159267)为该指数今年以来份额增长率最高标的,今年5月更是创下全月连续资金净流入纪录。 指数数据拆开来看,不同于其他聚焦航天细分赛道产业指数,国证航天指数覆盖“火箭发射-卫星制造-地面通信”商业航天全产业链,同时,从指数成分股净利润来看,国证航天指数当前盈利能力以及在2026、2027年盈利预期也相较其他细分赛道产业指数更稳定,是投",东方财富网财经频道,Media,https://finance.eastmoney.com/a/202609253884307135.html,Watch,,1,2,2,1.5,C,留在事件库供检索，但未达到本周正文相关性、证据质量或去重要求。,Database_Only,留在事件库供检索，但未达到本周正文相关性、证据质量或去重要求。,,,Pass A query 12; search discovery record pending full-text verification.,Yes
2026W39-WEB-165,2026-09-25,2026-09-25,China,Financing,Commercial_Space,"朱雀三号官宣登陆央视中秋晚会,商业航天迈向主流视野每经编辑:赵云9月25日,蓝箭_财富号_东方财富网","朱雀三号官宣登陆央视中秋晚会,商业航天迈向主流视野每经编辑:赵云9月25日,蓝箭_财富号_东方财富网","$乾照光电(SZ300102)$ 朱雀三号官宣登陆央视中秋晚会,商业航天迈向主流视野每经编辑:赵云9月25日,蓝箭航天官方消息确认,蓝箭航天自主研制的朱雀三号将以特殊方式亮相《2026 年中央广播电视总台中秋晚会》。这是中国民营商业航天企业首次登上总台中秋晚会的舞台,标志着商业航天正从专业领域的技术突破走向主流大众视野。热门ETF方面,截至上一个交易日收盘,聚焦商业航天全产业链的航天ETF(159267)跟踪指数下跌1.66%。成分股方面涨跌互现,博云新材领涨5.49%,天奥电子上涨3.20%,航天发展上涨1.75%;光启技术领跌6.02%,航发科技下跌4.65%,航亚科技下跌3.96%。朱雀三号此次得以登上秋晚舞台,背靠的是其刚刚取得的历史性技术突破。2026 年 8 月 19 日,朱雀三号遥二运载火箭在东风商业航天创新试验区发射升空,约 137 秒后一二级分离,一子级按预定程序成功软着陆于甘肃省民勤县着陆场。这是我国首次实现运载火箭一子级着陆支腿方式陆地回收,也是首次入轨级运载火箭一子级陆地回收,标志着中国重复使用火箭技术完成关键验证。 郑重声明:用户在社区发表的所有信息将由本网站记录保存,仅代表作者个人观点,与本网站立场无关,不对您构成任何投资建议,据此操作风险自担。请勿相信代客理财、免费荐股和炒股培训等宣传内容,远离非法证券活动。请勿添加发言用户的手机号码、公众号、微博、微信及QQ等信息,谨防上当受骗! 郑重声明:东方财富网发布此信息的目的在于传播更多信息,与本站立场无关。东方财富网不保证该信息(包括但不限于文字、视频、音频、数据及图表)全部或者部分内容的准确性、真实性、完整性、有效性、及时性、原创性等。相关信息并未经过本网站证实,不对您构成任何投资建议,据此操作,风险自担。",财富号,Media,https://caifuhao.eastmoney.com/news/20260925192708477458540,Watch,,1,2,2,1.5,C,留在事件库供检索，但未达到本周正文相关性、证据质量或去重要求。,Database_Only,留在事件库供检索，但未达到本周正文相关性、证据质量或去重要求。,,,Pass A query 12; search discovery record pending full-text verification.,Yes
2026W39-WEB-167,2026-09-25,2026-09-25,China,Financing,Commercial_Space,"朱雀三号官宣登陆央视中秋晚会,商业航天迈向主流视野_凤凰网","朱雀三号官宣登陆央视中秋晚会,商业航天迈向主流视野_凤凰网","9月25日,蓝箭航天官方消息确认,蓝箭航天自主研制的朱雀三号将以特殊方式亮相《2026 年中央广播电视总台中秋晚会》。这是中国民营商业航天企业首次登上总台中秋晚会的舞台,标志着商业航天正从专业领域的技术突破走向主流大众视野。热门ETF方面,截至上一个交易日收盘,聚焦商业航天全产业链的航天ETF(159267)跟踪指数下跌1.66%。成分股方面涨跌互现,博云新材领涨5.49%,天奥电子上涨3.20%,航天发展上涨1.75%;光启技术领跌6.02%,航发科技下跌4.65%,航亚科技下跌3.96%。朱雀三号此次得以登上秋晚舞台,背靠的是其刚刚取得的历史性技术突破。2026 年 8 月 19 日,朱雀三号遥二运载火箭在东风商业航天创新试验区发射升空,约 137 秒后一二级分离,一子级按预定程序成功软着陆于甘肃省民勤县着陆场。这是我国首次实现运载火箭一子级着陆支腿方式陆地回收,也是首次入轨级运载火箭一子级陆地回收,标志着中国重复使用火箭技术完成关键验证。研究机构表示,随着低成本、高频次的可重复使用火箭正从技术概念走向工程化应用,商业航天迎来重要技术突破,后续发射成本有望显著降低;从公众端看,商业航天也需要更广泛的社会认知与品牌认同,为后续商业化运营奠定市场基础。公开信息显示,航天ETF(159267)为全市场唯一以“航天”命名的ETF,该ETF商业航天概念含量超70%,居于市场领先地位。今年以来,市场资金高度关注商业航天相关板块,航天ETF(159267)为该指数今年以来份额增长率最高标的,今年5月更是创下全月连续资金净流入纪录。指数数据拆开来看,不同于其他聚焦航天细分赛道产业指数,国证航天指数覆盖“火箭发射-卫星制造-地面通信”商业航天全产业链,同时,从指数成分股净利润来看,国证航天指数当前盈利能力以及在2026、2027年盈利预期也相较其他细分赛道产业指数更稳定,是投资者把握国产",凤凰网,Media,https://news.ifeng.com/c/8wi9LVMkTKl,Watch,,1,2,2,1.5,C,留在事件库供检索，但未达到本周正文相关性、证据质量或去重要求。,Database_Only,留在事件库供检索，但未达到本周正文相关性、证据质量或去重要求。,,,Pass A query 12; search discovery record pending full-text verification.,Yes
2026W39-WEB-219,2026-09-25,2026-09-25,US,Financing,Chip;AI,华工科技9月24日回应CPO话题:CIOE演示3.2T CPO光引擎等多款前沿方案_股票频道_证券之星,华工科技9月24日回应CPO话题:CIOE演示3.2T CPO光引擎等多款前沿方案_股票频道_证券之星,"证券之星消息,华工科技(000988)9月24日在投资者互动平台上对CPO相关话题对投资者做了答复。华工科技回应,公司于2026年CIOE现场动态演示多款前沿方案,覆盖3.2T CPO光引擎、6.4T NPO、12.8T XPO及单波400G的3.2T光模块。公司自研硅光芯片已实现规模化应用,配套400G、800G、1.6T光模块批量交付;同时完成面向3.2T/6.4T CPO/NPO方案的高集成硅光芯片开发。此外,公司已积极布局上游芯片厂商云岭光电。原文如下:题材释义:CPO(Co-Packaged Optics,共封装光学)是将光模块与交换芯片集成在同一基板上,以缩短传输距离、降低功耗和成本,是AI数据中心高速互连的关键技术方向。以上内容为证券之星据公开信息整理,仅供参考不构成投资建议。",证券之星股票频道,Media,https://stock.stockstar.com/RB2026092500004597.shtml,Watch,,1,2,2,1.5,C,留在事件库供检索，但未达到本周正文相关性、证据质量或去重要求。,Database_Only,留在事件库供检索，但未达到本周正文相关性、证据质量或去重要求。,,,Pass A query 19; search discovery record pending full-text verification.,Yes
2026W39-SUP-287,2026-09-25,2026-09-25,Europe,Policy,Chip,Texas - The White House,Texas - The White House,"01Expansion of Wiwynn’s Socorro manufacturing plantAnnounced September 2026$1.6B 02Bristol Myers SquibbHoustonA new, state-of-the-art multi-modal manufacturing campusAnnounced August 2026$2.3B 03A solar cell manufacturing facility400 American jobs · Announced August 2026$357M 04A new large-scale advanced manufacturing facilityUp to 3,000 new jobs · Announced August 2026$200M 05Building the new Tacoma pickup truck in the United States instead of Mexico2,000 American jobs · Announced July 2026$3.6B 06A new shipyardAnnounced July 2026$3.2B 07Strategic financing support to advance development and manufacturing capabilitiesAnnounced July 2026$500M 08A new probe card manufacturing facilityMore than 600 American jobs · Announced July 2026$140M–$170M 09Expansion of its semiconductor manufacturing",www.whitehouse.gov,Official,https://www.whitehouse.gov/texas/,S_Core,,1,2,2,1.5,C,留在事件库供检索，但未达到本周正文相关性、证据质量或去重要求。,Database_Only,留在事件库供检索，但未达到本周正文相关性、证据质量或去重要求。,,,Targeted supplemental search supp-search-us-05.json; pending full-text verification.,Yes
2026W39-SUP-290,2026-09-25,2026-09-25,US,Policy,Commercial_Space;Chip;AI,Virginia - The White House,Virginia - The White House,"01A U.S. investment announced with the Trump Administration that includes expanding and modernizing its Manassas memory plantOnshoring critical technology jobs from Taiwan · In May 2026, Micron marked the start of advanced DRAM manufacturing in Manassas — expected to quadruple DDR4 wafer supply from the Virginia site~$200B 02A finalized CHIPS Act award to bring its 1-alpha DRAM node to ManassasChips used in automotive, aerospace, defense, industrial, and medical products$275M 03Investment in the Manassas fabA site that already supports more than 3,100 manufacturing and community jobs$2B+ 04GoogleChesterfield, Loudoun & Prince William CountiesInvestment in Virginia through the end of 2026A new data center in Chesterfield County and expansions in Loudoun and Prince William Counties$9B 05Ast",www.whitehouse.gov,Official,https://www.whitehouse.gov/virginia/,S_Core,,1,2,2,1.5,C,留在事件库供检索，但未达到本周正文相关性、证据质量或去重要求。,Database_Only,留在事件库供检索，但未达到本周正文相关性、证据质量或去重要求。,,,Targeted supplemental search supp-search-us-05.json; pending full-text verification.,Yes
2026W39-SUP-293,2026-09-25,2026-09-25,US,Policy,Commercial_Space;AI,Pennsylvania - The White House,Pennsylvania - The White House,"Rhoads Industries & General Dynamics Electric BoatPhiladelphia Navy Yard10-year agreement for advanced manufacturing and shipbuilding supporting U.S. Navy submarine construction; approximately 1,350 jobs through 2035$2.5BDay & ZimmermanPhiladelphiaContract to provide operations, maintenance, and modernization for the Hawthorne Army Depot in Nevada, delivered from its Philadelphia operations$2.3BHanwha Philadelphia ShipyardPhiladelphiaNew ship orders for the National Security Multi-Mission Vessel through the Maritime Administration; over 2,000 jobs$1.5BJWF IndustriesWindberAnticipated new defense manufacturing contracts, alongside a 200,000-square-foot expansion; approximately 200 new jobs by December 2027$500M+Air (formerly Govini)Pittsburgh10-year expansion of its Pittsburgh office; expec",www.whitehouse.gov,Official,https://www.whitehouse.gov/pennsylvania/,S_Core,,1,2,2,1.5,C,留在事件库供检索，但未达到本周正文相关性、证据质量或去重要求。,Database_Only,留在事件库供检索，但未达到本周正文相关性、证据质量或去重要求。,,,Targeted supplemental search supp-search-us-05.json; pending full-text verification.,Yes
2026W39-SUP-295,2026-09-25,2026-09-25,US,Technology,AI,Hawaii - The White House,Hawaii - The White House,"Arrested11Alleged members of a drug trafficking organization10Methamphetamine seized8 kgCocaine seized5 kgOther miscellaneous illegal drugs seized4 kgFirearms seized10Firearm accessories seized11U.S. currency seized$150,000From March 1, 2026 to May 31, 2026, the FBI led Operation Spring Cleaning, a nationwide initiative to combat gang-related threats and enhance public safety.Justice Department",www.whitehouse.gov,Official,https://www.whitehouse.gov/hawaii/,S_Core,,1,2,2,1.5,C,留在事件库供检索，但未达到本周正文相关性、证据质量或去重要求。,Database_Only,留在事件库供检索，但未达到本周正文相关性、证据质量或去重要求。,,,Targeted supplemental search supp-search-us-05.json; pending full-text verification.,Yes
2026W39-SUP-300,2026-09-25,2026-09-25,Europe,Technology,Commercial_Space,NASA’s SpaceX Crew-13 Set for Saturday Arrival at NASA Kennedy - NASA,NASA’s SpaceX Crew-13 Set for Saturday Arrival at NASA Kennedy - NASA,"NASA’s SpaceX Crew-13 Set for Saturday Arrival at NASA Kennedy The crew members of NASA’s SpaceX Crew‐13 mission are set to touch down at the agency’s Kennedy Space Center at approximately 1 p.m. EDT on Saturday, Sept. 26, after flying in, arriving from the agency’s Johnson Space Center in Houston to begin their final days of launch preparations. Watch the crew’s arrival live on NASA Kennedy’s YouTube channel. NASA astronauts Jessica Watkins and Luke Delaney, CSA (Canadian Space Agency) astronaut Joshua Kutryk, and Roscosmos cosmonaut Sergey Teteryatnikov will deliver brief remarks and take questions from media before heading to Astronaut Crew Quarters at Kennedy. The crew’s arrival marks the start of an intensive period of suit checks, equipment reviews, and mission briefings as the crew",NASA,Official,https://www.nasa.gov/blogs/commercialcrew/2026/09/25/nasas-spacex-crew-13-set-for-saturday-arrival-at-nasa-kennedy/,S_Core,,1,2,2,1.5,C,留在事件库供检索，但未达到本周正文相关性、证据质量或去重要求。,Database_Only,留在事件库供检索，但未达到本周正文相关性、证据质量或去重要求。,,,Targeted supplemental search supp-search-us-07.json; pending full-text verification.,Yes
2026W39-QCC-OVERSEAS-002,2026-09-25,2026-09-25,Global,Financing,AI,BigHat Biosciences,BigHat BiosciencesC轮融资记录,临床阶段 AI 生物科技研发商；企查查披露金额：7500万美元。,企查查（境外）,Database,https://www.xueqiu.com/8981655562/410557573,Manual,,1,2,2,1.5,C,留在事件库供检索，但未达到本周正文相关性、证据质量或去重要求。,Database_Only,留在事件库供检索，但未达到本周正文相关性、证据质量或去重要求。,,,QCC raw_id=17c5d6b6965c24533a5182310e1ac8a3；数据库线索不等于公司已公开确认，金额和日期保留原表口径。,No
2026W39-QCC-OVERSEAS-003,2026-09-25,2026-09-25,Global,Financing,AI,Luzern Risk,Luzern RiskB轮融资记录,AI 原生自保保险全流程管理服务商；企查查披露金额：4500万美元。,企查查（境外）,Database,https://mp.weixin.qq.com/s?__biz=Mzg3ODgxMTQ5Nw==&mid=2247487131&idx=1&sn=ee5c402b721f7330edb4d2f75a5165ea&poc_token=HMw9tmqjYfB7lhZkMHglyonSUcAahoch1iDHDDqx,Manual,,1,2,2,1.5,C,留在事件库供检索，但未达到本周正文相关性、证据质量或去重要求。,Database_Only,留在事件库供检索，但未达到本周正文相关性、证据质量或去重要求。,,,QCC raw_id=326f12d787a8ca021fc3971e9bcc24b5；数据库线索不等于公司已公开确认，金额和日期保留原表口径。,No
2026W39-QCC-OVERSEAS-004,2026-09-25,2026-09-25,Global,Financing,AI,p°Motion,p°MotionA轮融资记录,AI 生物力学预测平台提供商；企查查披露金额：未披露。,企查查（境外）,Database,https://mp.weixin.qq.com/s?__biz=MjM5NTM2OTcwMA==&mid=2653963917&idx=7&sn=47b819df58407727ae761a3d317a1fff&poc_token=HO2Pt2qj7XtaqfYFTPgvq20StbNeEbsaZtg-uYV-,Manual,,1,2,2,1.5,C,留在事件库供检索，但未达到本周正文相关性、证据质量或去重要求。,Database_Only,留在事件库供检索，但未达到本周正文相关性、证据质量或去重要求。,,,QCC raw_id=11e9485708b985d8ca9b81359f98e4f1；数据库线索不等于公司已公开确认，金额和日期保留原表口径。,No
2026W39-QCC-OVERSEAS-005,2026-09-25,2026-09-25,Global,Financing,AI,CarIX.AI,CarIX.AIPre-种子轮融资记录,汽车消费决策 AI 平台提供商；企查查披露金额：未披露。,企查查（境外）,Database,https://mp.weixin.qq.com/s?__biz=MzcwODMyMjcxNg==&mid=2247484555&idx=1&sn=60aa3a9fd45342ccb532408c28588cff&poc_token=HM0nt2qjoPlrwnxUiF326ICthpwIZ94AmcPp8mFN,Manual,,1,2,2,1.5,C,留在事件库供检索，但未达到本周正文相关性、证据质量或去重要求。,Database_Only,留在事件库供检索，但未达到本周正文相关性、证据质量或去重要求。,,,QCC raw_id=61b595769f5b71133b6e65d727886a0f；数据库线索不等于公司已公开确认，金额和日期保留原表口径。,No
2026W39-QCC-OVERSEAS-006,2026-09-25,2026-09-25,Global,Financing,Commercial_Space,functionSPACE,functionSPACEPre-种子轮融资记录,链上信息市场基础设施提供商；企查查披露金额：170万美元。,企查查（境外）,Database,https://www.chaincatcher.com/article/2292117,Manual,,1,2,2,1.5,C,留在事件库供检索，但未达到本周正文相关性、证据质量或去重要求。,Database_Only,留在事件库供检索，但未达到本周正文相关性、证据质量或去重要求。,,,QCC raw_id=df5f7891237ab4cdc241e17713aba12c；数据库线索不等于公司已公开确认，金额和日期保留原表口径。,No
2026W39-WEB-004,2026-09-26,2026-09-26,China,Technology,Commercial_Space;AI,[天下財經]美國谷歌公司將開展首次太空AI算力在軌測試,[天下財經]美國谷歌公司將開展首次太空AI算力在軌測試,來源:央視網 更新時間:2026年09月26日 12:39 視頻簡介 美國谷歌公司將開展首次太空AI算力在軌測試。 欄目信息,央視網,Media,https://big5.cctv.com/gate/big5/tv.cctv.cn/2026/09/26/VIDEByoGgvVuRYvZMgqImaz7260926.shtml,Watch,,1,2,2,1.5,C,留在事件库供检索，但未达到本周正文相关性、证据质量或去重要求。,Database_Only,留在事件库供检索，但未达到本周正文相关性、证据质量或去重要求。,,,Pass A query 1; search discovery record pending full-text verification.,Yes
2026W39-WEB-019,2026-09-26,2026-09-26,China,Policy,Commercial_Space,"蓝箭航天冲刺科创板“商业航天第一股”!卫星ETF广发(512630)盘中最高涨超2%同类居首,超额显著!重仓股中国卫星逼近涨停-乐居财经","蓝箭航天冲刺科创板“商业航天第一股”!卫星ETF广发(512630)盘中最高涨超2%同类居首,超额显著!重仓股中国卫星逼近涨停-乐居财经","12月26日,上海证券交易所正式发布《上海证券交易所发行上市审核规则适用指引第9号——商业火箭企业适用科创板第五套上市标准》(以下简称《指引》),即日起施行。该指引明确了商业火箭企业科创板上市制度要求,将“发射载荷成功入轨”作为核心门槛,为当前多家推进上市的商业火箭企业提供了清晰审核依据。中信证券研报称,《商业火箭企业适用科创板第五套上市标准指引》的发布,标志着商业火箭企业登陆资本市场的通道正式打通、标准全面明确。在政策对“承担国家任务、参与国家工程项目”“可重复使用技术”“行业地位”的强调之下,头部民营商业火箭企业IPO进程或将提速。商业火箭作为商业航天的“运载底座”,其产业化进程将直接带动卫星制造、地面设备、空间应用等上下游环节的需求爆发。据不完全统计,目前已有多家商业航天公司启动IPO辅导。蓝箭航天于近日完成IPO辅导,星河动力、中科宇航、天兵科技等多家商业航天创业公司也于2025年下半年陆续完成IPO辅导备案,商业航天资本化进程全面提速。北京时间12月27日00时07分,我国在西昌卫星发射中心使用长征三号乙运载火箭,成功将风云四号03星发射升空,卫星顺利进入预定轨道,发射任务获得圆满成功。此次任务是长征系列运载火箭的第621次飞行。此前(26日),我国在海南商业航天发射场使用长征八号甲运载火箭,成功将卫星互联网低轨17组卫星发射升空,卫星顺利进入预定轨道,发射任务获得圆满成功。我国商业航天正加速迈向规模化应用新阶段,低轨卫星互联网建设持续推进。“国网星座”“千帆星座”等国家级项目加快部署,叠加轨道资源稀缺性凸显,预计2026年国内低轨通信卫星发射量将迎来爆发式增长。根据政府工作报告导向,商业航天发展聚焦安全健康与技术突破,未来十年低轨卫星市场规模有望突破千亿元。华龙证券认为,伴随技术成熟与产业链完善,卫星制造、火箭发射、地面终端及配套元器件等环节将全面受益于行业高",乐居财经,Media,https://www.lejucaijing.com/news-7411311265303950933.html,Watch,,1,2,2,1.5,C,留在事件库供检索，但未达到本周正文相关性、证据质量或去重要求。,Database_Only,留在事件库供检索，但未达到本周正文相关性、证据质量或去重要求。,,,Pass A query 2; search discovery record pending full-text verification.,Yes
2026W39-WEB-020,2026-09-26,2026-09-26,China,Policy,Commercial_Space,商业航天产业可行性研究报告推荐-机电之家网,商业航天产业可行性研究报告推荐-机电之家网,产品详情 商业航天产业可行性研究报告推荐框架的搭建遵循着“项目背景→项目公司→项目产品/服务市场分析→项目建设分析→项目环评分析→项目安全分析→项目资金筹措→项目财务分析→项目社会经济效益评估→项目风险提示→项目可行性结论及项目建议”的行文逻辑。 《商业航天产业项目可行性研究报告》的编写大纲 一、总论 1.1商业航天产业工程项目名称、建设单位 1.2商业航天产业项目背景 1.3商业航天产业项目建设的必要性 1.4商业航天产业项目概况 1.5商业航天产业可行性研究报告的编制依据 二、商业航天产业市场分析 2.1 行业发展情况 2.2 市场竞争情况 2.3 项目产品市场分析 2.4 该项目企业在同行业中的竞争优势分析 2.5 项目企业综合优势分析 2.6 项目产品市场推广策略 三、商业航天产业产品方案和建设规模 3.1 产品方案 3.2 产品应用领域 3.3 产品特点 3.4 产品营销策略 3.5 建设规模 四、商业航天产业项目地区建设条件 4.1 区位条件 4.2 自然地理 4.3 产业园区发展状况 4.4 项目所在地基础设施 4.5 社会经济条件 五、商业航天产业项目工艺技术方案 5.1 设计指导思想 5.2 设计原则 5.3 项目主要原辅材料 5.4 项目生产工艺 5.5 产品生产技术方案 六、商业航天产业厂区建设方案及公用工程 6.1 厂区建设方案 6.2 公用及辅助工程 七、商业航天产业项目环*境保护 7.1 设计依据 7.2 项目施工期环保措施 7.3 项目运营期环保措施 7.4 环/境保护估算 7.5 环/境影响综合评价 八、商业航天产业节约能源 8.1 用能标准和节能规范 8.2 能耗分析 8.3 节能措施综述 九、商业航天产业劳动安全与工业卫生、消防 9.1 设计依据 9.2 安全教育 9.3 劳动安全制度 9.4 劳动保护 9.5 劳动安全与工业卫生 9.,机电之家网,Media,https://www.jdzj.com/gongchengxiangmuzix/2-6115400.html,Watch,,1,2,2,1.5,C,留在事件库供检索，但未达到本周正文相关性、证据质量或去重要求。,Database_Only,留在事件库供检索，但未达到本周正文相关性、证据质量或去重要求。,,,Pass A query 2; search discovery record pending full-text verification.,Yes
2026W39-WEB-157,2026-09-26,2026-09-26,China,Financing,Commercial_Space,"朱雀登秋晚、一子级归巢,A股商业航天谁受益9月25日蓝箭航天确认,朱雀三号将以特_财富号_东方财富网","朱雀登秋晚、一子级归巢,A股商业航天谁受益9月25日蓝箭航天确认,朱雀三号将以特_财富号_东方财富网","$乾照光电(SZ300102)$ 朱雀登秋晚、一子级归巢,A股商业航天谁受益9月25日蓝箭航天确认,朱雀三号将以特殊形式亮相2026年总台中秋晚会。民营商业火箭从发射场走进万家灯火,标志可重复使用技术由实验室走向大众传播。背后硬支撑是8月19日遥二任务:7时35分于东风商业航天创新试验区起飞,约137秒一二级分离,7时44分许一子级以着陆支腿软着陆甘肃民勤,二子级将鸿鹄03星送入轨道。全箭长66.1米、起飞质量约570吨,一子级配9台天鹊-12A液氧甲烷发动机,不锈钢箭体,栅格舵、RCS与支腿协同返回。这次完成国内首次入轨级一子级着陆支腿陆地回收,也补齐“发射—返回—着陆—复用”工程样 郑重声明:用户在社区发表的所有信息将由本网站记录保存,仅代表作者个人观点,与本网站立场无关,不对您构成任何投资建议,据此操作风险自担。请勿相信代客理财、免费荐股和炒股培训等宣传内容,远离非法证券活动。请勿添加发言用户的手机号码、公众号、微博、微信及QQ等信息,谨防上当受骗! 郑重声明:东方财富网发布此信息的目的在于传播更多信息,与本站立场无关。东方财富网不保证该信息(包括但不限于文字、视频、音频、数据及图表)全部或者部分内容的准确性、真实性、完整性、有效性、及时性、原创性等。相关信息并未经过本网站证实,不对您构成任何投资建议,据此操作,风险自担。",财富号,Media,https://caifuhao.eastmoney.com/news/20260926000355509162700,Watch,,1,2,2,1.5,C,留在事件库供检索，但未达到本周正文相关性、证据质量或去重要求。,Database_Only,留在事件库供检索，但未达到本周正文相关性、证据质量或去重要求。,,,Pass A query 12; search discovery record pending full-text verification.,Yes
2026W39-WEB-205,2026-09-26,2026-09-26,China,Financing,Chip;AI,数据流架构加速国产AI芯片产业化 睿芯宣布高光D35实现量产_天天基金网,数据流架构加速国产AI芯片产业化 睿芯宣布高光D35实现量产_天天基金网,"上证报中国证券网讯(记者李兴彩)9月25日,在第五届全球数字贸易博览会上,苏州睿芯集成电路科技有限公司(简称“睿芯”)宣布RISC-V数据流AI芯片高光D35实现量产。这为我国边缘端AI算力供给增添了不同的技术路径,反映出国产AI芯片在架构创新方向上的最新进展。 架构创新破局数据流路线获顶会验证 睿芯高光D35是一款采用数据流计算架构的边缘端AI芯片。与传统控制流架构不同,数据流架构以数据驱动计算,数据在计算节点间流动时触发运算,能够有效减少数据搬运带来的功耗开销,提升算力利用效率,在AI推理场景下具有结构性的能效优势。 该技术路线的先进性已获得学术界高度认可,相关研究成果获ISCA 2026国际计算机体系结构顶会最佳论文提名。论文数据显示,在相同12nm工艺节点下,基于数据流架构的推理加速方案,相较于国际主流厂商的边缘端推理平台,可实现数倍的能效提升。 值得关注的是,该芯片采用全自研RISC-V CPU内核。作为开放指令集架构的代表,RISC-V近年来发展迅速。数据显示,2025年全球RISC-V SoC出货量已达约69亿颗,预计到2031年将增长至约360亿颗,年复合增长率达31.7%;中国RISC-V SoC市场规模预计将从2025年的约240亿美元增长至2031年的约864亿美元。 分析人士认为,数据流架构与RISC-V指令集的结合,为我国AI芯片产业提供了一条“指令集自主+架构创新”的技术路径。这条路线不依赖国外主流架构授权,从指令集到计算架构实现全链条自主可控,对于保障国家算力供应链安全具有积极意义。 产业需求牵引边缘AI算力进入加速期 数字经济的蓬勃发展,为AI芯片产业提供了广阔的市场空间。国家互联网信息办公室发布的《国家信息化发展报告(2025年)》显示,2025年我国数字产业收入达39.6万亿元,同比增长8.8%;数字经济核心产业增加值占GDP比重超过1",天天基金网,Media,https://fund.eastmoney.com/a/202609263884402689.html,Watch,,1,2,2,1.5,C,留在事件库供检索，但未达到本周正文相关性、证据质量或去重要求。,Database_Only,留在事件库供检索，但未达到本周正文相关性、证据质量或去重要求。,,,Pass A query 18; search discovery record pending full-text verification.,Yes
2026W39-WEB-216,2026-09-26,2026-09-26,US,Policy,Chip,"CPO已确定外置光源方案;NPO长期趋势也是外置光源方案,符合云厂商“开放生态”需求。_财富号_东方财富网","CPO已确定外置光源方案;NPO长期趋势也是外置光源方案,符合云厂商“开放生态”需求。_财富号_东方财富网","CPO已确定外置光源方案;NPO长期趋势也是外置光源方案,符合云厂商“开放生态”需求。 $东山精密(SZ002384)$ $长芯博创(SZ300548)$ $天孚通信(SZ300394)$ 光库科技大摩 ECOC 纪要泼冷水:NPO 推迟到 2028,供应链被买爆 18 个月,最缺的不是光模块2026年9月25日 16:49 江苏 极简总结:1、已经量产的CPO,是单厂商打包一体化封闭方案,全部采用外置ELSFP光源;2、NPO的“一体化先行”,指NPO也可以做单厂商封闭整套方案,样品可以早出;3、但是云厂商想要的开放、多厂商可互换的NPO生态,优先走外置ELSFP路线,互操作标准对齐极难,因此推迟至2028;4、内置光源NPO属于单厂商封闭路线,不利于多厂商混用,不是开放生态首选。——感觉就是: CPO已确定外置光源方案;NPO长期趋势也是外置光源方案,符合云厂商“开放生态”需求。磷化铟景气度再次提升,是因为CPO进度加快,NPO也在眼前。假如都是外置光源方案主导,更利于光器件和光芯片厂家。 郑重声明:用户在社区发表的所有信息将由本网站记录保存,仅代表作者个人观点,与本网站立场无关,不对您构成任何投资建议,据此操作风险自担。请勿相信代客理财、免费荐股和炒股培训等宣传内容,远离非法证券活动。请勿添加发言用户的手机号码、公众号、微博、微信及QQ等信息,谨防上当受骗! 郑重声明:东方财富网发布此信息的目的在于传播更多信息,与本站立场无关。东方财富网不保证该信息(包括但不限于文字、视频、音频、数据及图表)全部或者部分内容的准确性、真实性、完整性、有效性、及时性、原创性等。相关信息并未经过本网站证实,不对您构成任何投资建议,据此操作,风险自担。",财富号,Media,https://caifuhao.eastmoney.com/news/20260926121529575952160,Watch,,1,2,2,1.5,C,留在事件库供检索，但未达到本周正文相关性、证据质量或去重要求。,Database_Only,留在事件库供检索，但未达到本周正文相关性、证据质量或去重要求。,,,Pass A query 19; search discovery record pending full-text verification.,Yes
2026W39-WEB-217,2026-09-26,2026-09-26,US,Technology,Chip,"当PIC结合EIC,看硅光代工工艺的不同底色_财富号_东方财富网","当PIC结合EIC,看硅光代工工艺的不同底色_财富号_东方财富网","2026年8月,英伟达宣布搭载台积电COUPE硅光引擎的Spectrum-X CPO交换机正式量产出货。外界盯着""CPO""这个热词,却很少有人注意到:这场变革真正的硬功夫,不在光模块,而在封装——怎么把两颗工艺世代、脾气秉性完全不同的芯片,严丝合缝地扣到一起。一颗叫PIC(光子集成电路),负责""发光、调光、收光"";另一颗叫EIC(电子集成电路),负责""驱动、放大、纠错""。硅光模块要跑得快,这两颗芯片谁也离不开谁。可问题是——它俩根本""门不当户不对""。一、一道解不开的""工艺代沟""EIC要的是极致速度:DSP、TIA、Driver必须往7nm、3nm先进制程走,晶体管越密、功耗越低。PIC要的是光学性能:调制器、波导、锗探测器停在65nm甚至更成熟节点,靠的是刻蚀精度和外延质量,先进制程反而无关紧要。更麻烦的是,硅本身不能发光——光源必须交给III-V族材料(主流是InP)。行业主流做法是把激光器做成独立的连续波光源(ELS),不与PIC单片集成:或远程置于封装外、经保偏光纤导入,或在封装内旁置贴装,再耦合进硅波导。怎么破局?行业分成了两条路线。一条是单片集成(Monolithic):EIC和PIC塞进同一块晶圆、用同一套工艺流片,寄生最低、封装最简单,但电子和光子必须在工艺节点上互相让步——格芯Fotonix走的就是这条路。另一条是异质/混合集成(Heterogeneous):EIC和PIC各自用最优工艺造好,再通过键合或封装扣到一起,分2.5D中介层并排、3D垂直堆叠两种形态。在异质集成这条路上,按互连密度从低到高、成熟度从高到低,又排着五档工艺:最成熟的是倒装芯片(Flip-chip),微凸点间距25~100μm,今天可插拔光模块仍在用;往上是微转印(Micro-transfer Printing),PDMS印章并行转移激光器,Pitch约10μm;再往上是芯片对晶圆键合",财富号,Media,https://caifuhao.eastmoney.com/news/20260926043132380271490,Watch,,1,2,2,1.5,C,留在事件库供检索，但未达到本周正文相关性、证据质量或去重要求。,Database_Only,留在事件库供检索，但未达到本周正文相关性、证据质量或去重要求。,,,Pass A query 19; search discovery record pending full-text verification.,Yes
2026W39-SUP-289,2026-09-26,2026-09-26,US,Policy,Commercial_Space;AI,"Congressional Bills H.R. 3657, H.R. 7250, S. 550, S. 603, S. 759 and S. 790 Signed into Law - The Wh","Congressional Bills H.R. 3657, H.R. 7250, S. 550, S. 603, S. 759 and S. 790 Signed into Law - The White House","Congressional Bills H.R. 3657, H.R. 7250, S. 550, S. 603, S. 759 and S. 790 Signed into Law On Friday, September 25, 2026, the President signed into law: H.R. 3657, the “Hydropower Licensing Transparency Act,” which requires the Federal Energy Regulatory Commission to submit annually to the Congress a report on the status of outstanding hydropower licensing applications; H.R. 7250, which reauthorizes appropriations for the Fort Peck Reservation Rural Water System; S. 550, which grants jurisdiction for the United States Court of Federal Claims to hear and render judgment on land claims of the Miami Tribe of Oklahoma under a certain treaty; S. 603, which designates the General George C. Marshall House, in the Commonwealth of Virginia, as an affiliated area of the National Park System; S. 75",www.whitehouse.gov,Official,https://www.whitehouse.gov/briefings-statements/2026/09/congressional-bills-h-r-3657-h-r-7250-s-550-s-603-s-759-and-s-790-signed-into-law/,S_Core,,1,2,2,1.5,C,留在事件库供检索，但未达到本周正文相关性、证据质量或去重要求。,Database_Only,留在事件库供检索，但未达到本周正文相关性、证据质量或去重要求。,,,Targeted supplemental search supp-search-us-05.json; pending full-text verification.,Yes
2026W39-SUP-294,2026-09-26,2026-09-26,US,Technology,AI,"Gold Star Mother's And Family's Day, 2026 - The White House","Gold Star Mother's And Family's Day, 2026 - The White House","GOLD STAR MOTHER’S AND FAMILY’S DAY, 2026 BY THE PRESIDENT OF THE UNITED STATES OF AMERICA A PROCLAMATION America is free, strong, secure, and prosperous due to the courage of the heroes in uniform who are willing to lay down their lives in the defense of our Republic. The supreme sacrifice paid by every fallen warrior is borne in perpetual sorrow and profound anguish by the loved ones left behind. On Gold Star Mother’s and Family’s Day, we pause to honor the surviving families of our valiant patriots and renew our sacred obligation to always support them. Gold Star Families endure the unfathomable — burying their Soldier, Sailor, Marine, Airman, Guardian, or Coast Guardsman who fell protecting our birthright of freedom. In an instant, their lives are forever changed; their future plans,",www.whitehouse.gov,Official,https://www.whitehouse.gov/presidential-actions/2026/09/gold-star-mothers-and-familys-day-2026/,S_Core,,1,2,2,1.5,C,留在事件库供检索，但未达到本周正文相关性、证据质量或去重要求。,Database_Only,留在事件库供检索，但未达到本周正文相关性、证据质量或去重要求。,,,Targeted supplemental search supp-search-us-05.json; pending full-text verification.,Yes
2026W39-SUP-307,2026-09-26,2026-09-26,US,Policy,Commercial_Space;AI,2026-2027 DWU High School Engineering Challenge,2026-2027 DWU High School Engineering Challenge,"Engineering Notebook Template Scoring Rubric The 2026-2027 challenge theme is, “Fueling Flight Design Challenge: New Energy Systems.” As more and more aircraft are a part of the US’ National Airspace System (NAS), NASA and partners at the FAA, at universities, and in the aviation industry are searching for ways to increase safety, make flight more affordable, find new fuels for aircraft, and reduce the amount of time passengers and cargo spend in the air. This year’s Dream with Us Challenge focuses on new aircraft fuels and how even the addition of one new fuel will change both the aircraft they are used in and the airports where aircraft take off and land. The “Fueling Flight Design Challenge: New Energy Systems” challenge is open to middle and high school students, with a different task",NASA,Official,https://www.nasa.gov/aeronautics/aeronautics-stem/2026-2027-dwu-high-school-engineering-challenge/,S_Core,,1,2,2,1.5,C,留在事件库供检索，但未达到本周正文相关性、证据质量或去重要求。,Database_Only,留在事件库供检索，但未达到本周正文相关性、证据质量或去重要求。,,,Targeted supplemental search supp-search-us-07.json; pending full-text verification.,Yes
2026W39-SUP-308,2026-09-26,2026-09-26,Europe,Technology,Commercial_Space;AI,NASA’s SpaceX Crew-13 Lands at NASA Kennedy - NASA,NASA’s SpaceX Crew-13 Lands at NASA Kennedy - NASA,"NASA’s SpaceX Crew-13 Lands at NASA Kennedy NASA astronauts Jessica Watkins and Luke Delaney, CSA (Canadian Space Agency) astronaut Joshua Kutryk, and Roscosmos cosmonaut Sergey Teteryatnikov touched down at NASA’s Kennedy Space Center in Florida, at 12:56 p.m. EDT, following a flight from the agency’s Johnson Space Center in Houston that included a brief refueling stopover in Mississippi. A crew arrival media event is streaming live on NASA Kennedy’s YouTube channel, featuring the crew, as well as representatives from NASA Kennedy, and the agency’s Low Earth Orbit Program. NASA’s SpaceX Crew-13 crew members will spend the remaining days before launch to the International Space Station in quarantine and conducting final preflight operations at Kennedy. Liftoff aboard a SpaceX Falcon 9 rock",NASA,Official,https://www.nasa.gov/blogs/spacestation/2026/09/26/nasas-spacex-crew-13-lands-at-nasa-kennedy/,S_Core,,1,2,2,1.5,C,留在事件库供检索，但未达到本周正文相关性、证据质量或去重要求。,Database_Only,留在事件库供检索，但未达到本周正文相关性、证据质量或去重要求。,,,Targeted supplemental search supp-search-us-07.json; pending full-text verification.,Yes
2026W39-SUP-309,2026-09-26,2026-09-26,Europe,Technology,Commercial_Space,NASA’s SpaceX Crew-13 On Way to Kennedy - NASA,NASA’s SpaceX Crew-13 On Way to Kennedy - NASA,"NASA’s SpaceX Crew-13 On Way to Kennedy NASA’s SpaceX Crew-13 crew members are on their way to NASA’s Kennedy Space Center in Florida to prepare for launch to the International Space Station. NASA astronauts Jessica Watkins and Luke Delaney, CSA (Canadian Space Agency) astronaut Joshua Kutryk, and Roscosmos cosmonaut Sergey Teteryatnikov took off in T-38s from Ellington Field near the agency’s Johnson Space Center in Houston this morning and are expected to land around 1 p.m. EDT at NASA Kennedy’s Shuttle Landing Facility. Upon landing, Crew-13 will be greeted on the runway by representatives from NASA Kennedy and the agency’s Low Earth Orbit Program, before speaking briefly with on-site media. Watch live coverage of the crew arrival media event on NASA Kennedy’s YouTube channel. After rem",NASA,Official,https://www.nasa.gov/blogs/commercialcrew/2026/09/26/nasas-spacex-crew-13-on-way-to-kennedy/,S_Core,,1,2,2,1.5,C,留在事件库供检索，但未达到本周正文相关性、证据质量或去重要求。,Database_Only,留在事件库供检索，但未达到本周正文相关性、证据质量或去重要求。,,,Targeted supplemental search supp-search-us-07.json; pending full-text verification.,Yes
2026W39-SUP-314,2026-09-26,2026-09-26,US,Policy,Commercial_Space;AI,2026-2027 DWU Middle School Design Challenge,2026-2027 DWU Middle School Design Challenge,"The 2026-2027 challenge theme is, “Fueling Flight Design Challenge: New Energy Systems.” As more and more aircraft are a part of the US’ National Airspace System (NAS), NASA and partners at the FAA, at universities, and in the aviation industry are searching for ways to increase safety, make flight more affordable, find new fuels for aircraft, and reduce the amount of time passengers and cargo spend in the air. This year’s Dream with Us Challenge focuses on new aircraft fuels and how even the addition of one new fuel will change both the aircraft they are used in and the airports where aircraft take off and land. The “Fueling Flight Design Challenge: New Energy Systems” challenge is open to middle and high school students, with a different task for middle school teams and high school team",NASA,Official,https://www.nasa.gov/aeronautics/aeronautics-stem/2026-2027-dwu-middle-school-design-challenge/,S_Core,,1,2,2,1.5,C,留在事件库供检索，但未达到本周正文相关性、证据质量或去重要求。,Database_Only,留在事件库供检索，但未达到本周正文相关性、证据质量或去重要求。,,,Targeted supplemental search supp-search-us-07.json; pending full-text verification.,Yes
2026W39-QCC-OVERSEAS-001,2026-09-26,2026-09-26,Global,Financing,Chip,Overlord Labs,Overlord Labs种子轮融资记录,电池智能芯片研发商；企查查披露金额：未披露。,企查查（境外）,Database,https://mp.weixin.qq.com/s?__biz=MzYzMzYwNTEwMg==&mid=2247497211&idx=1&sn=0e2855cb74fcad57cb0b0a06c0ada9b1&poc_token=HOqOt2qjTmm3liSWVHzM1bavENAwBmBCfpMcgPuO,Manual,,1,2,2,1.5,C,留在事件库供检索，但未达到本周正文相关性、证据质量或去重要求。,Database_Only,留在事件库供检索，但未达到本周正文相关性、证据质量或去重要求。,,,QCC raw_id=848321b11b30788cb94417a3c97012e3；数据库线索不等于公司已公开确认，金额和日期保留原表口径。,No
2026W39-WEB-017,2026-09-27,2026-09-27,China,Technology,Commercial_Space;AI,"科创AI+| 当AI走向星辰,重塑太空数字生产力_腾讯新闻","科创AI+| 当AI走向星辰,重塑太空数字生产力_腾讯新闻","本文摘自清华金融评论&清友创联联合策划“科创AI+科技产业金融”专栏,由清友创联撰写出具的研究报告《当AI走向星辰,重塑太空数字生产力》。详细信息来源索引及核心术语缩略表详见完整研究报告。产业技术迭代快速,若各位行业专家、从业人员发现文中数据疏漏、未收录产业线索、内容需要勘误修正,或是太空AI相关课题研究、活动申请,以及其他产业专访、专栏内容合作事宜,均可来信沟通(联络方式仅供研究交流)。联络邮箱:thfrc@pbcsf.tsinghua.edu.cn",腾讯网,Media,https://news.qq.com/rain/a/20260927A0891700,Watch,,1,2,2,1.5,C,留在事件库供检索，但未达到本周正文相关性、证据质量或去重要求。,Database_Only,留在事件库供检索，但未达到本周正文相关性、证据质量或去重要求。,,,Pass A query 1; search discovery record pending full-text verification.,Yes
2026W39-WEB-025,2026-09-27,2026-09-27,China,Policy,AI,科创板做市商准入条件官方具体包含哪些核心要求呢-叩富问财,科创板做市商准入条件官方具体包含哪些核心要求呢-叩富问财,"您好,科创板做市商的官方准入核心要求是由上交所依据监管规则制定的,全部面向券商等机构主体设置,核心覆盖净资本门槛、风控体系、专业团队、技术系统四大类方向,满足全部条件的机构经证监会核准后才可开展相关业务。首先要注意区分做市商机构准入和个人科创板交易的准入要求,二者的适用对象完全不同,不少普通投资者会把两类规则混淆,做市商作为专业机构需要满足的资质要求远高于个人开通科创板的门槛。1. 核对机构最近12个月净资本不低于100亿元,各项风控指标持续符合交易所统一规定的监管要求。2. 机构拥有不少于10名具备做市业务经验的专业人员,配套技术系统符合上交所交易对接标准。3. 最近3年无重大违法违规记录,具备完善的做市业务内部管理制度与风险隔离机制。所有科创板做市商的准入名单都会由上交所定期公示,不存在任何不符合监管要求的机构可以违规开展做市业务,您要是分不清机构准入要求和个人参与科创板交易的条件差异,或者想了解A股账户办理的相关细节,都可以随时跟我说。我司政策:开户即享成本佣金!可转债、ETF万0.5,期权1.7元/张,两融专项利率可至4%以下,国债逆回购手续费一折!支持同花顺、通达信交易软件。想了解详情?点击右上角添加我微信! 发布于2026-9-27 01:19 北京 当前我在线 直接联系我",叩富问财,Media,https://licai.cofool.com/ask/qa_7651021.html,Watch,,1,2,2,1.5,C,留在事件库供检索，但未达到本周正文相关性、证据质量或去重要求。,Database_Only,留在事件库供检索，但未达到本周正文相关性、证据质量或去重要求。,,,Pass A query 2; search discovery record pending full-text verification.,Yes
2026W39-WEB-060,2026-09-27,2026-09-27,US,Technology,Commercial_Space,【商业航天】商业航天本周新闻2026.09.27--国金空天_腾讯新闻,【商业航天】商业航天本周新闻2026.09.27--国金空天_腾讯新闻,"【#2026年《卫星产业报告》发布】#美国卫星产业协会于2026年6月发布第29版卫星产业状况年度报告评估2025年全球产业发展情况 2025年全球航天产业收入4290亿美元,其中卫星产业收入约3030亿美元,较上年增加100亿美元,占航天产业总收入的71%;美国卫星产业收入1210亿美元。地面设备和卫星服务仍是收入主体,分别占54.5%和约35%。#卫星宽带用户突破1000万,低轨连接拉动服务结构转型 2025年全球卫星服务业收入1050亿美元,同比减少33亿美元,主要受卫星电视收入下降影响;卫星电视收入666亿美元,同比减少58亿美元。卫星宽带收入则达72亿美元,同比增长16%,用户数增长62%、突破1000万户;卫星移动通信收入29亿美元,同比增长约16%,设备直连卫星业务首次贡献实质性收入。海事及航空需求推动托管服务收入增长19%,行业加速向宽带连接和高附加值服务转型。#卫星制造与发射需求扩张,政府订单与规模组网形成双重支撑 2025年全球卫星制造业收入204亿美元,政府合同贡献79%;商业采购卫星发射数量达4434颗,较2024年的2695颗显著增加,其中1200公斤以下卫星数量占比达99%。全球发射服务业收入124亿美元,同比增长33%,政府用户贡献54%;美国发射收入72亿美元,占全球58%。低轨星座密集部署持续拉动批量制造、高频发射与火箭回收复用需求。⚙️#地面设备收入达1652亿美元,太空可持续性服务加快发展 2025年全球地面设备制造业收入1652亿美元,同比增长6%。其中,卫星导航设备收入1258亿美元、网络设备191亿美元、大众消费设备203亿美元,分别增长6%、8%和9%,卫星宽带终端增长抵消了电视接收器市场下滑。同期卫星可持续性活动产业收入达5亿美元,较上年增加1.5亿美元,增长主要由轨道转移飞行器商业服务驱动;空间态势感知约占该领域收入的四分之",腾讯网,Media,https://news.qq.com/rain/a/20260927A0BYZL00,Watch,,1,2,2,1.5,C,留在事件库供检索，但未达到本周正文相关性、证据质量或去重要求。,Database_Only,留在事件库供检索，但未达到本周正文相关性、证据质量或去重要求。,,,Pass A query 5; search discovery record pending full-text verification.,Yes
2026W39-WEB-096,2026-09-27,2026-09-27,US,Policy,Chip;AI,PCB、CPO、先进封测、光模块、存储、AIPC.....本周投研复盘丨公告臻选_腾讯新闻,PCB、CPO、先进封测、光模块、存储、AIPC.....本周投研复盘丨公告臻选_腾讯新闻,"✅9月8日解读《PCB+CPO+AI算力+机器人!公司拟20亿元投建AI算力高多层、高阶HDI电路板项目》,****9月21日收涨3.17%,9月22日收涨2.78%,9月23日继续收涨4.45%,盘中一度上涨超7%,自9月8日至今最大区间涨幅接近40%;✅9月9日解读《折叠屏iPhone Duo即将登场!机器视觉+AI光学检测+苹果/META概念!公司切入苹果VC散热检测环节》,****连续7个交易日(14日~22日)收红,9月22日大涨9.3%创出阶段新高,区间涨幅接近35%;✅9月17日解读《AI算力+服务器+GPU/CPU供电!公司芯片电感产品部分料号已通过客户认证,相关订单处于批量交付及产能爬坡阶段》,****9月18日高开高走收涨6.22%,9月21日再度走高收涨3.03%;✅9月20日解读《PCB+CPO+AI算力+光模块!公司高多层、高阶HDI类高端产品排单已延续至2027年》,****9月21日高开高走收涨9.23%;✅9月21日解读《PCB+AI算力+铜箔!公司HVLP3、HVLP4铜箔已向客户送样,认证进度按计划有序推进》,****9月22日高开高走收涨8.55%,9月23日收涨3.82%,盘中一度涨逾7%;✅9月22日解读《电子特气+半导体材料!公司六氟化钨等产品取得安全生产许可,电子级高纯氨、高纯一氧化碳等产品已稳产、量产》,****9月23日收涨3.57%,盘中一度涨逾9%,9月24日延续涨势收涨3.37%;✅9月22日解读《存储+先进封测+HBM+AI硬件!公司OEC产品正与客户合作开发6.4T NPO光引擎封装,拟45亿投建晶圆级先进封测制造项目三期》,****9月23日收涨2.52%;",腾讯网,Media,https://news.qq.com/rain/a/20260927A09LI500,Watch,,1,2,2,1.5,C,留在事件库供检索，但未达到本周正文相关性、证据质量或去重要求。,Database_Only,留在事件库供检索，但未达到本周正文相关性、证据质量或去重要求。,,,Pass A query 8; search discovery record pending full-text verification.,Yes
2026W39-WEB-218,2026-09-27,2026-09-27,US,Financing,Chip;AI,"260927临近国庆长期,资金做多意愿有限,依旧局部行情为主;_冰川688_淘股吧","260927临近国庆长期,资金做多意愿有限,依旧局部行情为主;_冰川688_淘股吧","这份最新的研报是 9 月 24 号晚上发出来的,但是不适合做短线去思考 长期价值投资可以思考,内容仅供参考,不构成投资建议,盈亏自负!重点吹了 NPO 光芯片,比如说太辰光,东山精密,光迅科技,以年为单位 我是看好的 短时间内看量能吧,不喜勿喷,发财9月24日,巴克莱发布最新美国半导体及设备行业研报,分享了参加ECOC欧洲光通信展后的最新观察。核心结论是,AI光通信的长期增长逻辑没有改变,但技术演进的时间表正在发生明显变化。CPO的大规模量产可能推迟至2029—2030年前后,NPO则有望在2028年率先放量。与此同时,传统可插拔光模块的生命周期可能比市场此前预期的更长。巴克莱还发现,激光器、磷化铟以及DSP的供应瓶颈正在加剧,光通信产业链的供需关系依然紧张。在具体公司方面,巴克莱重点关注MACOM、Coherent和Lumentum。其中,Coherent将2030年CPO/NPO潜在可服务市场规模从150亿美元上调至300亿美元。这份研报实际上揭示了AI光通信产业未来几年的三条发展主线:传统可插拔光模块持续升级、NPO逐步商业化,以及CPO和芯片间光互连带来的长期增长机会。一、CPO量产时间再度推迟,NPO有望在2028年率先放量此前,市场普遍将2027年视为CPO商业化的重要时间节点。但巴克莱在ECOC展会上与多家供应商交流后发现,实际进度可能没有市场想象得那么快。巴克莱认为,2027年末更多是技术部署或早期导入节点,而非真正的大规模量产时间。2028年可能成为NPO商业化的重要过渡年,CPO的大规模应用则更接近2029—2030年,甚至更晚。其中,一个重要变化是NPO正在成为连接传统可插拔光模块与CPO的过渡方案。NPO与CPO最大的区别在于,NPO将光引擎部署在芯片附近,而CPO则进一步将光引擎与交换芯片集成在同一封装内。相比CPO,NPO能够更多地利用现有制造",www.tgb.cn,Media,https://www.tgb.cn/a/2vr5guEWa37,Watch,,1,2,2,1.5,C,留在事件库供检索，但未达到本周正文相关性、证据质量或去重要求。,Database_Only,留在事件库供检索，但未达到本周正文相关性、证据质量或去重要求。,,,Pass A query 19; search discovery record pending full-text verification.,Yes
