event_id,date,published_date,country,sector,domain,entity,event_title,event_summary,source_name,source_type,source_url,source_tier,secondary_sources,space_compute_relevance_score,industry_impact_score,novelty_score,total_score,priority,reason_for_priority,include_in_report,implication,meaning_for_us,next_watch,analyst_note,source_discovery_flag
2026W40-MANUAL-CN-001,2026-09-28,2026-09-29,China,Technology,Space_Compute;Commercial_Space;Chip;AI,杭州空天信息产业生态,杭州集中发布商业航天十大成果与太空AI基础设施星座计划,杭州活动发布太空人工智能基础设施产业化项目星座计划，并披露400TOPS高光谱AI双星、20亿级央地合作平台等落地进展。,杭州政协网,官方/公司原文,https://www.hzzx.gov.cn/cshz/content/2026-09/29/content_9322988.htm,S_Core,,5,5,5,5.00,S,直接命中太空AI基础设施并同时出现星座、在轨算力与产业平台落地。,Yes,中国侧太空算力开始从单点载荷向星座与产业化平台组合推进。,可作为国内太空算力供给侧与区域产业组织方式的强信号。,跟踪星座首批任务、400TOPS双星在轨指标及20亿平台资本金到位。,Stage 3 Pass C verified; manual atom added for geographic/subsection completeness.,Pass_C_manual
2026W40-MANUAL-UST-004,2026-09-28,2026-09-28,US,Technology,Commercial_Space;Space_Compute,SpaceX Starship,Starship Flight 14首次完整入轨并部署26颗Starlink V3,Flight 14完成Starship首次轨道飞行与26颗Starlink V3部署，随后再入溅落；一台Raptor提前关机。,SpaceX,官方/公司原文,https://www.spacex.com/launches/starship-flight-14%20,S_Core,https://spaceflightnow.com/2026/09/28/starship-returns-to-earth-rocket-splashes-down-north-of-hawaii-after-three-hour-flight/,4,5,5,4.50,S,载体关键里程碑兜底，直接影响大规模星座与高功耗载荷部署成本。,Yes,Starship从亚轨道验证跨入真实载荷部署。,对大型算力卫星和星座补网是中期运力拐点。,跟踪复飞、可靠性与商业发射节奏。,Stage 3 Pass C verified; manual atom added for geographic/subsection completeness.,Pass_C_manual
2026W40-MANUAL-USP-001,2026-09-30,2026-09-30,US,Policy,Commercial_Space;Space_Compute,FCC,FCC通过卫星频谱充裕命令并开放超1000MHz频谱,FCC在9月30日会议通过相关命令，允许12.7GHz与42GHz频段扩大卫星业务使用，并继续征询更多卫星频谱用途。,Federal Communications Commission,官方/公司原文,https://docs.fcc.gov/public/attachments/FCC-26-65A1.pdf,S_Core,https://sia.org/satellite-industry-association-applauds-fcc-and-chairman-carr-following-adoption-of-satellite-spectrum-abundance-order/,5,5,5,5.00,S,频谱直接决定卫星网络容量、数据下行与星地算力协同。,Yes,美国为卫星宽带和空间数据服务释放新的频谱供给。,需评估其对空间数据传输成本、D2D与在轨处理商业模型的影响。,跟踪实施细则、运营商申请和后续FNPRM。,Stage 3 Pass C verified; manual atom added for geographic/subsection completeness.,Pass_C_manual
2026W40-MANUAL-UST-003,2026-09-30,2026-09-30,US,Technology,Space_Compute;Commercial_Space;AI,Firefly Aerospace/Starcloud,Firefly与Starcloud签署月轨AI计算演示商业载荷协议,Starcloud的SC-1L将搭载Firefly Elytra月球轨道器，计划不早于2028年演示月轨AI计算。,Firefly Aerospace,官方/公司原文,https://investors.fireflyspace.com/news-releases/news-release-details/firefly-aerospace-signs-starcloud-commercial-customer,S_Core,,5,5,4,4.80,S,直接命中月轨AI计算和商业载荷合同。,Yes,太空算力服务出现跨越LEO的商业任务预订。,合同有效但任务仍为前瞻计划，不能写成已完成演示。,跟踪任务资金、载荷集成和NET 2028节点。,Stage 3 Pass C verified; manual atom added for geographic/subsection completeness.,Pass_C_manual
2026W40-MANUAL-UST-001,2026-10-01,2026-10-01,US,Technology,Space_Compute;Commercial_Space;Chip;AI,Google Project Suncatcher,Google Suncatcher原型随Transporter-18入轨,Google披露Suncatcher原型卫星已建立联系，将采集TPU在轨辐射与热环境数据。,Google,官方/公司原文,https://blog.google/innovation-and-ai/models-and-research/google-research/project-suncatcher-prototype/,S_Core,,5,5,5,5.00,S,直接验证轨道AI算力芯片的环境适应性。,Yes,头部云厂商把太空计算从研究路线推向在轨数据采集。,这是空间数据中心和轨道算力硬件路线的重要验证点。,跟踪TPU辐射、热管理和性能数据。,Stage 3 Pass C verified; manual atom added for geographic/subsection completeness.,Pass_C_manual
2026W40-MANUAL-UST-002,2026-10-01,2026-10-01,US,Technology,Space_Compute;Commercial_Space;Chip;AI,AMD,AMD开始向早期客户提供XQRVC1902航天级SoC样品,AMD发布Versal AI Core XQRVC1902早期样品，采用增强型航天封装并推进Class Y测试；飞行合格器件预计2027年下半年。,AMD,官方/公司原文,https://newsroom.amd.com/news/amd-sampling-versal-ai-core-adaptive-soc/,S_Core,,5,5,4,4.80,S,直接命中宇航级AI计算芯片工程样品。,Yes,商用自适应SoC向长寿命航天任务推进。,需明确样品、鉴定与量产可用之间的证据边界。,跟踪Class Y鉴定与2027年下半年飞行级交付。,Stage 3 Pass C verified; manual atom added for geographic/subsection completeness.,Pass_C_manual
2026W40-WEB-006,2026-09-20,2026-09-30,China,Technology,Space_Compute;Commercial_Space;Chip;AI,"《星枢计划合作倡议书》在上海发布,聚力共建太空算力产业生态","《星枢计划合作倡议书》在上海发布,聚力共建太空算力产业生态","紧扣国家“十五五”关于适度超前布局新型基础设施的发展导向,聚焦太空算力这一航天与人工智能交叉的战略赛道,9月20日,“天地智算・星枢赋能”上海太空算力创新发展研讨会于复旦大学召开。会议由上海市算力网络协会太空算力专委会主办,复旦大学、中国科学院上海技术物理研究所、华东师范大学、上海太驿微行航天提供支持,上海星枢天算航天承办。复旦大学副校长周磊,中国科学院院士褚君浩、王建宇,上海市经信委、上海市算力网络协会以及高校科研院所、航天制造、AI 大模型、半导体、通信等产业链企业代表参会,共商太空算力产业发展蓝图。周磊在致辞中指出,太空算力的核心是实现 “在轨采集、在轨推理、在轨服务”,推动高性能计算、大模型能力向太空延伸。复旦大学将发挥学科交叉、院士团队及成果转化优势,联动科研机构与市场主体,打通 “基础研究 — 技术攻关 — 星座验证 — 产业应用” 全创新链条,为上海太空算力产业发展提供有力支撑。会上,“星枢计划”首席科学家聘任仪式举行,周磊为褚君浩颁发首席科学家聘书。计划将依托顶尖院士团队的战略研判,为星座总体设计、关键技术突破、示范场景落地提供顶层科学把控,为工程实施筑牢技术根基。主旨报告环节,褚君浩围绕“红外科技与太空计算”,解读 “天数地算” 向 “天数天算” 演进路径,分析感存算一体芯片、光计算等前沿技术对天基算力的支撑作用;王建宇以“用于商业航天的智能光电感知技术”为题,分析了商业航天载荷面临的智能化、轻量化、低成本挑战,分享了团队在轻小型红外光电载荷及星上智能处理方面的系列成果与应用案例。百度智能云、中国电信上海分公司、商汤科技、密位宇航、翮源空间等产业代表,分别从天基计算实践、天地基础设施融合、星载大模型应用、星座能源设计等角度分享技术实践,为星座工程建设输出产业智慧。如今,太空算力正在重构空间信息产业格局,实现从传统“数据下传”到“信息下传”的产业范式变革,上",复旦大学新闻网,Official,https://news.fudan.edu.cn/2026/0930/c5a150520/page.htm,S_Core,,5,3,4,4.20,A,太空算力生态倡议直接命中主航道；事件发生在窗口前，以本周公开披露口径纳入并降为A。,Yes,千星级太空算力规划开始形成产学研协同框架，但当前仍是倡议而非已部署星座。,可作为国内竞争格局和潜在合作网络的先行信号。,跟踪首批卫星、资金来源、算力指标和在轨验证。,Pass A discovery via D1-CN-01; full-text validation is required before S/A use.,Yes
2026W40-MANUAL-CN-002,2026-09-20,2026-09-28,China,Technology,Space_Compute;Commercial_Space;Chip;AI,超智算一号,北京科委披露超智算一号搭载星上智能算力单元入轨,北京市科委9月28日周度盘点披露，9月20日入轨的超智算一号可在轨执行遥感处理、AI推理和实时分析；属于窗口内延迟披露。,北京市科学技术委员会、中关村科技园区管理委员会,官方/公司原文,https://kw.beijing.gov.cn/xwdt/kcyx/xwdtyqqy/202609/t20260928_4883059.html,S_Core,,5,3,3,4.00,A,直接星上AI算力，但实际入轨日在窗口前，按延迟披露处理并降低影响与新颖性。,Yes,补充了国产在轨处理能力的官方披露证据。,可用于验证星上处理从概念到在轨载荷的进展，但不重复声称本周发射。,跟踪具体算力、功耗、任务数据与客户验证。,Stage 3 Pass C verified; manual atom added for geographic/subsection completeness.,Pass_C_manual
2026W40-WEB-105,2026-09-28,2026-09-28,China,Technology,Commercial_Space,从“造星”到“用数” 长新数据集团激活“吉林一号”数据价值,从“造星”到“用数” 长新数据集团激活“吉林一号”数据价值,"近日,吉林省长新数据集团在长春新区正式揭牌,标志着我省在深度挖掘卫星遥感数据核心价值、推动航天制造与数据应用全链条协同升级方面迈出关键步伐。 长新数据集团主要承接长光卫星数据委托加工、合规交易代理等业务,让卫星遥感数据更有效地进入应用场景,提供服务。 长光卫星已经建成全球最大的亚米级商业遥感星座, 2025年营收首次突破10亿元,数据服务占比超过一半。长新数据集团的成立,将帮助长光卫星实现从“卖影像”转向“卖服务”。 今年,长新数据集团计划实现 3项重点应用项目落地,引进5家优质生态伙伴,完成营业收入2000万元。“十五五”期间,力争引进100家生态企业,带动上下游营收突破30亿元,助力长光卫星实现100亿元卫星制造产值、100亿元数据开发应用营收、集聚100家配套企业的“三个100”目标,让海量的遥感数据转化为可变现的数据要素资产。 本条信息发布初审:曲彤彤,复审:曲莉,终审:赵利",kjj.changchun.gov.cn,Official,http://kjj.changchun.gov.cn/sy/gzdt/202609/t20260928_3515326.html,S_Core,,4,4,4,4.00,A,官方披露卫星数据集团落地，直接连接遥感数据供给与应用变现。,Yes,吉林一号数据运营从单一卫星公司向专业化数据集团延伸。,星上处理的价值最终需要数据产品和交易渠道承接。,跟踪数据收入、客户结构和在轨预处理能力。,Pass A discovery via D2-CN-04; full-text validation is required before S/A use.,Yes
2026W40-MANUAL-USP-004,2026-09-30,2026-09-30,US,Policy,Commercial_Space;Space_Compute;AI,NASA/Modulate Space,NASA授予约3800万美元月面5G与Wi-Fi 6研发合同,合同将开发可扩展月面5G通信和Wi-Fi 6网络，并计划实验室及月面飞行演示。,NASA,官方/公司原文,https://www.nasa.gov/news-release/nasa-awards-contract-to-develop-5g-communications-for-moon/,S_Core,,4,4,4,4.00,A,月面通信是分布式计算、机器人与任务数据协同的关键链路。,Yes,月面网络从概念进入合同化工程开发。,可作为深空算力网络和边缘计算基础设施的采购先导。,跟踪2028年前实验室验证与飞行演示节点。,Stage 3 Pass C verified; manual atom added for geographic/subsection completeness.,Pass_C_manual
2026W40-MANUAL-GLB-001,2026-09-30,2026-09-30,Global,Technology,Commercial_Space,Rocket Lab/Synspective,Rocket Lab获Synspective 20次Electron发射合同,双方签署20次新发射协议，计划2028至2031年部署StriX SAR卫星，使双方约定任务总数增至47次。,Rocket Lab,官方/公司原文,https://investors.rocketlabcorp.com/news-releases/news-release-details/rocket-lab-secures-largest-ever-electron-commercial-deal-20,S_Core,,3,5,4,3.80,A,跨国SAR星座的大额多年发射排期，影响遥感数据供给。,Yes,专用小型发射与星座客户形成长期绑定。,可作为遥感星座资本开支与部署节奏的可验证订单。,跟踪合同履约、发射频率与StriX在轨规模。,Stage 3 Pass C verified; manual atom added for geographic/subsection completeness.,Pass_C_manual
2026W40-QCC-OVERSEAS-007,2026-10-01,2026-10-01,Global,Financing,Commercial_Space,Satlyt,Satlyt种子轮融资记录,卫星横向操作系统研发商；企查查披露金额：800万美元。,TechCrunch,Core行业媒体,https://techcrunch.com/2026/10/01/satlyt-founded-by-a-former-google-and-spacex-product-manager-raises-8m-to-run-ai-on-satellites/,A_Active,企查查（境外）;https://www.satellitetoday.com/finance/2026/10/02/satlyt-secures-8m-in-seed-financing/,5,3,4,4.20,A,融资规模不大，但公司直接聚焦卫星在轨AI软件与应用部署。,Yes,在轨AI软件栈开始获得早期机构资本支持。,适合作为轻资产太空算力软件层的竞争样本。,跟踪下一次卫星部署、付费客户与可复用软件能力。,QCC raw_id=fba0a038fa7c9d70bc2a439e71b1d6eb；数据库记录是线索，不等于公司公开确认；金额和日期保留原始披露口径。,No
2026W40-WEB-003,2026-09-28,2026-09-28,China,Policy,Commercial_Space,北京市国防科学技术工业办公室关于组织申报“十五五”对外技术合作科研(民用航天领域)第一批项目指南的通知_通知公告_北京市经济和信息化局,北京市国防科学技术工业办公室关于组织申报“十五五”对外技术合作科研(民用航天领域)第一批项目指南的通知_通知公告_北京市经济和信息化局,"各有关单位:近日,国家国防科工局印发了""十五五""对外技术合作科研(民用航天领域)第一批项目指南,请有申报意向的单位持本单位介绍信及经办人员身份证、单位保密资质复印件,预约查询指南内容。申报材料请于10月26日前提交我办。联系电话:010-55521302。 北京市国防科学技术工业办公室2026年9月28日",北京市经济和信息化局,Official,https://jxj.beijing.gov.cn/jxdt/tzgg/202609/t20260928_4884163.html,S_Core,,3,3,3,3.00,B,中国政策/监管/公共服务信号；以B级简讯纳入，不作主线拐点判断。,Brief,提供国内商业航天、频谱或算力基础设施政策执行样本。,用于跟踪地方政策兑现、资源配置与产业组织变化。,跟踪后续名单、资金、项目或实施细则。,Pass A discovery via D1-CN-01; full-text validation is required before S/A use.,Yes
2026W40-WEB-021,2026-09-28,2026-09-28,China,Policy,AI,关于2026年第3季度张江AI创新小镇“算力券”“模型券”“语料券”专项政策受理工作的通知 - 今日头条,关于2026年第3季度张江AI创新小镇“算力券”“模型券”“语料券”专项政策受理工作的通知 - 今日头条,"各有关单位: 根据《上海市进一步扩大人工智能应用的若干措施》,拟于2026年10月1日启动2026年第3季度张江AI创新小镇“算力券”、“模型券”、“语料券”专项政策受理工作。具体事宜通知如下: 一、申报范围 张江AI创新小镇区域(东至申江路,南至华夏中路,西至金科路,北至川杨河)内(详见附件1)。 二、申报主体及条件 申报主体为工商注册地、实际经营地、财政户管地在申报范围内的企业,具有独立民事责任能力的法人主体,具备承担项目的能力,经营状态正常、信用记录良好,在项目正式申报后,保持工商注册地稳定。 三、申报要求 1、各类申报须符合申报指南的要求。 2、申报材料需齐全、完整,且清晰可辨认。证明文件原则上应为原件扫描件,如需使用复印件的,需加盖申报主体公章后在线上平台内上传。系统内填报情况应当与提交的证明文件保持一致。 3、申报主体需对所申报项目材料的真实有效等情况予以承诺。 4、如申报主体工商注册地在项目资金拨付前迁出张江AI创新小镇,项目不再支持、资金不再拨付。 四、申报安排 (一)咨询 咨询时间及安排: 10月5日至7日接受线上咨询,10月8日至12日,接受线上及电话咨询,线上咨询方式详见附件2;咨询电话:17621932950。 (二)政策申报 时间为2026年10月1日9:00至10月12日17:00。申报单位可登录“浦易达”浦东新区惠企政策服务平台(平台网址:https://pyd.pudong.gov.cn),通过法人一证通登录平台进行在线申报,并按要求提交相关附件材料。 (三)材料报送 申报单位网上填写申请表,上传证明材料。 (四)材料审核 张江科学城对项目组织评审,并将通过上海市公共信用信息服务平台查询企业信用状况,对申报主体近三年存在重大失信行为的,项目不予审核。企业也可通过登陆“信用中国”、“信用上海”、“信用浦东”,自查是否存在失信记录。 (五)项目审",今日头条,Media,https://www.toutiao.com/article/7690516161302037027/,Watch,,2,4,3,2.80,B,已进入执行/申报环节的算力、数据或模型政策，形成明确需求侧机制；复核为B级趋势简讯。,Brief,提供国内商业航天、频谱或算力基础设施政策执行样本。,用于跟踪地方政策兑现、资源配置与产业组织变化。,跟踪后续名单、资金、项目或实施细则。,Pass A discovery via D1-CN-03; full-text validation is required before S/A use.,Yes
2026W40-WEB-034,2026-09-28,2026-09-28,China,Policy,AI,关于组织开展高质量数据集、可信数据空间试点示范、语料券补助资金申报的通知,关于组织开展高质量数据集、可信数据空间试点示范、语料券补助资金申报的通知,"根据《上城区支持人工智能产业创新发展若干政策措施》,现组织开展上城区高质量数据集、可信数据空间试点示范以及语料券相关政策申报,有关事项通知如下:一、高质量数据集支持企业和机构通过杭州数据开放平台向社会提供训练、验证、测试、语料等数据集,对入选市级优秀高质量多模态开放数据集的,按照市级奖励金额给予最高50万元额外奖励。 申报单位为在上城区合法经营并入选杭州市优秀高质量多模态开放数据集的人工智能企业。 3.市级优秀高质量多模态开放数据集奖励文件及收款凭证; 4.企业相关经营财务材料及获奖市级高质量多模态开放数据集资金合同文件、实付款凭证等材料;二、可信数据空间试点示范 对入选国家、省、市可信数据空间试点示范的项目,按照实际获得的补助金额给予最高100万元额外补助。 申报单位为在上城区合法经营的人工智能企业且其申报项目须入选国家、省、市可信数据空间试点示范项目。 2.上城区可信数据空间试点示范补助申请表(附件2);三、语料券对通过数据交易平台或可信数据空间购买非关联方语料进行大模型研发和应用的企业,按照不超过合同金额的30%给予补助,单家企业区级给予最高200万元/年。 申报单位为在上城区合法经营的人工智能企业,且通过杭州数据交易所或杭州市城市可信数据空间采买非关联方语料进行大模型研发和应用。 1.申报单位营业执照(正副本均可); 3.申报单位利用该语料开展大模型研发及应用的日志记录与标志性成果证明材料; 5.提供杭州数据交易所或杭州市城市可信数据空间交易的相关证明材料; 6.材料真实性及无违法违规行为承诺书、申报单位与语料提供单位无关联关系承诺书。申报程序 申报单位准备相关材料后向属地单位提交申请材料,属地单位负责审核材料原件,同时对企业经营状态、资金申请条件等进行初审。于2026年10月20日前,按要求将《项目推荐汇总表》(附件4)和企业申请材料报送至区数据局,纸质版(一式",上城门户网站,Official,https://www.hzsc.gov.cn/col/col1229250070/art/2026/art_ded81bcc53854cdabd2e5da39c844b4f.html,S_Core,,2,4,3,2.80,B,已进入执行/申报环节的算力、数据或模型政策，形成明确需求侧机制；复核为B级趋势简讯。,Brief,提供国内商业航天、频谱或算力基础设施政策执行样本。,用于跟踪地方政策兑现、资源配置与产业组织变化。,跟踪后续名单、资金、项目或实施细则。,Pass A discovery via D1-CN-03; full-text validation is required before S/A use.,Yes
2026W40-WEB-036,2026-09-28,2026-09-28,China,Policy,Commercial_Space,同意给予怀化市气象局P频段北斗卫星导航探空系统无线电频率400.1875±0.0125MHz6年的使用许可 - 湖南省工业和信息化厅,同意给予怀化市气象局P频段北斗卫星导航探空系统无线电频率400.1875±0.0125MHz6年的使用许可 - 湖南省工业和信息化厅,同意给予怀化市气象局P频段北斗卫星导航探空系统无线电频率400.1875±0.0125MHz6年的使用许可。,湖南省工业和信息化厅,Official,http://gxt.hunan.gov.cn/gxt/wxd_ycl/jcjs_ycl/pltz_ycl/202609/t20260928_34073350.html,S_Core,,3,3,3,3.00,B,中国政策/监管/公共服务信号；以B级简讯纳入，不作主线拐点判断。,Brief,提供国内商业航天、频谱或算力基础设施政策执行样本。,用于跟踪地方政策兑现、资源配置与产业组织变化。,跟踪后续名单、资金、项目或实施细则。,Pass A discovery via D1-CN-04; full-text validation is required before S/A use.,Yes
2026W40-WEB-047,2026-09-28,2026-09-28,China,Technology,Commercial_Space,"中科宇航将力箭一号总装周期压缩至15天,商业火箭竞争转向交付效率_腾讯新闻","中科宇航将力箭一号总装周期压缩至15天,商业火箭竞争转向交付效率_腾讯新闻","9月27日,中科宇航力箭一号运载火箭单箭总装周期已由首飞阶段约3个月缩短至约15天。位于广州南沙的产业化基地年产能达到30发,基本实现每月均有发射任务。随着生产方式由“按任务生产”转向“提前备产”,公司称接单至发射的响应周期已压缩至半年内。总装周期缩短,意味着商业火箭的竞争正从“能否发射”进一步转向能否稳定、快速地交付。对于面向卫星星座组网的发射需求而言,火箭制造、测试和发射场保障的衔接效率,直接影响客户的入轨节奏。中科宇航此前披露,力箭一号发射排期已规划至2027年下半年。订单储备与制造能力开始同时成为其兑现商业化能力的关键环节。力箭一号是一型四级固体运载火箭,具备500公里太阳同步轨道约1.5吨、近地轨道约2吨的运载能力,主要服务于低轨遥感、通信等卫星组网需求。自2022年7月首飞以来,截至今年9月20日,力箭一号已完成16次飞行;力箭系列运载火箭累计将1艘飞船、121颗卫星送入太空,入轨载荷总质量超过21吨。产线提效之外,发射场端的周期也在压缩。中科宇航此前表示,依托专属发射工位及配套技术厂房,力箭一号测发周期已压缩至10天以内。制造端提前备产、发射端缩短测发周期,意味着火箭交付正逐步由单个项目驱动,转向更接近连续生产与常态化发射的模式。不过,设计产能不等同于实际发射数量。南沙基地年产30发,反映的是固体火箭制造能力;而中科宇航今年对力箭一号的发射计划为不少于8次。两者仍受订单排期、卫星交付、发射场资源及任务窗口等因素共同约束。此次披露的15天为单箭“总装周期”口径,也仍需与总装测试等完整流程进一步区分。在“星多箭少”的供需背景下,商业航天的竞争焦点正在从单次入轨能力,延伸至运力供给的持续性和经济性。中科宇航将力箭一号总装压缩至15天,尚不足以单独证明高频发射能力已完全形成。但与订单排期延长、测发周期缩短同步出现,已为其从“按任务生产”迈向“提前备产”提供了一个更具制",腾讯网,Media,https://news.qq.com/rain/a/20260928A0832Y00,Watch,,3,3,3,3.00,B,中国技术/载体/应用进展；以B级简讯纳入。,Brief,反映国内星座、发射、遥感数据或算力配套的增量进展。,作为国内太空算力载体与应用生态的周度证据。,跟踪可量化工程指标、在轨验证和商业客户。,Pass A discovery via D1-CN-05; full-text validation is required before S/A use.,Yes
2026W40-WEB-054,2026-09-28,2026-09-28,China,Technology,Commercial_Space;Chip;AI,影响市场重大事件:国产火箭总装周期缩至15天;我国启动研制商业航天育种专用卫星;高速光互联与计算技术北京市重点实验室落地北京经开区;中国信通院何阳:我国初步具备开展算力期货研究条件_凤凰网,影响市场重大事件:国产火箭总装周期缩至15天;我国启动研制商业航天育种专用卫星;高速光互联与计算技术北京市重点实验室落地北京经开区;中国信通院何阳:我国初步具备开展算力期货研究条件_凤凰网,"|2026年9月28日 星期一|NO.1 国产火箭总装周期缩至15天9月26日,据央视财经报道,过去,一发火箭往往由一批人从头跟到尾;如今,不同工位可以并行推进。力箭一号首飞阶段总装周期约3个月,随着力箭一号进入高密度、常态化发射阶段,目前已基本实现每月都有发射任务。与之匹配,南沙总装厂房年产能可达30发,一枚火箭总装周期已缩短至约15天。目前,以力箭一号为代表的商业火箭生产方式,正从“按任务生产”转向提前备产,从接单到发射的周期可压缩到半年以内。先进制造正推动商业火箭从任务式交付,向更加稳定、规模化的空间运输服务转变。NO.2 高速光互联与计算技术北京市重点实验室落地北京经开区据“北京亦庄”公众号,近日,2026北京微电子国际研讨会暨IC WORLD大会——光电集成前沿技术专题论坛在北京亦庄举办。活动现场,高速光互联与计算技术北京市重点实验室揭牌落地,北京亦庄集成电路领域再添市级重点实验室。此次揭牌的高速光互联与计算技术北京市重点实验室已获得北京市科委、中关村管委会正式授牌。该实验室将重点围绕异质集成硅光芯片、片上密集波分复用、硅光先进封装三大核心技术方向,构建“器件—芯片—封装—系统”全链条研发体系。NO.3 在轨4个多月,神二十三乘组完成载荷进出舱等多项工作9月27日,神舟二十三号乘组航天员朱杨柱、张志远、黎家盈已经在轨4个多月,上周,在稳步推进站内各项空间科学实(试)验、常态化开展组合体平台照料的同时,他们还完成了载荷进出舱相关工作。此次出舱的元器件与组件舱外通用试验装置,包含“空芯光子带隙光纤陀螺”“先进工艺器件”“基于国产AI芯片的遥感目标检测”等试验单元,用于开展空间新技术与应用领域试验。当前,正在开展第四次实验,覆盖8个科学研究项目、26个单元样品。NO.4 我国启动研制商业航天育种专用卫星据陕西发布,近日,陕西省航天育种工程技术研究中心与中科卫星科技集团有",凤凰网,Media,https://news.ifeng.com/c/8wmKkWNJbd2,Watch,,3,3,3,3.00,B,中国技术/载体/应用进展；以B级简讯纳入。,Brief,反映国内星座、发射、遥感数据或算力配套的增量进展。,作为国内太空算力载体与应用生态的周度证据。,跟踪可量化工程指标、在轨验证和商业客户。,Pass A discovery via D1-CN-05; full-text validation is required before S/A use.,Yes
2026W40-WEB-119,2026-09-28,2026-09-28,China,Technology,Chip;AI,中富电路迎AI垂直供电浪潮 26H2放量在即- CFi.CN 中财网,中富电路迎AI垂直供电浪潮 26H2放量在即- CFi.CN 中财网,"中富电路迎AI垂直供电浪潮 26H2放量在即 时间:2026年09月28日 19:31:34 中财网 CFi.CN讯:数据显示,中富电路已通过多家海外AI电源客户审核,覆盖Flex Power、MPS、台达、TI、ADI等头部厂商,在手订单充足;泰国工厂2025年一季度起批量生产,2026年下半年起订单将加速交付。近期机构研报指出,AI芯片功耗突破1kW、GPU板载空间紧张,正推动供电架构从横向转向垂直(VPD),要求PCB具备高多层、厚铜、高散热及先进封装适配能力。研报认为,VPD技术大幅提升单板价值量,而公司已在技术积累和产线设备上形成先发壁垒,叠加北美客户认证周期长、供应商格局稳定,有望持续提升AI电源PCB收入占比。研报预测公司2026—2028年净利润增速高达162%、303%、32%,首次覆盖即给予“增持”评级。 中财网",中财网股票频道,Media,https://stock.cfi.cn/p20260928002199.html,Watch,,3,3,3,3.00,B,中国技术/载体/应用进展；以B级简讯纳入。,Brief,反映国内星座、发射、遥感数据或算力配套的增量进展。,作为国内太空算力载体与应用生态的周度证据。,跟踪可量化工程指标、在轨验证和商业客户。,Pass A discovery via D3-CN-01; full-text validation is required before S/A use.,Yes
2026W40-QCC-OVERSEAS-015,2026-09-28,2026-09-28,Global,Financing,Chip;AI,SiMa.ai,SiMa.aiC轮融资记录,AI芯片研发商；企查查披露金额：1.5亿美元。,企查查（境外）,Database,https://www.odaily.news/zh-CN/newsflash/520980,Manual,,3,3,4,3.20,B,1.5亿美元边缘AI芯片融资有公开报道；证据上限按B级纳入。,Brief,,,,QCC raw_id=cd68582b3a0b584c573717cabd40586e；数据库记录是线索，不等于公司公开确认；金额和日期保留原始披露口径。,No
2026W40-MANUAL-USP-008,2026-09-28,2026-09-28,US,Policy,Commercial_Space,NASA/Artemis Accords,NASA宣布Artemis Accords签署方增至76个国家,NASA披露阿尔巴尼亚、克罗地亚、科特迪瓦和圣马力诺加入，使签署方达到76国。,NASA,官方/公司原文,https://www.nasa.gov/news-release/nasa-celebrates-as-artemis-accords-surpasses-75-signatories/,S_Core,,3,3,3,3.00,B,国际规则协同影响月面数据共享、互操作和任务组织。,Brief,月面活动的制度网络继续扩大。,属于深空商业活动与数据协同的政策背景。,跟踪互操作、数据共享和月面去冲突细则。,Stage 3 Pass C verified; manual atom added for geographic/subsection completeness.,Pass_C_manual
2026W40-MANUAL-UST-008,2026-09-28,2026-09-28,US,Technology,Commercial_Space,NASA/Boeing Starliner,NASA确认Starliner-1先执行无人验证并拟增加两次任务,NASA与Boeing更新计划：Starliner-1最早2026年12月或2027年1月无人飞行，Starliner-2载人目标为2028年，并拟增加第五、第六次任务。,NASA,官方/公司原文,https://www.nasa.gov/news-release/nasa-boeing-share-update-on-commercial-starliner-development-plans/,S_Core,,3,4,4,3.50,B,商业载人载体里程碑兜底，影响低轨平台运输冗余。,Brief,NASA维持双供应商策略但把复飞置于无人验证之后。,需把计划与已完成认证严格区分。,跟踪无人复飞、推进器整改和Vulcan载人认证。,Stage 3 Pass C verified; manual atom added for geographic/subsection completeness.,Pass_C_manual
2026W40-FIN-PUBLIC-002,2026-09-28,2026-09-28,China,Financing,Chip,途见科技,途见科技完成亿元级Pre-A++轮融资,资金投向柔性电子皮肤材料、技术研发与产线建设。,投资界,公开媒体/公司披露,https://vc.pedaily.cn/invest/y2026,A_Active,,2,4,4,3.00,B,公开来源支持且与芯片、商业航天或AI算力供给链相关；按B级正文简讯纳入。,Brief,本轮资本进入相关硬件、空间基础设施或AI算力供给链。,用于比较本周资本流向、轮次和关键基础设施环节。,跟踪交割、资金用途、量产或在轨部署里程碑。,Stage 5合规修复补入；公开来源已检索，未改变已复核S/A集合。,Pass_C_public_source
2026W40-FIN-PUBLIC-003,2026-09-28,2026-09-28,China,Financing,Chip,九维光子,九维光子完成数千万元天使轮融资,资金用于智能光子芯片与纳米光刻设备研发。,投资界,公开媒体/公司披露,https://vc.pedaily.cn/invest/y2026,A_Active,,3,3,4,3.20,B,公开来源支持且与芯片、商业航天或AI算力供给链相关；按B级正文简讯纳入。,Brief,本轮资本进入相关硬件、空间基础设施或AI算力供给链。,用于比较本周资本流向、轮次和关键基础设施环节。,跟踪交割、资金用途、量产或在轨部署里程碑。,Stage 5合规修复补入；公开来源已检索，未改变已复核S/A集合。,Pass_C_public_source
2026W40-WEB-001,2026-09-29,2026-09-29,China,Policy,Commercial_Space,北京经济技术开发区机器人和智能制造产业局关于开展2026年商业航天产业政策相关事项申报的通知_政策文件_北京经济技术开发区,北京经济技术开发区机器人和智能制造产业局关于开展2026年商业航天产业政策相关事项申报的通知_政策文件_北京经济技术开发区,"北京经济技术开发区机器人和智能制造产业局关于开展2026年商业航天产业政策相关事项申报的通知 各相关单位: 为贯彻落实《北京经济技术开发区关于建设具有全球影响力商业航天产业高地的若干措施》(京技管发〔2024〕5号)的工作要求,现开展2026年商业航天产业政策相关事项申报工作,通知如下: 一、申报时间 自2026年9月30日至2026年10月23日期间通过北京市人民政府门户网站“政策兑现专区”(https://zhengce.beijing.gov.cn)或经开区官网“政策兑现”栏目(zcdx.kfqgw.beijing.gov.cn)进入政策兑现综合服务平台,注册登录后进行项目申报。如未在规定时间内提交申请的,视为自动放弃。 二、申报详情 详见附件中《办事指南》或政策兑现综合服务平台“项目申报”页面。 三、联系方式 政策咨询: 经开区政务服务大厅“政策申报”窗口,联系电话:010-67857878转4、010-67857687,工作日上午9:00—12:00,下午1:30—5:00。 经开区机器人和智能制造产业局,联系电话:010-83508318,工作日上午9:00—12:00,下午2:00—6:00。 技术支持: 联系电话:010-83509638,工作日上午9:00—12:00,下午2:00—6:00。 北京经济技术开发区机器人和智能制造产业局 2026年9月29日",北京经济技术开发区管理委员会官方网站,Official,https://kfqgw.beijing.gov.cn/zwgkkfq/2024zcwj/202609/t20260928_4883934.html,S_Core,,3,3,3,3.00,B,中国政策/监管/公共服务信号；以B级简讯纳入，不作主线拐点判断。,Brief,提供国内商业航天、频谱或算力基础设施政策执行样本。,用于跟踪地方政策兑现、资源配置与产业组织变化。,跟踪后续名单、资金、项目或实施细则。,Pass A discovery via D1-CN-01; full-text validation is required before S/A use.,Yes
2026W40-WEB-009,2026-09-29,2026-09-29,China,Policy,Commercial_Space,航天基地关于2026年9月29日建设项目环境影响评价文件受理情况的公示-西安国家民用航天产业基地管理委员会,航天基地关于2026年9月29日建设项目环境影响评价文件受理情况的公示-西安国家民用航天产业基地管理委员会,"根据建设项目环境影响评价审批程序的有关规定,2026年9月29日行政审批与企业服务局共受理2个建设项目环境影响评价文件。现将受理情况予以公示,公示期为2026年9月29日-2026年10月10日(5个工作日)电话:029-89696841传真:029-81576150通讯地址:航天基地航拓路汇航广场B座2层(710100)建设项目环境影响评价文件受理清单序号项目名称建设地点建设单位环境影响评价机构受理日期报告类别1西安方舟卫星载荷研制中心建设项目西安国家民用航天产业基地神舟六路与航腾路十字东北角,神舟六路南段369号神西电气产业园2号厂一层和二层银河航天(西安)科技有限公司陕西企科环境技术有限公司2026-9-29报告表2高能数造全固态电池装备公共验证平台项目西安国家民用航天产业基地航天南路以南、规划一路以东、规划二路以西陕西瑞创航天航空装备智能制造产业园B1栋高能数造(西安)技术有限公司陕西中和未来工程咨询有限公司2026-9-29报告表注:根据《建设项目环境影响评价政府信息公开指南(试行)》的有关规定,上述环境影响报告书(表)不含涉及国家秘密、商业秘密、个人隐私以及涉及国家安全、公共安全、经济安全和社会稳定的内容。附件:1、西安方舟卫星载荷研制中心建设项目生态环境影响报告表-正文.pdf 2、高能数造全固态电池装备公共验证平台项目生态环境影响报告表.pdf",西安国家民用航天产业基地,Official,https://xcaib.xa.gov.cn/xwdt/tzgg/2104835716276576257.html,S_Core,,3,3,3,3.00,B,中国政策/监管/公共服务信号；以B级简讯纳入，不作主线拐点判断。,Brief,提供国内商业航天、频谱或算力基础设施政策执行样本。,用于跟踪地方政策兑现、资源配置与产业组织变化。,跟踪后续名单、资金、项目或实施细则。,Pass A discovery via D1-CN-01; full-text validation is required before S/A use.,Yes
2026W40-WEB-018,2026-09-29,2026-09-29,China,Policy,AI,武汉市经济和信息化局,武汉市经济和信息化局,"市经信局关于开展2026年第二批算力服务券结算工作的通知 各区(开发区)人工智能主管部门,各有关单位:根据《市人民政府关于印发武汉市促进人工智能产业发展若干政策措施的通知》(武政规〔2025〕3号)和《市经济和信息化局关于印发武汉市促进人工智能产业发展若干政策措施有关条款资金管理办法的通知》(武经信规〔2025〕1号)有关要求,现组织开展2026年第二批算力服务券结算工作。有关事项通知如下:一、结算范围及标准(一)结算范围2025年10月14日至2026年10月13日期间产生的实际算力服务费用,并于2026年10月31日前完成核销申请。(二)结算标准按实际算力服务费用的50%给予补贴,单个企业年度周期内补贴总额最高不超过20万元。二、工作流程(一)核销申请各算力服务商于2026年10月31日前登录“江城模境”人工智能大模型公共服务平台(https://www.whaihub.cn),在线提交核销申请材料。(二)各区初审各区人工智能主管部门对算力服务商提交的核销申请材料进行初审。(三)市经信局复审市经信局选聘符合条件的第三方审计机构进行核查,综合核查情况,按程序拨付结算资金。三、有关要求1.请各区人工智能主管部门积极组织企业申报,通知算力服务商按要求提交申请材料,并做好初审工作。2.请各申报单位按照《武汉市促进人工智能产业发展若干政策措施有关条款资金管理办法(试行)》要求如实提交材料,配合第三方审计机构开展核查。3.联系人及联系方式:武汉数字经济发展研究院:吴丝晴17673110291武汉市经信局:彭畅然027-85317167",武汉市人民政府门户网站,Official,https://jxj.wuhan.gov.cn/xwzx_9/tztg/202609/t20260930_2855956.html,S_Core,,2,4,3,2.80,B,已进入执行/申报环节的算力、数据或模型政策，形成明确需求侧机制；复核为B级趋势简讯。,Brief,提供国内商业航天、频谱或算力基础设施政策执行样本。,用于跟踪地方政策兑现、资源配置与产业组织变化。,跟踪后续名单、资金、项目或实施细则。,Pass A discovery via D1-CN-03; full-text validation is required before S/A use.,Yes
2026W40-WEB-023,2026-09-29,2026-09-29,China,Policy,Chip;AI,关于组织2026年度青浦区数字经济和数智化建设专项申报工作的通知_主动公开目录_政务公开_上海市青浦区人民政府,关于组织2026年度青浦区数字经济和数智化建设专项申报工作的通知_主动公开目录_政务公开_上海市青浦区人民政府,"各相关单位:根据《青浦区关于加快推进数字经济和数智化建设的若干措施(试行)》(青数规〔2026〕1号)及其实施细则,现就2026年度青浦区数字经济和数智化建设专项申报工作有关事项通知如下:一、申请算力券补贴项目(一)支持范围租用非关联方智能算力资源(不包括存储、网络、安全等其他服务)进行研发的单位。(二)申报要求1.申报主体必须是依法经营并具有独立承担民事责任能力的单位,经营状态正常,信用记录良好,财务制度健全。2.算力供给方须经营规范,具备工业和信息化部颁发的增值电信业务经营许可证IDC/ISP。3.非关联方是指申报单位与算力提供方间不属于下列任何关联关系的企业、其他组织或者个人:在资金、经营、购销等方面存在直接或者间接的控制关系;直接或者间接地同为第三者控制;在利益上具有相关联的其他关系。4.本次受理2026年9月1日至2026年9月30日期间发生研发投入中的算力租用费用,原则上不对在申报截止日前未完成支出的费用进行支持。5.原则上同一项目同一年度内已获得其他市级、区级财政性资金支持,本专项资金不再给予支持。(三)申报时间及方式1.申报时间本次申报受理时间为2026年10月1日9点至2026年10月23日17点。2.申报方式申报单位必须在上述申报时间范围内,通过法人一证通或者电子营业执照登录“一网通办”随申兑·惠企政策精准服务专窗进行在线申报,提交相关电子材料。申报链接:https://zwdtuser.sh.gov.cn/uc/naturalUser/jump.do?sendPost=false&redirect_uri=https://zw.shqp.gov.cn/ywtb/apply/apply.html?itemCode=11310118MB2F30872N331210046500204项目材料纸质版壹份(加盖公章及骑缝章),请于电子材料提交后,同步使用申报页",中国政府网,Official,https://www.shqp.gov.cn/shqp/zwgk/zxgk/20260929/1396378.html,S_Core,,2,4,3,2.80,B,已进入执行/申报环节的算力、数据或模型政策，形成明确需求侧机制；复核为B级趋势简讯。,Brief,提供国内商业航天、频谱或算力基础设施政策执行样本。,用于跟踪地方政策兑现、资源配置与产业组织变化。,跟踪后续名单、资金、项目或实施细则。,Pass A discovery via D1-CN-03; full-text validation is required before S/A use.,Yes
2026W40-WEB-037,2026-09-29,2026-09-29,China,Policy,Commercial_Space;AI,工信部与挪威举行第二次卫星网络协调会谈_腾讯新闻,工信部与挪威举行第二次卫星网络协调会谈_腾讯新闻,"该图片使用了AI生成技术2026年9月21日至23日,工业和信息化部无线电管理局与挪威通信管理局在挪威奥斯陆举行第二次主管部门间卫星网络协调会谈。双方在国际电信联盟《无线电规则》框架下,就高低轨多个卫星系统的30余项议题开展协商,涵盖卫星固定、卫星移动等多种业务及L、S、C、X、Ku、Ka和Q/V等多个频段。经充分交换意见,双方达成多项共识并共同签署会议纪要。此次会谈是两国在卫星频率轨道资源管理领域的一次常态化机制性沟通。卫星网络协调是各国主管部门依据国际电信联盟《无线电规则》开展的双边或多边技术磋商,旨在推动不同国家卫星系统在频率和轨道资源上的兼容共用,避免有害干扰。近年来,全球低轨星座建设加速,频轨资源竞争日趋激烈,高轨卫星与低轨星座之间的频率协调需求显著上升。我国多个卫星互联网星座和通信卫星项目正处在建设或规划阶段,能否顺利完成与各国的频率协调,直接影响系统部署进度和长期运营稳定性。从谈判内容看,本次会谈议题覆盖高低轨多个卫星系统,涉及频段从L、S、C、X等传统频段延伸至Ku、Ka乃至Q/V等高频段。其中Q/V频段是当前高通量卫星和超高通量卫星系统重点开拓的资源,也是未来低轨宽带星座馈电链路和星间链路的重要候选频段。议题范围的扩展,反映出双方协调的深度和复杂度都在提升,也说明我国卫星系统在频轨资源需求上已呈现多频段、多业务、多轨道类型并行的特征。会谈达成多项共识并签署会议纪要,意味着双方在相关议题上形成了明确的协调方向和操作口径。对于产业界而言,这有助于为相关卫星企业提供更加确定的频率使用环境,降低卫星网络申报、建设和运营过程中的不确定性。同时,与挪威等航天通信领域活跃国家的主管部门保持顺畅协调,也有利于我国在后续与其他国家的多双边协调中积累经验,进一步加快卫星网络频率国际协调进程。此次会谈的直接成果是促进了两国卫星系统频率轨道兼容共用,推动我国航天工程建设。从更宏",腾讯网,Media,https://news.qq.com/rain/a/20260929A058SA00,Watch,,3,3,3,3.00,B,中国政策/监管/公共服务信号；以B级简讯纳入，不作主线拐点判断。,Brief,提供国内商业航天、频谱或算力基础设施政策执行样本。,用于跟踪地方政策兑现、资源配置与产业组织变化。,跟踪后续名单、资金、项目或实施细则。,Pass A discovery via D1-CN-04; full-text validation is required before S/A use.,Yes
2026W40-WEB-056,2026-09-29,2026-09-29,China,Technology,Commercial_Space,海南商业航天发射场二期项目启动合练-中新经纬,海南商业航天发射场二期项目启动合练-中新经纬,"海南商业航天发射场二期项目启动合练 2026-09-29 18:42:25 中国新闻网 海南商业航天发射场二期项目启动合练 中新社海南文昌9月29日电 (记者 符宇群)海南商业航天发射场二期项目29日正式启动合练。项目建有两个通用型中型液体发射工位,可为长征十二号B等5米直径以下两级构型火箭提供发射服务。经过后续合练和测试,两个发射工位计划今年底具备执行任务能力。 9月29日,海南商业航天发射场用户大会暨二期项目合练启动仪式在文昌举行。图为长征十号乙起竖架迅速回倒后缓缓竖起。中新社记者 骆云飞 摄 海南商业航天发射场二期项目于2025年1月25日开工建设,占地1100余亩。该项目主体建设历时612天便已完成,并于今日正式具备合练能力。随着二期项目、测控系统及海上回收系统的逐步建成,海南商业航天发射场将具备每年超60次的综合发射能力,形成“发射―测控―回收”的能力闭环。 海南国际商业航天发射有限公司董事长杨天梁表示,截至目前,海南商业航天发射场已成功完成23次发射任务。目前二期项目已基本建成并进入全系统合练阶段,全面投用后将形成四个中大型液体发射工位协同运行格局,显著提升任务承接能力,为海南商业航天发展注入强劲动力。 当日,“星箭场用产业协同创新联盟”在海南商业航天发射场用户大会暨二期项目合练启动仪式上正式成立,该联盟旨在聚焦商业航天“星箭场”一体化应用,推动产业领域协同创新发展;海南国际商业航天发射有限公司与19家火箭、卫星公司签订合作协议,内容涵盖未来发射任务、技术合作等多个关键领域。(完) 来源:中国新闻网 编辑:陈俊明 广告等商务合作,请点击这里 本文为转载内容,授权事宜请联系原著作权人 中新经纬版权所有,未经书面授权,任何单位及个人不得转载、摘编或以其它方式使用。 关注中新经纬微信公众号(微信搜索“中新经纬”或“jwview”),看更多精彩财经资讯。",中新经纬,Media,https://www.jwview.com/jingwei/html/09-29/690911.shtml,Watch,,3,3,3,3.00,B,中国技术/载体/应用进展；以B级简讯纳入。,Brief,反映国内星座、发射、遥感数据或算力配套的增量进展。,作为国内太空算力载体与应用生态的周度证据。,跟踪可量化工程指标、在轨验证和商业客户。,Pass A discovery via D1-CN-05; full-text validation is required before S/A use.,Yes
2026W40-WEB-068,2026-09-29,2026-09-29,China,Technology,Commercial_Space;Chip;AI,"从天数地算到天地协同,太空计算如何走向现实?-36氪","从天数地算到天地协同,太空计算如何走向现实?-36氪","把服务器装进火箭,送上几百公里外的轨道,甚至让大模型在太空运行,放在几年前,这还是颇具科幻色彩的设想。如今,随着计算载荷、星间通信和商业发射能力持续演进,“算力上天”已经从概念讨论走向工程验证。2026云栖大会上,太空计算也成为“未来计算”议题中颇受关注的一条技术路径。 不过,太空计算并不等于把地面数据中心原样搬上天,它更接近一套贯通天地的计算体系:芯片、网络、数据、模型与智能体能力分布在卫星和地面两端,根据任务需要协同工作。卫星由此不再只负责采集和回传数据,而是逐步具备在轨处理、理解和响应的能力。 过去几十年,遥感卫星的主流工作方式可以概括为“天数地算”。卫星完成拍摄后,将原始数据传回地面,再由数据中心处理,这个模式支撑了成熟的遥感产业,却也受到地空带宽、通信窗口和处理时延的约束。随着遥感分辨率提高、星座规模扩大,数据量快速增长,把所有原始数据完整下传,成本和时效压力都会随之上升。 01. 卫星,要开始“动脑”了 在灾害监测等场景里,这一矛盾尤其突出。强对流天气、火点、洪水或地表变化发生后,留给应急响应的时间可能很短,如果卫星只能先传回海量图像,再排队等待地面处理,信息价值就会随时间衰减。更理想的方式,是让卫星先在轨筛选和识别,只把高价值数据或初步结果传回地面,为后续研判争取时间。 于是,“天数天算”开始成为新的探索方向。一个直观的比喻是:传统遥感卫星像胶片相机,拍完以后要回到地面“冲洗”;计算卫星则更像智能手机,在拍摄的同时就能完成部分识别和处理。地卫二已通过自研计算载荷实现单星400TOPS算力;智星空间则把计算能力嵌入SAR卫星的成像链路,探索在轨解算和智能处理。 但卫星并不是缩小版的数据中心,轨道环境对功耗、散热、体积和可靠性都有严格限制,星上计算资源不可能无限扩张。复杂模型训练、海量历史数据比对以及跨星座任务调度,仍然更适合由地面的云计算基础设施承担。单纯强调",36氪,Media,https://www.36kr.com/p/4004196845801344,Watch,,3,3,3,3.00,B,中国技术/载体/应用进展；以B级简讯纳入。,Brief,反映国内星座、发射、遥感数据或算力配套的增量进展。,作为国内太空算力载体与应用生态的周度证据。,跟踪可量化工程指标、在轨验证和商业客户。,Pass A discovery via D1-CN-06; full-text validation is required before S/A use.,Yes
2026W40-WEB-076,2026-09-29,2026-09-29,China,Policy,Commercial_Space,商业航天与卫星互联网转化融资实训营_上海市企业服务云,商业航天与卫星互联网转化融资实训营_上海市企业服务云,"活动简介: 聚焦航天科创企业“转化难、融资难”痛点,汇聚政策、链主企业、高校院所、投资及金融机构,通过政策宣讲、链主分享、投融资实操、项目路演,打通“技术一产业一资本”链路,助推未来空间产业创新发展。 联 系 人: 裘子瑞 联系手机: 18317088231 电子邮箱: qzr@hitic.sh.cn 联系电话: 18317088231 活动地点: 上海市松江区易富路1008弄(具体地址审核通过后短信发送) 是否网上报名: 是 活动日期: 2026年10月15日 09:00- 16日 17:00 报名日期: 2026年09月29日- 10月14日 价格: 免费",上海市企业服务云,Official,https://www.ssme.sh.gov.cn/public/product!activityDetail.do?productId=2c9e8837a0ad77a001a0eae108b8260a,S_Core,,3,3,3,3.00,B,中国政策/监管/公共服务信号；以B级简讯纳入，不作主线拐点判断。,Brief,提供国内商业航天、频谱或算力基础设施政策执行样本。,用于跟踪地方政策兑现、资源配置与产业组织变化。,跟踪后续名单、资金、项目或实施细则。,Pass A discovery via D1-CN-07; full-text validation is required before S/A use.,Yes
2026W40-QCC-DOMESTIC-021,2026-09-29,2026-09-29,China,Financing,Chip,创芯慧联,创芯慧联D+轮融资记录,移动通信芯片供应商；企查查披露金额：超2亿元。,企查查（境内）,Database,https://mp.weixin.qq.com/s?__biz=MjM5NTU5MjYzNg==&mid=2651856351&idx=1&sn=de804194a921b0a80903a29060655424&poc_token=HIuIu2qjsDSBlMu7pnVYyf25269_g9ieNJvNpQuU,Manual,,2,4,4,3.00,B,超2亿元通信芯片融资有公开报道支持；按B级芯片资本简讯纳入。,Brief,资本继续流向芯片、商业航天或AI算力供给链。,用于比较赛道资本密度、轮次与投资人结构。,跟踪金额、投资方与产品交付验证。,QCC raw_id=78f05e4a4b7fe3605d146e6d92fbaedf；数据库记录是线索，不等于公司公开确认；金额和日期保留原始披露口径。,No
2026W40-MANUAL-USP-003,2026-09-29,2026-09-29,US,Policy,Commercial_Space;AI,NASA/Omitron,NASA授予Omitron约2350万美元轨道安全分析合同,五年期合同覆盖NASA无人航天器交会评估、载人航天支持，并服务NOAA空间商务办公室。,NASA,官方/公司原文,https://www.nasa.gov/news-release/nasa-awards-orbital-safety-analysis-support-services-contract/,S_Core,,3,4,4,3.50,B,国家级轨道安全数据与分析采购，属于星座运营中圈能力。,Brief,轨道安全分析正成为政府持续采购的数据服务。,说明星座规模化后，态势感知和运营软件有稳定付费入口。,跟踪任务订单、数据接口与商业运营商参与。,Stage 3 Pass C verified; manual atom added for geographic/subsection completeness.,Pass_C_manual
2026W40-MANUAL-USP-005,2026-09-29,2026-09-29,US,Policy,Commercial_Space,NASA/Blue Origin,NASA将New Glenn 9×4纳入NLS II发射服务合同,NASA通过on-ramp条款把New Glenn 9×4加入NLS II，使其可竞争未来NASA发射任务。,NASA,官方/公司原文,https://www.nasa.gov/news-release/nasa-adds-blue-origin-new-glenn-9x4-to-launch-services-contract/,S_Core,,3,4,4,3.50,B,发射采购池扩容影响未来载荷部署选择和成本。,Brief,NASA为重型发射引入新的可选供应商。,对在轨算力与大型载荷部署是中期运力信号。,跟踪首个任务订单、认证和履约时间。,Stage 3 Pass C verified; manual atom added for geographic/subsection completeness.,Pass_C_manual
2026W40-MANUAL-USP-007,2026-09-29,2026-09-29,US,Policy,Commercial_Space;AI,NASA,NASA启动2027月面着陆器通信挑战,NASA面向高校征集月面着陆器通信的硬件、软件与体系架构方案，最多12支团队进入第二阶段。,NASA,官方/公司原文,https://www.nasa.gov/directorates/esdmd/artemis-campaign-development-division/human-landing-system-program/nasa-opens-2027-human-lander-challenge-for-lunar-communications/,S_Core,,3,3,3,3.00,B,中圈人才与方案征集，指向月面网络架构但产业影响有限。,Brief,NASA将月面通信明确为持续驻留的关键问题。,适合作为未来深空网络技术方向的早期观察。,跟踪入围方案是否形成可采购技术。,Stage 3 Pass C verified; manual atom added for geographic/subsection completeness.,Pass_C_manual
2026W40-MANUAL-USP-010,2026-09-29,2026-09-29,US,Policy,Commercial_Space;AI,NASA,NASA公布IAC议程并纳入可信火星AI与商业空间议题,NASA发布IAC参会安排，议程含可信火星AI、快速地球观测合作、月面基础设施与空间制造。,NASA,官方/公司原文,https://www.nasa.gov/news-release/nasa-features-exploration-science-at-international-space-conference/,S_Core,,3,3,3,3.00,B,议程级信号，提供美国机构公开讨论AI与深空任务结合的方向。,Brief,可信AI与数据决策被纳入深空任务公开议程。,仅作为趋势简讯，不等同于项目立项或合同。,跟踪会后是否发布项目、预算或技术指标。,Stage 3 Pass C verified; manual atom added for geographic/subsection completeness.,Pass_C_manual
2026W40-FIN-PUBLIC-001,2026-09-29,2026-09-29,China,Financing,Chip,吾拾微电子,吾拾微电子完成亿元A轮融资,资金用于先进封装及光芯片键合设备研发扩产。,投资界,公开媒体/公司披露,https://www.pedaily.cn/weeklyinvest/20260927/,A_Active,,2,4,4,3.00,B,公开来源支持且与芯片、商业航天或AI算力供给链相关；按B级正文简讯纳入。,Brief,本轮资本进入相关硬件、空间基础设施或AI算力供给链。,用于比较本周资本流向、轮次和关键基础设施环节。,跟踪交割、资金用途、量产或在轨部署里程碑。,Stage 5合规修复补入；公开来源已检索，未改变已复核S/A集合。,Pass_C_public_source
2026W40-FIN-PUBLIC-004,2026-09-29,2026-09-29,China,Financing,Chip,宏芯气体,宏芯气体完成数亿元Pre-B轮融资,资金用于电子大宗气体研发和项目建设，服务半导体制造环节。,投资界,公开媒体/公司披露,https://www.pedaily.cn/weeklyinvest/20260927/,A_Active,,2,4,4,3.00,B,公开来源支持且与芯片、商业航天或AI算力供给链相关；按B级正文简讯纳入。,Brief,本轮资本进入相关硬件、空间基础设施或AI算力供给链。,用于比较本周资本流向、轮次和关键基础设施环节。,跟踪交割、资金用途、量产或在轨部署里程碑。,Stage 5合规修复补入；公开来源已检索，未改变已复核S/A集合。,Pass_C_public_source
2026W40-FIN-PUBLIC-005,2026-09-29,2026-09-29,China,Financing,Chip,迅杰光远,迅杰光远完成超亿元B轮融资,资金用于核心技术研发、高端产品推广及AI与光谱分析融合。,投资界,公开媒体/公司披露,https://www.pedaily.cn/weeklyinvest/20260927/,A_Active,,2,4,4,3.00,B,公开来源支持且与芯片、商业航天或AI算力供给链相关；按B级正文简讯纳入。,Brief,本轮资本进入相关硬件、空间基础设施或AI算力供给链。,用于比较本周资本流向、轮次和关键基础设施环节。,跟踪交割、资金用途、量产或在轨部署里程碑。,Stage 5合规修复补入；公开来源已检索，未改变已复核S/A集合。,Pass_C_public_source
2026W40-FIN-PUBLIC-006,2026-09-29,2026-09-29,US,Financing,Chip;AI,Efficient Computer,Efficient Computer新增融资超过9700万美元,低功耗处理器公司完成新增融资，估值约6.5亿美元。,Reuters / MarketScreener,公开媒体/公司披露,https://www.marketscreener.com/news/chip-startup-efficient-computer-raises-100-million-at-650-million-valuation-ce785addde8ef723,A_Active,,3,3,4,3.20,B,公开来源支持且与芯片、商业航天或AI算力供给链相关；按B级正文简讯纳入。,Brief,本轮资本进入相关硬件、空间基础设施或AI算力供给链。,用于比较本周资本流向、轮次和关键基础设施环节。,跟踪交割、资金用途、量产或在轨部署里程碑。,Stage 5合规修复补入；公开来源已检索，未改变已复核S/A集合。,Pass_C_public_source
2026W40-FIN-PUBLIC-008,2026-09-29,2026-09-29,China,Financing,Chip;AI,EVAS,EVAS披露2.95亿美元C轮融资,公司开发基于RISC-V的AI加速器与机架级AI SuperNode系统。,AGENCCY,公开媒体/公司披露,https://agenccy.ai/ai-funding/2026-09/29/,Watch,,3,3,4,3.20,B,公开来源支持且与芯片、商业航天或AI算力供给链相关；按B级正文简讯纳入。,Brief,本轮资本进入相关硬件、空间基础设施或AI算力供给链。,用于比较本周资本流向、轮次和关键基础设施环节。,跟踪交割、资金用途、量产或在轨部署里程碑。,Stage 5合规修复补入；公开来源已检索，未改变已复核S/A集合。,Pass_C_public_source
2026W40-WEB-004,2026-09-30,2026-09-30,China,Policy,AI,数智政集 | 2026年度国家绿色算力设施推荐启动 智算、通算、超算均可申报--数智经济--中国经济新闻网,数智政集 | 2026年度国家绿色算力设施推荐启动 智算、通算、超算均可申报--数智经济--中国经济新闻网,"近日,工信部等五部门联合印发通知,启动2026年度国家绿色算力设施推荐。推荐覆盖工业、信息通信、能源、互联网、金融、公共机构等领域,类型含智算、通算、超算。其要求申报须产权清晰、连续运行1年以上,规模原则上不低于3000标准机架,上架率不低于60%,并达绿色数据中心、能效等标准。省级部门及央企、金融机构、公共机构按渠道择优推荐,截止11月16日,名单动态调整。工业和信息化部等五部门关于组织开展2026年度国家绿色算力设施推荐工作的通知工信厅联节函〔2026〕433号各省、自治区、直辖市及计划单列市、新疆生产建设兵团工业和信息化主管部门、发展改革委、金融监管部门、机关事务管理部门、能源部门,各省、自治区、直辖市通信管理局,中国电信集团有限公司、中国移动通信集团有限公司、中国联合网络通信集团有限公司、中国广播电视网络集团有限公司:为贯彻落实中共中央办公厅、国务院办公厅《关于更高水平更高质量做好节能降碳工作的意见》,支持发展绿色低碳、集约循环的算力设施,加快数字基础设施节能降碳,现组织开展2026年度国家绿色算力设施推荐工作。有关事项通知如下:一、推荐要求在工业、信息通信、能源、互联网、金融、公共机构等领域,对照《国家绿色算力设施评价指标体系》(附件1),推荐一批能效、碳效水平高,且绿色低碳、布局合理、技术先进、管理完善的绿色算力设施,算力设施类型包括智算设施、通算设施、超算设施等。推荐的算力设施应具备以下条件:(一)算力设施所有者具有独立法人资格,算力设施产权清晰,具有明确、完整的物理边界,拥有独立的供配电和制冷系统,且截至申报日已全系统连续稳定运行1年以上。(二)符合国家新型基础设施绿色高质量发展有关规划和布局要求,审批手续完备,实现规模化、集约化、绿色化、智能化建设。2022年以后新建的大型、超大型算力设施,原则上应位于全国一体化算力网络枢纽以及国家明确的算电协同试点区域范",中国经济新闻网,Media,https://www.cet.com.cn/wzsy/szjj/10593393.shtml,Watch,,2,4,3,2.80,B,已进入执行/申报环节的算力、数据或模型政策，形成明确需求侧机制；复核为B级趋势简讯。,Brief,提供国内商业航天、频谱或算力基础设施政策执行样本。,用于跟踪地方政策兑现、资源配置与产业组织变化。,跟踪后续名单、资金、项目或实施细则。,Pass A discovery via D1-CN-01; full-text validation is required before S/A use.,Yes
2026W40-WEB-007,2026-09-30,2026-09-30,China,Policy,Space_Compute;Commercial_Space;Chip;AI,太空算力迈入体系化发展阶段 产业资源加速集聚 | 川观智库快讯|川观新闻,太空算力迈入体系化发展阶段 产业资源加速集聚 | 川观智库快讯|川观新闻,"川观智库研究员 张敏近日,中国信息通信研究院云计算与数字化研究所联合太空算力专业委员会发布《太空算力发展前瞻研究报告(2026年)》,系统梳理了全球太空算力技术演进趋势、应用场景与产业生态;深入分析了我国在轨计算、星间通信、星地协同等重点方向的基础条件、核心优势与关键瓶颈。“太空算力”体系已成为主要国家和地区布局的战略前沿领域。报告分析,从全球发展情况看,中国太空算力产业生态处于形成期,太空算力发展呈现“国家战略牵引、全栈技术自研与产学研用协同”的鲜明特征,政府主管部门积极引导前瞻技术研究和产业生态培育,产学研用各方持续推进核心技术攻关与应用场景探索,产业正全面迈向体系化、规模化与商业化发展的新阶段。产业资源加速集聚。传统航天企业依托技术积累率先开展适配性预研,星载智能计算、抗辐照芯片等科创企业涌现,推动产业链初步成型。太空算力产业链包括上游算力载荷制造与发射、中游在轨服务运营与地面保障、下游应用赋能。其中,产业链下游面向自然资源监测、应急抢险与公共安全、全域智能互联等场景,赋能企业、政府及大众用户三大应用主体,成为价值落地与商业化兑现的核心环节。报告建议,我国应进一步强化顶层规划与决策支撑,建立多部门联合的太空算力产业发展协同推进机制,明确总体目标、重点任务与实施路径等,为产业发展提供行动指引;聚焦关键瓶颈,实现核心技术全栈自主可控,依托航天领域的深厚积淀与技术先发优势,将工程经验转化为产业优势,加快培育太空算力创新生态;构建开放生态,创新产业模式与协同机制,重塑产业协作流程,探索建立适应航天、人工智能、算力等多领域融合的开放型产业组织模式;扩大国际合作,深度参与全球治理与国际规则制定,在筑牢国家安全底线的前提下,主动参与全球太空治理体系建设。【未经授权,严禁转载!联系电话028-86968276】",川观新闻,Media,https://cbgc.scol.com.cn/news/8013378,Watch,,3,3,3,3.00,B,中国政策/监管/公共服务信号；以B级简讯纳入，不作主线拐点判断。,Brief,提供国内商业航天、频谱或算力基础设施政策执行样本。,用于跟踪地方政策兑现、资源配置与产业组织变化。,跟踪后续名单、资金、项目或实施细则。,Pass A discovery via D1-CN-01; full-text validation is required before S/A use.,Yes
2026W40-WEB-010,2026-09-30,2026-09-30,China,Policy,AI,关于《红谷滩区算力券(词元券)实施方案》的解读 | 红谷滩区人民政府,关于《红谷滩区算力券(词元券)实施方案》的解读 | 红谷滩区人民政府,"近日,红谷滩区政数局、红谷滩区科工局、红谷滩区财政局联合印发《红谷滩区算力券(词元券)实施方案》(以下简称《方案》),将自2026年10月30日起正式施行。为做好组织实施和政策兑现工作,现将政策解读如下: 1.红谷滩区算力券(词元券)是什么? (1)算力券用于补贴企业租赁智算、超算等先进算资力资源产生的费用。 (2)词元券即Token券,用于补贴企业采购词元(Token)服务产生的费用。 2.具体支持标准是多少? 方案实行年度“总额管控、分类补贴、限额兑现、用完即止”机制,年度总预算不超过600万元,实行专款专用、动态调剂。 (1)额度划分。算力券年度补贴上限200万元,词元券年度补贴上限400万元。 (2)补贴比例。统一按企业合规实际支出的最高10%给予补贴,年度申报总额未超预算按最高比例兑现,超预算则统一下调比例。 (3)兑现门槛与上限。单企业年度兑现起付标准1万元,年度最高可兑现金额不超过50万元; (4)叠加政策。可与省、市级算力、词元补贴叠加享受,区级补贴不扣减、不抵消;区内同类政策按照“就高不重复”原则执行。 3.方案支持对象有哪些? 支持对象为在红谷滩区依法开展经营活动并合法存续的企业(服务需求方)。聚焦企业人工智能应用、数字化升级场景,通过补贴需求侧、拉动供给侧升级,实现辖区算力、词元服务供需精准匹配,助力企业降本增效。 4.申报企业需要满足哪些条件? (1)申报主体为在红谷滩区依法开展经营活动,并合法存续的企业; (2)申报主体应当向符合要求的服务商调用大模型或租用算力; (3)词元券申报主体应当调用已通过国家网信部门备案的通用大模型; (4)申报主体与大模型或算力服务提供方之间不得存在关联关系,即不得为同一实际控制人控制,或存在直接或间接的控制关系、重大影响关系; (5)申报主体近3年内(成立时间不足3年的,自注册时间起)未被依法依规纳入严重失信主体名",红谷滩区人民政府,Official,https://hgt.nc.gov.cn/hgtqrmzf/fgzcke/202609/c2cc5590e9ea404c9a2a53156d31639c.shtml,S_Core,,2,4,3,2.80,B,已进入执行/申报环节的算力、数据或模型政策，形成明确需求侧机制；复核为B级趋势简讯。,Brief,提供国内商业航天、频谱或算力基础设施政策执行样本。,用于跟踪地方政策兑现、资源配置与产业组织变化。,跟踪后续名单、资金、项目或实施细则。,Pass A discovery via D1-CN-01; full-text validation is required before S/A use.,Yes
2026W40-WEB-019,2026-09-30,2026-09-30,China,Policy,AI,"总规模5000万元、单主体最高补300万元,湖北算力券实施方案印发_大风号_凤凰网","总规模5000万元、单主体最高补300万元,湖北算力券实施方案印发_大风号_凤凰网","9月30日,省数据局、省财政厅印发《湖北省算力券实施方案》。方案实施周期为2026年至2028年,其中2026年统筹省数字经济发展专项资金5000万元,用于发放算力券。根据方案,依法注册的企业、事业单位可申领算力券,不含财政全额保障事业单位。申领主体需购买并使用经省数据局遴选入库机构提供的智能算力、超级算力服务,或基于算力的国产人工智能模型服务。存在以下情形的,不纳入算力券补贴范围:使用算力进行虚拟货币“挖矿”等非法业务;用算单位与为其提供服务的算力服务机构存在隶属、共建、产权纽带等关联关系;所购买算力服务非本单位自身使用,存在转让、赠送、买卖、出借等情形。补贴标准方面,企事业单位按实际发生费用的20%予以补贴,其中购买自主可控算力服务的,按实际发生费用的30%予以补贴,同一主体年度补贴总额最高不超过300万元。OPC(一人公司)按实际发生费用的30%予以补贴,同一主体年度补贴总额最高不超过10万元。单个主体年购买算力服务费用3万元(含)以上方可申领算力券补贴。申领时,需在湖北算力互联互通平台(https://hb-cpp.com)注册申请,上传合同、付款凭证、发票、使用记录、服务结果等,经市州初审、省级复审、公示后兑付。算力券兑付采取先到先得、领完即止的模式,每年申领截止时间为10月31日,补贴覆盖上一年度11月1日至当年10月31日。省数据局相关负责人介绍,与去年相比,补贴比例从10%提至20%,其中购买自主可控算力或服务的按30%补贴,单主体年度最高补贴额度从100万元提升至300万元;补贴范围从传统智算、超算拓展到基于算力的人工智能模型服务,覆盖大模型训练推理、行业智能应用、科学计算等主流场景。该负责人表示:“我们将规范市州初审、省级复审、公示兑付流程,对于有条件的实行‘即申即享’,提升政策落地效能。”",凤凰网,Media,https://feng.ifeng.com/c/8wqfGoEo9Nh,Watch,,2,4,3,2.80,B,已进入执行/申报环节的算力、数据或模型政策，形成明确需求侧机制；复核为B级趋势简讯。,Brief,提供国内商业航天、频谱或算力基础设施政策执行样本。,用于跟踪地方政策兑现、资源配置与产业组织变化。,跟踪后续名单、资金、项目或实施细则。,Pass A discovery via D1-CN-03; full-text validation is required before S/A use.,Yes
2026W40-WEB-024,2026-09-30,2026-09-30,China,Policy,AI,武汉市数据局关于印发武汉市算力券管理办法的通知 - 武汉市数据局,武汉市数据局关于印发武汉市算力券管理办法的通知 - 武汉市数据局,"各有关单位:经武汉市人民政府同意,现将《武汉市算力券管理办法》印发给你们,请做好政策宣传,认真遵照执行。武汉市数据局2026年9月28日武汉市算力券管理办法第一章 总则第一条 为落实《市人民政府关于印发推进科技创新和产业创新深度融合系列措施的通知》关于强化算力要素保障的要求,根据《武汉市数据局关于印发武汉市加快推进数智经济高质量发展若干政策措施的通知》,规范武汉算力券管理,推动算力产业高质量发展,结合我市实际情况,特制定本办法。第二条 本办法所称算力券,是通过财政资金后补助的方式,支持企业(含OPC)、科研机构、高校、医疗机构等算力需求方购买智算、超算、量子算力服务和词元(Token)服务的政府补贴凭证。第三条 算力券发放工作遵循公平公正、公开透明、按需使用、科学管理的原则,按年度实际投放金额核发,且应遵守相关的法律法规和财政规章制度。第二章 支持对象、范围和标准第四条 算力需求方包括企业(含OPC)、科研机构、高校、医疗机构。第五条 算力供给方是提供算力服务、词元(Token)服务的企业,包含算力中心及云服务商等。算力供给方应为具备专业技术服务能力和管理团队及算力服务所需各类资质的企业,并与第三方服务机构提供的算力平台进行(以下简称“算力平台”)对接注册、监测调度及技术适配。算力供给方认定采取自愿申请的原则,第三方服务机构对算力供给方申报材料进行初审,市数据局进行复核、公示,并对算力供给方实行动态管理。第六条 算力需求方与算力供给方均须近三年未在“信用中国”失信惩戒对象、严重违法失信名单和严重失信主体名单有效期内,且双方无影响公平公正市场交易的关联关系。第七条 根据算力使用情况每年设立总额不超过1亿元的算力券。对算力需求方购买服务累计金额在3万元(含)以上的,非自主可控算力服务、国产人工智能大模型词元(Token)服务,按服务实际发生金额(不含税费,下同)的20%补贴;自",武汉市人民政府门户网站,Official,https://whsj.wuhan.gov.cn/tzgg_93641/202609/t20260930_2856596.shtml,S_Core,,2,4,3,2.80,B,已进入执行/申报环节的算力、数据或模型政策，形成明确需求侧机制；复核为B级趋势简讯。,Brief,提供国内商业航天、频谱或算力基础设施政策执行样本。,用于跟踪地方政策兑现、资源配置与产业组织变化。,跟踪后续名单、资金、项目或实施细则。,Pass A discovery via D1-CN-03; full-text validation is required before S/A use.,Yes
2026W40-WEB-038,2026-09-30,2026-09-30,China,Policy,Commercial_Space,"修订版《湖北省无线电管理条例》将于12月1日施行,助力低空经济、北斗导航等新兴产业发展_腾讯新闻","修订版《湖北省无线电管理条例》将于12月1日施行,助力低空经济、北斗导航等新兴产业发展_腾讯新闻","极目新闻记者 张秀娟近日,湖北省第十四届人大常委会第二十六次会议通过新修订的《湖北省无线电管理条例》(以下简称《条例》),该《条例》将于2026年12月1日起正式施行。这是湖北省时隔19年对省级无线电管理条例的全面修订,全新的制度设计将适配数字经济、低空经济、智能网联等新兴产业发展需求,进一步规范无线电频谱资源管理、净化空中电波秩序,为全省经济社会高质量发展和公共安全保障提供坚实法治支撑。无线电频谱是国家基础性、稀缺性战略资源,是新一代信息技术、现代交通、航空航天、应急救援等领域运行的重要支撑,更是培育新质生产力的“隐形基础设施”。湖北省现行无线电管理条例自2007年实施以来,在规范电波秩序、保障用频安全方面发挥了重要作用。但随着信息技术飞速迭代,全省无线电台站数量持续增长、无线电应用场景不断拓展,低空经济、智能网联汽车、北斗导航等新兴产业蓬勃发展,原有条例部分条款已难以适配新形势下的管理和发展需求,亟须通过系统性修订补齐制度短板、破解发展堵点。本次修订后的《条例》共7章46条,立足湖北产业发展实际和无线电管理工作痛点,全方位优化完善管理体系、监管机制和服务举措,实现了管理范围、监管手段、服务场景的全面升级。《条例》明确,无线电频谱资源归国家所有,实行统一规划、合理开发、有偿使用,严格规范用频许可和台站管理,明确任何单位和个人使用无线电频率、设置使用无线电台(站),均需依法取得对应许可和执照,从源头规范频谱资源使用秩序。聚焦新兴产业发展需求,新版《条例》增设多项针对性扶持与保障条款,精准赋能新质生产力发展。《条例》明确支持无线电新技术、新产品、新业务研发应用,推动无线电技术与新一代移动通信、智能制造、智能网联汽车、航空物流、低空经济、北斗导航等产业深度融合。同时,要求省无线电管理机构开展公众移动通信系统无线电频率使用率评价,提升频谱资源利用效能,通过科学统筹频谱资源分配,优",腾讯网,Media,https://news.qq.com/rain/a/20260930A04QDR00,Watch,,3,3,3,3.00,B,中国政策/监管/公共服务信号；以B级简讯纳入，不作主线拐点判断。,Brief,提供国内商业航天、频谱或算力基础设施政策执行样本。,用于跟踪地方政策兑现、资源配置与产业组织变化。,跟踪后续名单、资金、项目或实施细则。,Pass A discovery via D1-CN-04; full-text validation is required before S/A use.,Yes
2026W40-WEB-044,2026-09-30,2026-09-30,China,Technology,Space_Compute;Commercial_Space;AI,星箭频发蓄力前行 商业航天构筑天地一体化产业新格局_人民邮电报,星箭频发蓄力前行 商业航天构筑天地一体化产业新格局_人民邮电报,"近期,国内商业航天领域捷报频传:朱雀三号遥二火箭完成国内首次入轨火箭一子级陆地回收;一周内,我国连续完成6次火箭发射任务且全部取得成功,共将30颗以上卫星送入预定轨道;9月23日,卫星互联网低轨26组卫星成功发射并顺利进入预定轨道。一系列重大进展推动我国卫星互联网产业全面提速,商业航天迎来新一轮发展浪潮。 火箭发射层面,短短数天,力箭一号、引力一号、快舟十一号、长征十二号、长征二号丁和朱雀二号改进型等六款火箭悉数出征,且发射任务均取得圆满成功。“国家队”与民营商业航天力量同向发力,海上商业化发射、低轨星座组网、前沿技术验证同步推进,展现出我国商业航天产业能力的跃升。 高密度发射的背后,是产业链供给能力与政策体系的双重托举。如今我国火箭制造供应链持续成熟,陆地、海上火箭回收复用技术接连取得关键突破,为高频次发射打下工程基础。随着火箭技术成熟度和交付频次的提升,综合发射成本随之下降。政策端也迎来密集利好:北京、深圳、江苏先后发布相关政策支持商业航天发展。其中,北京市发布“十五五”时期高精尖产业发展规划,提出加快发展商业航天产业,服务航天强国建设;江苏省工业和信息化厅启动商业航天典型应用案例征集工作,涵盖卫星遥感、卫星通信、卫星导航、太空算力等方向;深圳市将商业航天纳入2026年度深圳市重点产业研发计划,采取“揭榜挂帅”方式,单个项目最高资助3000万元。多地从资金扶持、产能建设到应用场景全面布局,为商业航天高速发展提供制度保障。 在新一轮科技革命和产业变革背景下,卫星通信作为天地一体化信息网络的核心组成部分,正向通信、遥感、太空算力等多能力融合的方向演进。力箭一号遥十八任务搭载的“超智算一号”卫星,以全国首个“首箭首星”一体化算力卫星项目为载体,推动算力基础设施从地面向浩瀚太空跨越,开启“算力上天”的全新探索。鹏城首发星围绕5G NTN星地通信、星载AI算力及高速激光通信开展",人民邮电报,Media,https://rmydb.cnii.com.cn/html/2026/20260930/20260930_004/20260930_004_01_6432.html,Watch,,3,3,3,3.00,B,中国技术/载体/应用进展；以B级简讯纳入。,Brief,反映国内星座、发射、遥感数据或算力配套的增量进展。,作为国内太空算力载体与应用生态的周度证据。,跟踪可量化工程指标、在轨验证和商业客户。,Pass A discovery via D1-CN-05; full-text validation is required before S/A use.,Yes
2026W40-WEB-051,2026-09-30,2026-09-30,China,Technology,Commercial_Space;AI,低轨星座密集发射叠加AI眼镜升级 商业航天与端侧智能双轮驱动- CFi.CN 中财网,低轨星座密集发射叠加AI眼镜升级 商业航天与端侧智能双轮驱动- CFi.CN 中财网,"低轨星座密集发射叠加AI眼镜升级 商业航天与端侧智能双轮驱动 时间:2026年09月30日 17:36:39 中财网 CFi.CN讯:数据显示,9月15日至17日三天内,我国连续实施三次低轨卫星互联网组网发射——朱雀二号改进型、引力一号(遥三)、长征十二号遥九火箭分别将10颗、9颗、25颗卫星送入轨道,标志商业航天正式迈入批量化发射阶段。最新财报显示,相关产业链上游配套企业订单可见性显著提升。 近期机构研报指出,朱雀二号改进型成为首款量产商用液体火箭,海上发射能力拓展进一步缓解运力瓶颈,低轨星座组网节奏有望提速。研报认为,A股商业航天板块已从概念驱动转向订单驱动,上游环节率先兑现盈利。 研报指出,Meta Connect 2026明确将AI智能体Muse深度集成至眼镜操作系统,并按有无摄像头细分产品线,无显示AI眼镜因隐私友好性打开新增量空间。研报认为,端侧AI设备正向“智能体+终端”融合演进,硬件迭代与AI原生应用形成共振,带动光学、连接器、算力模组等环节需求上行。 中财网",中财网股票频道,Media,https://stock.cfi.cn/p20260930000737.html,Watch,,3,3,3,3.00,B,中国技术/载体/应用进展；以B级简讯纳入。,Brief,反映国内星座、发射、遥感数据或算力配套的增量进展。,作为国内太空算力载体与应用生态的周度证据。,跟踪可量化工程指标、在轨验证和商业客户。,Pass A discovery via D1-CN-05; full-text validation is required before S/A use.,Yes
2026W40-WEB-091,2026-09-30,2026-09-30,China,Policy,Commercial_Space,蓝箭航天IPO状态变更为中止_腾讯新闻,蓝箭航天IPO状态变更为中止_腾讯新闻,"根据上交所最新披露的信息,2026年9月30日,蓝箭航天空间科技股份有限公司IPO的状态从已问询变更为中止。",腾讯网,Media,https://news.qq.com/rain/a/20260930A08X3400,Watch,,3,3,3,3.00,B,中国政策/监管/公共服务信号；以B级简讯纳入，不作主线拐点判断。,Brief,提供国内商业航天、频谱或算力基础设施政策执行样本。,用于跟踪地方政策兑现、资源配置与产业组织变化。,跟踪后续名单、资金、项目或实施细则。,Pass A discovery via D2-CN-03; full-text validation is required before S/A use.,Yes
2026W40-QCC-DOMESTIC-003,2026-09-30,2026-09-30,China,Financing,Commercial_Space,程星通信,程星通信C+轮融资记录,卫星通信系统整体解决方案服务商；企查查披露金额：未披露。,企查查（境内）,Database,N/A,Manual,,3,3,4,3.20,B,行业筛选后的融资条目；满足融资板块下限，以B级正文表项纳入。,Database_Only,资本继续流向芯片、商业航天或AI算力供给链。,用于比较赛道资本密度、轮次与投资人结构。,跟踪金额、投资方与产品交付验证。,QCC raw_id=fa4c9befa13da3fd08503c556fb0c9be；数据库记录是线索，不等于公司公开确认；金额和日期保留原始披露口径。,No
2026W40-QCC-DOMESTIC-009,2026-09-30,2026-09-30,China,Financing,Commercial_Space,雷科空天,雷科空天A轮融资记录,卫星通信设备研发生产商；企查查披露金额：未披露。,企查查（境内）,Database,https://mp.weixin.qq.com/s?__biz=MzkzNzk2MjM1Mg==&mid=2247484984&idx=1&sn=e130f2ce931efd4793ed64471f6e122f&poc_token=HMq4xGqjAR5Pf99VmbbWMOlLAsE4C0PcswJ1Dz35,Manual,,3,3,4,3.20,B,行业筛选后的融资条目；满足融资板块下限，以B级正文表项纳入。,Database_Only,资本继续流向芯片、商业航天或AI算力供给链。,用于比较赛道资本密度、轮次与投资人结构。,跟踪金额、投资方与产品交付验证。,QCC raw_id=4668141c9c9bd0b086458ce6b9ea2410；数据库记录是线索，不等于公司公开确认；金额和日期保留原始披露口径。,No
2026W40-QCC-DOMESTIC-016,2026-09-30,2026-09-30,China,Financing,Commercial_Space,星梭科技,星梭科技天使+轮融资记录,重型液体运载火箭研发商；企查查披露金额：未披露。,企查查（境内）,Database,N/A,Manual,,3,3,4,3.20,B,行业筛选后的融资条目；满足融资板块下限，以B级正文表项纳入。,Database_Only,资本继续流向芯片、商业航天或AI算力供给链。,用于比较赛道资本密度、轮次与投资人结构。,跟踪金额、投资方与产品交付验证。,QCC raw_id=7d8db0f974e238ac23f0aaac32cd0cd6；数据库记录是线索，不等于公司公开确认；金额和日期保留原始披露口径。,No
2026W40-QCC-OVERSEAS-009,2026-09-30,2026-09-30,Global,Financing,AI,General Intuition,General IntuitionA轮融资记录,人工智能研发商；企查查披露金额：2.2亿美元。,企查查（境外）,Database,https://mp.weixin.qq.com/s/46tjuWgCDTVykL0nJvT6dw,Manual,,2,4,4,3.00,B,2.2亿美元AI融资有公开来源支持；按B级AI资本简讯纳入。,Brief,资本继续流向芯片、商业航天或AI算力供给链。,用于比较赛道资本密度、轮次与投资人结构。,跟踪金额、投资方与产品交付验证。,QCC raw_id=607b0ce594cf6d4044e4422eb048173e；数据库记录是线索，不等于公司公开确认；金额和日期保留原始披露口径。,No
2026W40-QCC-OVERSEAS-010,2026-09-30,2026-09-30,Global,Financing,AI,Proximal,Proximal股权融资融资记录,人工智能基础设施平台提供商；企查查披露金额：1500万美元。,企查查（境外）,Database,https://www.finsmes.com/2026/09/proximal-raises-usd15m-in-funding-at-usd300m-valuation.html,Manual,,3,3,4,3.20,B,AI基础设施平台完成1500万美元融资；按B级简讯纳入。,Brief,资本继续流向芯片、商业航天或AI算力供给链。,用于比较赛道资本密度、轮次与投资人结构。,跟踪金额、投资方与产品交付验证。,QCC raw_id=255d14c981f32683553a4028c948b5e4；数据库记录是线索，不等于公司公开确认；金额和日期保留原始披露口径。,No
2026W40-MANUAL-USP-002,2026-09-30,2026-09-30,US,Policy,Commercial_Space;AI,FCC,FCC推进NEPA规则现代化以缩短通信与空间基础设施许可,FCC会议审议并推进NEPA规则改革，明确联邦重大行动范围并简化通信基础设施和部分卫星地面站环境审查。,Federal Communications Commission,官方/公司原文,https://docs.fcc.gov/public/attachments/FCC-26-55A1.pdf,S_Core,,3,4,4,3.50,B,中圈政策，影响卫星地面设施和网络建设许可节奏。,Brief,许可流程压缩有助于降低星地基础设施部署摩擦。,可作为美国空间基础设施监管效率变化的观察项。,跟踪最终规则、诉讼与许可周期变化。,Stage 3 Pass C verified; manual atom added for geographic/subsection completeness.,Pass_C_manual
2026W40-MANUAL-USP-006,2026-09-30,2026-09-30,US,Policy,Commercial_Space;AI,NASA,NASA为Moon Base新增三项月面科学载荷,NASA通过PRISM/CLPS选择三项新载荷，覆盖环境监测、地下结构探测和月面冰资源测量。,NASA,官方/公司原文,https://www.nasa.gov/news-release/nasa-adds-new-science-investigations-for-moon-base/,S_Core,,3,4,4,3.50,B,任务载荷选择形成月面数据采集和在地处理需求。,Brief,月面基地的长期数据与边缘处理场景继续具体化。,可跟踪载荷计算架构、CLPS承运与数据处理合同。,跟踪承运任务、上月时间和载荷接口。,Stage 3 Pass C verified; manual atom added for geographic/subsection completeness.,Pass_C_manual
2026W40-FIN-PUBLIC-009,2026-09-30,2026-09-30,Global,Financing,Commercial_Space;AI,Blackswan Space,Blackswan Space追加完成250万欧元融资,资金用于自主交会与近距离操作系统商业化及美国市场扩张。,Advanced Television,公开媒体/公司披露,https://www.advanced-television.com/2026/09/30/blackswan-space-raises-another-e2-5m/,A_Active,,3,3,4,3.20,B,公开来源支持且与芯片、商业航天或AI算力供给链相关；按B级正文简讯纳入。,Brief,本轮资本进入相关硬件、空间基础设施或AI算力供给链。,用于比较本周资本流向、轮次和关键基础设施环节。,跟踪交割、资金用途、量产或在轨部署里程碑。,Stage 5合规修复补入；公开来源已检索，未改变已复核S/A集合。,Pass_C_public_source
2026W40-FIN-PUBLIC-010,2026-09-30,2026-09-30,US,Financing,Commercial_Space,Astranis,Astranis获得4.68亿美元卫星产能贷款,美国进出口银行批准贷款，用于扩大MicroGEO卫星生产能力。,Axios,公开媒体/公司披露,https://www.axios.com/2026/09/30/exim-astranis-satellite-production-loan,A_Active,,3,4,4,3.50,B,公开来源支持且与芯片、商业航天或AI算力供给链相关；按B级正文简讯纳入。,Brief,本轮资本进入相关硬件、空间基础设施或AI算力供给链。,用于比较本周资本流向、轮次和关键基础设施环节。,跟踪交割、资金用途、量产或在轨部署里程碑。,Stage 5合规修复补入；公开来源已检索，未改变已复核S/A集合。,Pass_C_public_source
2026W40-WEB-013,2026-10-01,2026-10-01,China,Technology,Commercial_Space,什么时候能实现太空旅行?-新华网,什么时候能实现太空旅行?-新华网,"未来,坐火箭像坐飞机一样?什么时候能去太空旅行?新华访谈走进2026未来产业创新发展大会现场,听听与会嘉宾怎么说。",新华网,Media,https://www.news.cn/tech/20261001/c0b0840d40c6458aa219d6339657a75a/c.html,Watch,,3,3,3,3.00,B,中国技术/载体/应用进展；以B级简讯纳入。,Brief,反映国内星座、发射、遥感数据或算力配套的增量进展。,作为国内太空算力载体与应用生态的周度证据。,跟踪可量化工程指标、在轨验证和商业客户。,Pass A discovery via D1-CN-01; full-text validation is required before S/A use.,Yes
2026W40-WEB-029,2026-10-01,2026-10-01,China,Policy,AI,佛山发布2026年数据集和数据标注企业奖补项目申报指南-最新热点-佛山新闻网,佛山发布2026年数据集和数据标注企业奖补项目申报指南-最新热点-佛山新闻网,"您的浏览器不支持 video 标签。 佛山新闻网讯 佛山市新闻传媒中心记者李嘉雯 通讯员郑朋珠报道:近日,佛山市政务服务和数据管理局发布《佛山市2026年数据集和数据标注企业奖补项目申报指南》(以下简称《申报指南》),面向人工智能与智能机器人领域企业发放政策“红包”。符合条件的高质量数据集建设项目和数据标注企业在10月23日前均可申报,单个项目或企业最高可获30万元资金支持。 数据集支持方面,鼓励企业围绕人工智能、自动驾驶、低空经济、智能机器人等产业发展需求,建设支撑模型预训练、智能体开发和具身智能等技术落地的高质量数据集。每年遴选优质数据集,按不超过其实际费用的20%,单个数据集给予最高30万元的资金支持。 数据标注企业支持方面,鼓励企业加强跨模态语义对齐、4D标注、大模型标注、智能标注、数据合成等技术研发,研制先进自主可控的软硬一体标注设备,实现数据、模型、工具、系统和制造业场景融合。每年遴选优质数据标注企业,单个企业给予最高30万元资金支持。 《申报指南》设定清晰申报条件。申报企业须为在佛山市从事生产经营,具有独立承担民事责任能力的企业,且未被列入“信用中国”网站严重失信主体名单,在“信用中国”网站上无重大违法违规记录信息。 申报数据集应具备流通属性;数据重复率不高于5%,具备准确、全面的文本描述;应具有较高的应用价值,可供大模型开发、训练和微调,并支持业务应用场景落地;应符合国家数据安全与合规相关要求。此外,应开放测试数据不低于1000条或10GB,不得包含已开源的行业高质量数据集,并具有定期更新机制。 申报数据标注企业须具备运营管理机构及固定团队;具备数据标注产业基础,覆盖产业链关键环节,持续开展数据标注业务,拥有相应从业人员;投入项目建设标准的相应资金,具备市场对接与拓展能力;提供相对完善的配套服务,包括办公场地、网络通信、数据处理终端等配套设施,以及人才培养",佛山新闻网,Media,https://www.foshannews.net/h/175/20261001/8849638.html,Watch,,2,4,3,2.80,B,已进入执行/申报环节的算力、数据或模型政策，形成明确需求侧机制；复核为B级趋势简讯。,Brief,提供国内商业航天、频谱或算力基础设施政策执行样本。,用于跟踪地方政策兑现、资源配置与产业组织变化。,跟踪后续名单、资金、项目或实施细则。,Pass A discovery via D1-CN-03; full-text validation is required before S/A use.,Yes
2026W40-WEB-103,2026-10-01,2026-10-01,China,Technology,Commercial_Space,太空望吉林 “吉林一号”摄G331的十色大地画卷_央广网,太空望吉林 “吉林一号”摄G331的十色大地画卷_央广网,"2026年国庆盛典如约启幕,金风拂过长白,山河尽染秋光,举国共贺盛世华章。跟随“吉林一号”卫星镜头驰骋于吉林G331国道,四方山枫叶谷、集安河谷稻田、鸭绿江岸白桦林、浑江太极湾、神龟山景区、抚松县紫花槭、望天鹅风景区,一幅幅浓墨重彩的边境山河长卷缓缓铺陈。沿着国道穿行白山松水之间,邂逅吉林独有的秋日盛景。(来源:长春新区新闻中心) 编辑:张学龙 更多精彩资讯请在应用市场下载“央广网”客户端。欢迎提供新闻线索,24小时报料热线400-800-0088;消费者也可通过央广网“啄木鸟消费者投诉平台”线上投诉。版权声明:本文章版权归属央广网所有,未经授权不得转载。转载请联系:cnrbanquan@cnr.cn,不尊重原创的行为我们将追究责任。 长按二维码关注精彩内容",央广网吉林频道,Media,https://jl.cnr.cn/jzqy/20261001/t20261001_527830869.shtml,Watch,,3,3,3,3.00,B,中国技术/载体/应用进展；以B级简讯纳入。,Brief,反映国内星座、发射、遥感数据或算力配套的增量进展。,作为国内太空算力载体与应用生态的周度证据。,跟踪可量化工程指标、在轨验证和商业客户。,Pass A discovery via D2-CN-04; full-text validation is required before S/A use.,Yes
2026W40-QCC-OVERSEAS-004,2026-10-01,2026-10-01,Global,Financing,Commercial_Space,Varda Space Industries,Varda Space IndustriesD轮融资记录,太空制造服务商；企查查披露金额：2.51亿美元。,企查查（境外）,Database,https://mp.weixin.qq.com/s?__biz=Mzg3MTcwOTkyNg==&mid=2247530092&idx=6&sn=8ab2cce60fc03752b8a0f8a5cecd2547&poc_token=HMC-vWqjw6vXtrtHb0JzKKeVJDI2ERpOJWb769FY,Manual,,3,3,4,3.20,B,太空制造D轮融资有公开来源支持；按B级商业航天资本简讯纳入。,Brief,资本继续流向芯片、商业航天或AI算力供给链。,用于比较赛道资本密度、轮次与投资人结构。,跟踪金额、投资方与产品交付验证。,QCC raw_id=b99aad8da53443956e7ed141f59d19a4；数据库记录是线索，不等于公司公开确认；金额和日期保留原始披露口径。,No
2026W40-QCC-OVERSEAS-005,2026-10-01,2026-10-01,Global,Financing,AI,PaleBlueDot AI,PaleBlueDot AIC轮融资记录,智能基础设施平台运营商；企查查披露金额：2亿美元。,企查查（境外）,Database,https://www.unite.ai/palebluedot-ai-raises-200m-series-c-at-3-2b-valuation-to-expand-super-intelligence-compute/,Manual,,2,4,4,3.00,B,2亿美元AI基础设施融资有公开来源支持；按B级AI算力资本简讯纳入。,Brief,资本继续流向芯片、商业航天或AI算力供给链。,用于比较赛道资本密度、轮次与投资人结构。,跟踪金额、投资方与产品交付验证。,QCC raw_id=72a8bfcb8f142eade5c533d45e88e897；数据库记录是线索，不等于公司公开确认；金额和日期保留原始披露口径。,No
2026W40-MANUAL-USP-009,2026-10-01,2026-10-01,US,Policy,Commercial_Space,NASA,NASA授出14亿美元企业物流支持框架协议,NASA选择16家公司提供设备、运输、飞行硬件支持、维护和出口管制等企业物流服务。,NASA,官方/公司原文,https://www.nasa.gov/news-release/nasa-awards-enterprise-logistics-support-services-agreements/,S_Core,,3,4,4,3.50,B,中圈政府采购，影响飞行硬件与任务保障供应链。,Brief,NASA扩大并标准化任务物流支持采购。,可观察商业航天供应链服务的政府预算入口。,跟踪后续任务订单与飞行硬件子项。,Stage 3 Pass C verified; manual atom added for geographic/subsection completeness.,Pass_C_manual
2026W40-MANUAL-UST-005,2026-10-01,2026-10-01,US,Technology,Commercial_Space,NASA/SpaceX Crew-13,NASA SpaceX Crew-13发射并完成快速对接,Crew-13搭载四名宇航员发射并于同日对接国际空间站，NASA披露发射至对接用时7小时55分。,NASA,官方/公司原文,https://www.nasa.gov/news-release/nasas-spacex-crew-13-launches-to-international-space-station/,S_Core,https://www.nasa.gov/blogs/spacestation/2026/10/01/dragon-docks-bringing-spacex-crew-13-to-station/,3,4,4,3.50,B,商业载人航天关键任务节点，属于在轨平台载体里程碑。,Brief,低轨在轨平台的人员与科研运营继续常态化。,为未来商业空间站载荷和边缘计算部署提供运营参照。,跟踪任务科研载荷和返回节点。,Stage 3 Pass C verified; manual atom added for geographic/subsection completeness.,Pass_C_manual
2026W40-MANUAL-UST-006,2026-10-01,2026-10-01,US,Technology,Commercial_Space,NRO/SpaceX,Falcon Heavy完成首个NRO任务NROL-97,NROL-97成为首个由Falcon Heavy执行的NRO任务，也是NSSL Phase 3 Lane 2框架下首个NRO载荷。,Spaceflight Now,Core行业媒体,https://spaceflightnow.com/2026/10/01/falcon-heavy-to-fly-its-first-mission-for-u-s-spy-satellite-agency/,A_Active,,3,4,4,3.50,B,国家安全发射采购与重型运力节点。,Brief,Falcon Heavy进入NRO任务履约阶段。,说明重型商业发射服务进一步进入政府任务主序列。,跟踪后续Lane 2任务与侧助推器复用节奏。,Stage 3 Pass C verified; manual atom added for geographic/subsection completeness.,Pass_C_manual
2026W40-MANUAL-UST-007,2026-10-01,2026-10-01,US,Technology,Commercial_Space,SpaceX Transporter-18,Transporter-18执行130个载荷拼车任务,SpaceX执行Transporter-18小卫星拼车任务，任务包含130个载荷及多个轨道转移和再入飞行器。,SpaceX,官方/公司原文,https://www.spacex.com/launches/transporter18,S_Core,,3,4,4,3.50,B,拼车任务为星载AI和遥感载荷提供高频、低门槛上星通道。,Brief,小卫星载荷部署服务继续规模化。,也是Suncatcher等新型载荷验证的基础运力。,跟踪载荷成功部署及在轨开机率。,Stage 3 Pass C verified; manual atom added for geographic/subsection completeness.,Pass_C_manual
2026W40-FIN-PUBLIC-007,2026-10-01,2026-10-01,US,Financing,Chip;AI,Volantis Semiconductor,Volantis完成8800万美元A轮融资,公司开发以光子互连连接计算与大容量存储的AI推理系统。,DevCuration,公开媒体/公司披露,https://devcuration.com/articles/volantis-raises-88m-photonic-ai-inference,Watch,,3,3,4,3.20,B,公开来源支持且与芯片、商业航天或AI算力供给链相关；按B级正文简讯纳入。,Brief,本轮资本进入相关硬件、空间基础设施或AI算力供给链。,用于比较本周资本流向、轮次和关键基础设施环节。,跟踪交割、资金用途、量产或在轨部署里程碑。,Stage 5合规修复补入；公开来源已检索，未改变已复核S/A集合。,Pass_C_public_source
2026W40-FIN-PUBLIC-011,2026-10-01,2026-10-01,Global,Financing,Commercial_Space,Foundational,Foundational披露960万欧元融资,伦敦空间基础设施公司以公开融资进入商业化阶段。,Tech Startups,公开媒体/公司披露,https://techstartups.com/2026/10/01/startup-funding-news-today-october-1-2026-armadin-foundational-frank-1club-osavul-more/,Watch,,3,3,4,3.20,B,公开来源支持且与芯片、商业航天或AI算力供给链相关；按B级正文简讯纳入。,Brief,本轮资本进入相关硬件、空间基础设施或AI算力供给链。,用于比较本周资本流向、轮次和关键基础设施环节。,跟踪交割、资金用途、量产或在轨部署里程碑。,Stage 5合规修复补入；公开来源已检索，未改变已复核S/A集合。,Pass_C_public_source
2026W40-WEB-060,2026-10-03,2026-10-03,China,Technology,Space_Compute;Commercial_Space;Chip;AI,"国产星载智能计算平台完成在轨升级,遥感卫星进入“边拍边分析”时代_模型_处理_地面","国产星载智能计算平台完成在轨升级,遥感卫星进入“边拍边分析”时代_模型_处理_地面","近日,我国低轨遥感卫星搭载的新一代星载智能计算平台完成在轨软件升级,卫星首次实现“成像—识别—压缩—回传”全流程星上自主处理。过去遥感数据主要依赖地面解析,从拍摄到形成有效情报往往需要数小时至数天;升级后,卫星可在过境期间自动识别地表目标、提取变化区域,并只回传关键数据,信息响应速度提升至分钟级,特别适合洪涝、山火、地震等应急场景。 本次升级的核心是国产星载AI推理芯片与轻量化遥感大模型协同工作。科研团队针对太空环境对模型进行了剪枝、量化和容错优化,使大模型能够在有限算力和功耗下稳定运行。在轨测试显示,平台对水体变化、建筑施工、滑坡痕迹、火情热点等目标的识别精度达到地面同级别模型水平,数据回传量减少90%以上。项目负责人表示,未来遥感卫星将从“数据采集器”升级为“空间智能分析节点”。 行业专家指出,星上智能是下一代遥感体系的关键能力。随着低轨卫星星座加速建设,原始数据量将呈指数级增长,单纯依靠地面处理难以满足时效性需求。国产星载计算平台的成熟,将推动应急监测、自然资源巡检、农业估产、海洋监测等业务进入实时化阶段。后续团队将开展多星协同在轨处理验证,构建天地一体化智能观测网络。返回搜狐,查看更多",搜狐,Media,https://www.sohu.com/a/1083480444_122955102?scm=10001.8085_13-8085_13.0.0-0-0-0-0.0,Watch,,3,3,3,3.00,B,中国技术/载体/应用进展；以B级简讯纳入。,Brief,反映国内星座、发射、遥感数据或算力配套的增量进展。,作为国内太空算力载体与应用生态的周度证据。,跟踪可量化工程指标、在轨验证和商业客户。,Pass A discovery via D1-CN-06; full-text validation is required before S/A use.,Yes
2026W40-WEB-053,2026-10-04,2026-10-04,China,Technology,Commercial_Space,前三季度我国实施火箭发射70次!创历史新高 _ 东方财富网,前三季度我国实施火箭发射70次!创历史新高 _ 东方财富网,"从一箭九星到火箭回收,从海南发射场到江苏产业圈,中国商业航天正从“单次突破”跑向“批量交付”。9月十连发,全部成功 以上全部发射成功! 数据显示,今年前三季度,我国累计实施火箭发射任务70次,比去年同期的59次增加11次,同比增长约19%,创历史同期新高。 业内专家表示,此轮密集发射的显著特征,是从单星、单次任务,转向星座化、批量化、多样化的空间部署。总装15天、每月都发射:商业航天提速 国际宇航联合会空间运输委员会主席杨宇光评价道,“这代表无论是国家队还是民营企业,技术成熟度都达到了较高层次”。 智神星一号填补了国内民营火箭在5至15吨级运力区间的市场空白,进一步拓展商业火箭型谱; 朱雀二号改进型、引力一号成为民营火箭中的先头兵,率先承担低轨卫星互联网星座组网任务。 力箭一号遥十八火箭“一箭九星”发射成功,助力我国商业航天火箭加速迈入高频次、低成本、常态化的“航班化运营”新阶段。目前已基本实现每月都有发射任务。 成绩的背后,是全产业链的迭代升级。 一枚火箭总装周期,从3个月缩短至约15天。中科宇航副总设计师项泽斌介绍,企业引入脉动式生产模式,将一发火箭总装分成六到七个工位,在不同工位固定点进行不同总装工作。 火箭回收技术也在加快突破。7月,长征十号乙实现全球首次海上网系回收;8月,朱雀三号遥二完成我国首次入轨级火箭一子级陆地回收。蓝箭航天供应链管理部总经理王昕岩说:“通过多次重复使用,可以大幅降低综合发射成本。我相信5到10年内,可以追平国际单公斤发射成本水平。”海南:一座发射场,长出一片“产业雨林” 一座发射场,能长出什么? 海南给出的答案是:一片“产业雨林”。 海南商业航天发射场9月成功执行两次发射任务,建成近两年来已实施发射23次、全部成功。 本周,海南商发二期项目也已启动合练,年内将形成发射能力。二期采用水平组装、水平测试、水平转运的“三平”测发模式,实现了转场",东方财富网财经频道,Media,https://finance.eastmoney.com/a/202610043888528519.html,Watch,,3,3,3,3.00,B,中国技术/载体/应用进展；以B级简讯纳入。,Brief,反映国内星座、发射、遥感数据或算力配套的增量进展。,作为国内太空算力载体与应用生态的周度证据。,跟踪可量化工程指标、在轨验证和商业客户。,Pass A discovery via D1-CN-05; full-text validation is required before S/A use.,Yes
2026W40-WEB-031,2026-09-28,2026-09-28,China,Policy,AI,2026年10月11日 政府采购云平台系统升级通知-采采学伴,2026年10月11日 政府采购云平台系统升级通知-采采学伴,"各采购主体:为提升系统性能、优化用户体验,计划对政府采购云平台进行升级维护。具体安排如下。一、计划升级时间开始时间:2026年10月11日(周日)09:00结束时间:2026年10月11日(周日)18:00二、影响范围升级期间,政府采购云平台平台基础组件、采购人库、供应商库、代理机构库、专家库、框架协议、行政裁决、采购监管、数据监管、政府采购网、智能应用系统将暂停服务,无法正常访问和使用。相关依赖系统(电子交易系统、平台基础组件、采购人库、供应商库、代理机构库、专家库、框架协议、行政裁决、采购监管、数据监管、政府采购网、智能应用系统)可能受影响。三、升级内容1、智能应用:(1)评标产品能力优化;(2)改造AI评审服务的材料定位机制,利用业务关联的逻辑进行优化;(3)改造AI评审服务的并发处理机制,支持多区划评审任务并行处理;(4)其他已知问题修复。2、平台基础组件:(1)政府采购云平台账号绑定微信公众号优化;(2)其他已知问题修复。3、专家库:(1)专家敏感信息加密脱敏处理;(2)其他已知问题优化。4、基础库:(1)供应商注册日期显示优化;(2)代理机构库管理代理机构查询版本信息优化;(3)其他已知问题修复。5、行政裁决:(1)行政处罚决定书-已发布页签搜索功能优化;(2)行政处罚结果公告录入页面增加统一社会信用代码校验规则。(3)其他已知问题修复。6、采购监管:(1)合同备案供应商统一社会信用代码增加身份证校验;(2)其他已知问题修复;7、数据监管:(1)政府采购合同调整部分预警点的判断逻辑;(2)供应商主题画像微调;8、政府采购网:(1)基础组件功能优化。9、学习中心:(1)新版学习中心升级改造;(2)线上课程功能改造;(3)线上培训功能改造;(4)采购主体学时功能升级改造。10、框架协议:(1)车辆保险项目供应商报价页面优化;(2)框架协议中,厂商委托供应商页面优化;",neimenggu.caigou2003.com,Media,https://neimenggu.caigou2003.com/web/news/20260929/1157328451594616833.html,Watch,,1,2,2,1.50,C,未进入本周主文清单；保留在数据库供追溯。,Exclude,,,,Pass A discovery via D1-CN-03; full-text validation is required before S/A use.,Yes
2026W40-WEB-033,2026-09-28,2026-09-28,China,Policy,AI,算电协同政策落地 微电网与液冷设备迎确定性催化- CFi.CN 中财网,算电协同政策落地 微电网与液冷设备迎确定性催化- CFi.CN 中财网,"算电协同政策落地 微电网与液冷设备迎确定性催化 时间:2026年09月28日 17:26:37 中财网 CFi.CN讯:五部门联合发布2026年度国家绿色算力设施推荐通知,明确要求算力设施必须位于全国一体化算力网络枢纽及算电协同试点区域,并将可再生能源电量占比、碳利用效率(CUE)、机柜利用率设为硬性考核指标。数据显示,新政直接倒逼数据中心提升绿电采购比例,缓解弃风弃光,强化绿电溢价基础。 近期机构研报指出,“算电协同”不是概念炒作,而是刚性政策驱动下的真实产业链升级。研报认为,智算中心连续高功率运行特性与新能源出力波动形成天然错配,必然加速源网荷储一体化和独立微电网部署,相关控制系统与配电侧储能需求将快速放量。 研报指出,单机柜功率密度持续攀升,推动HVDC供配电和冷板式/浸没式液冷成为新建智算中心标配,变配电与温控龙头订单可见度显著提升。研报强调,西部“东数西算”节点配套送端配电网升级,也将带动特高压与智能配电投资回暖。 中财网",中国财经信息网,Media,https://industry.cfi.cn/p20260928000747.html,Watch,,1,2,2,1.50,C,未进入本周主文清单；保留在数据库供追溯。,Exclude,,,,Pass A discovery via D1-CN-03; full-text validation is required before S/A use.,Yes
2026W40-WEB-039,2026-09-28,2026-09-28,China,Policy,Commercial_Space;Chip;AI,新一代通信网适度超前建设 北交所光通信与卫星互联网迎政策催化- CFi.CN 中财网,新一代通信网适度超前建设 北交所光通信与卫星互联网迎政策催化- CFi.CN 中财网,"新一代通信网适度超前建设 北交所光通信与卫星互联网迎政策催化 时间:2026年09月28日 20:18:27 中财网 CFi.CN讯:数据显示,工信部明确新一代通信网建设将‘适度超前’,涵盖双万兆宽带升级、低轨卫星互联网加速组网、智能算力规模目标达9800EFLOPS等关键方向。截至2026年6月末,全国5G基站超510万个,三大运营商2026年继续加码算力投资;卫星互联网产业规模预计2026年达471亿元,进入‘高频组网元年’。 近期机构研报指出,北交所已有17家标的深度绑定新一代通信网产业链,集中在光通信(如蘅东光、凯德石英)、卫星互联网(如星图测控、民士达)及5G/6G通信(如创远信科、富士达)三大主线。其中创远信科单周大涨34.78%,反映市场对通信设备弹性标的的高度认可。 研报认为,政策定调‘适度超前’意味着基建节奏可能快于传统周期,光模块升级、星载部件、射频器件等细分环节将率先受益。叠加并行科技单月签署超18亿元算力采购及租赁合同,验证下游需求真实放量。北交所信息技术板块市盈率升至42.4X,显示资金正向高景气科技成长方向集中。 中财网",中财网股票频道,Media,https://stock.cfi.cn/p20260928002318.html,Watch,,1,2,2,1.50,C,未进入本周主文清单；保留在数据库供追溯。,Exclude,,,,Pass A discovery via D1-CN-04; full-text validation is required before S/A use.,Yes
2026W40-WEB-040,2026-09-28,2026-09-28,China,Policy,Commercial_Space,"卫星互联网产业全面提速,低轨组网节奏加快,卫星ETF易方达(563530)迎密集催化_大风号_凤凰网","卫星互联网产业全面提速,低轨组网节奏加快,卫星ETF易方达(563530)迎密集催化_大风号_凤凰网","9月28日,截至13:51,卫星产业指数下跌4.49%。卫星ETF易方达前一交易日净流入300.0万份。消息面上,9月28日,人民日报发文称,我国卫星互联网产业发展已全面提速,“十五五”规划中将卫星互联网列为新一代通信网的重要组成部分,将助力实现空天地一体化网络全域覆盖;同日,力箭一号实现标准化生产,总装周期缩短至15天,高密度发射能力逐步成型,两家企业分别获得卫星通信相关专利,分别提升了卫星通信切换精准性与低轨卫星通信上行接收性能;山东省明确支持青岛打造卫星应用特色产业集群,提出以海洋场景牵引卫星应用产业发展,构建差异化产业生态。9月26日,2026空天信息和卫星互联网创新发展大会在雄安新区举办,现场发布多项产业创新成果,完成产学研合作、标准化建设及产业链项目落地签约,进一步完善商业航天产业链。9月24日,第四届佳木斯卫星产业发展大会闭幕,集中发布15项覆盖卫星设备制造、遥感场景应用、北斗规模化应用等领域的技术成果;9月23日晚间,我国在海南商业航天发射场成功将卫星互联网低轨26组卫星送入预定轨道,加上9月17日发射的低轨25组卫星,一周内两批GW星座卫星成功发射,低轨卫星互联网组网节奏明显加快。9月中旬,国内商业航天迎来新一轮高密度发射窗口,9月14日至20日一周内,六发火箭先后在四大发射场升空。业内分析指出,9月密集的发射安排反映出两个趋势:一是千帆星座组网进入加速期,朱雀2E、长征八号甲、引力一号等多型火箭将共同承担组网发射任务;二是可回收技术验证持续推进。卫星ETF易方达(563530)紧密跟踪卫星产业(931594.CSI),中证卫星产业指数选取50只业务涉及卫星制造、卫星发射、卫星通信、卫星导航、卫星遥感等领域的上市公司证券作为指数样本,反映卫星产业上市公司证券的整体表现。风险提示:基金有风险,投资须谨慎。ETF为场内交易型指数基金,二级市场价格存在折溢价与流",凤凰网,Media,https://feng.ifeng.com/c/8wmu8zsVqY6,Watch,,1,2,2,1.50,C,未进入本周主文清单；保留在数据库供追溯。,Exclude,,,,Pass A discovery via D1-CN-04; full-text validation is required before S/A use.,Yes
2026W40-WEB-046,2026-09-28,2026-09-28,China,Policy,Commercial_Space,"中科宇航将力箭一号总装周期压缩至15天,商业火箭竞争转向交付效率 - 今日头条","中科宇航将力箭一号总装周期压缩至15天,商业火箭竞争转向交付效率 - 今日头条","9月27日,中科宇航力箭一号运载火箭单箭总装周期已由首飞阶段约3个月缩短至约15天。位于广州南沙的产业化基地年产能达到30发,基本实现每月均有发射任务。随着生产方式由“按任务生产”转向“提前备产”,公司称接单至发射的响应周期已压缩至半年内。总装周期缩短,意味着商业火箭的竞争正从“能否发射”进一步转向能否稳定、快速地交付。对于面向卫星星座组网的发射需求而言,火箭制造、测试和发射场保障的衔接效率,直接影响客户的入轨节奏。中科宇航此前披露,力箭一号发射排期已规划至2027年下半年。订单储备与制造能力开始同时成为其兑现商业化能力的关键环节。力箭一号是一型四级固体运载火箭,具备500公里太阳同步轨道约1.5吨、近地轨道约2吨的运载能力,主要服务于低轨遥感、通信等卫星组网需求。自2022年7月首飞以来,截至今年9月20日,力箭一号已完成16次飞行;力箭系列运载火箭累计将1艘飞船、121颗卫星送入太空,入轨载荷总质量超过21吨。产线提效之外,发射场端的周期也在压缩。中科宇航此前表示,依托专属发射工位及配套技术厂房,力箭一号测发周期已压缩至10天以内。制造端提前备产、发射端缩短测发周期,意味着火箭交付正逐步由单个项目驱动,转向更接近连续生产与常态化发射的模式。不过,设计产能不等同于实际发射数量。南沙基地年产30发,反映的是固体火箭制造能力;而中科宇航今年对力箭一号的发射计划为不少于8次。两者仍受订单排期、卫星交付、发射场资源及任务窗口等因素共同约束。此次披露的15天为单箭“总装周期”口径,也仍需与总装测试等完整流程进一步区分。在“星多箭少”的供需背景下,商业航天的竞争焦点正在从单次入轨能力,延伸至运力供给的持续性和经济性。中科宇航将力箭一号总装压缩至15天,尚不足以单独证明高频发射能力已完全形成。但与订单排期延长、测发周期缩短同步出现,已为其从“按任务生产”迈向“提前备产”提供了一个更具制",今日头条,Media,https://www.toutiao.com/article/7690486561439302194/,Watch,,1,2,2,1.50,C,未进入本周主文清单；保留在数据库供追溯。,Exclude,,,,Pass A discovery via D1-CN-05; full-text validation is required before S/A use.,Yes
2026W40-WEB-061,2026-09-28,2026-09-28,China,Technology,Commercial_Space;Chip;AI,谷歌下周将发射AI卫星测试太空计算能力_腾讯新闻,谷歌下周将发射AI卫星测试太空计算能力_腾讯新闻,"据《纽约时报》此前报道,谷歌正准备发射一颗搭载AI处理器的卫星,测试其在太空中的表现。此举是谷歌""捕日者计划""(Project Suncatcher)的一部分,这是该公司的一项实验性计划,未来或将把AI数据中心送入太空轨道。这颗卫星搭载了谷歌的张量处理单元(TPU),将于10月1日搭乘SpaceX的猎鹰9号火箭发射升空,进入近地轨道以利用太阳能。据谷歌介绍,此次任务的目标是测量其TPU""应对太空飞行的物理压力,以及太空中极端辐射和温度环境""的表现。这只是谷歌实现在太空部署配备芯片卫星群这一目标的第一步——埃隆·马斯克、杰夫·贝索斯以及谷歌前CEO埃里克·施密特此前也曾提出类似构想,将其作为地球数据中心的替代方案。谷歌计划明年将两颗卫星送入轨道。在测试过程中,谷歌发现其TPU在实验中能够承受较高强度的重力和辐射,但公司也指出""有些情况只能在太空中进行测试""。谷歌还计划在芯片进入轨道后,尝试一套包含热管和散热器的冷却系统。""捕日者计划""产品管理高级总监特拉维斯·比尔斯向《纽约时报》透露,这些芯片每次运行大约15分钟后就需要关闭以进行散热。""探索太空作为可扩展AI计算的可行场所不会一蹴而就,""比尔斯在公司公告中写道,""这需要有条不紊的工程实践,首先要证明我们的硬件能够应对太空运行中的物理和不可预测的现实挑战。这次首发任务的重点在于验证哪些方案可行,找出可能出现故障的环节,并将这些发现应用于未来的任务中。""Q&AQ1:谷歌为什么要把AI芯片送上太空?A:谷歌希望测试其张量处理单元(TPU)在太空环境下的表现,探索太空作为可扩展AI计算场所的可行性,这是""捕日者计划""的第一步,未来可能将AI数据中心部署到太空轨道中。Q2:谷歌的AI卫星什么时候发射?A:这颗搭载谷歌TPU的卫星将于10月1日搭乘SpaceX的猎鹰9号火箭发射升空,进入近地轨道。Q3:太空中的AI芯片会遇到什么问题?A",腾讯网,Media,https://news.qq.com/rain/a/20260928A06P4500,Watch,,1,2,2,1.50,C,未进入本周主文清单；保留在数据库供追溯。,Exclude,,,,Pass A discovery via D1-CN-06; full-text validation is required before S/A use.,Yes
2026W40-WEB-062,2026-09-28,2026-09-28,China,Technology,Commercial_Space,"SpaceX(SPCX.O):“星舰”第14次飞行计划于9月28日周一发射,75分钟的发射窗口将于北京时间9月28日20时15分开启_外汇动态报道","SpaceX(SPCX.O):“星舰”第14次飞行计划于9月28日周一发射,75分钟的发射窗口将于北京时间9月28日20时15分开启_外汇动态报道","汇通财经APP讯——SpaceX(SPCX.O):“星舰”第14次飞行计划于9月28日周一发射,75分钟的发射窗口将于北京时间9月28日20时15分开启",汇通财经,Media,https://www.fx678.com/C/20260928/202609280742272463.html,Watch,,1,2,2,1.50,C,未进入本周主文清单；保留在数据库供追溯。,Exclude,,,,Pass A discovery via D1-CN-06; full-text validation is required before S/A use.,Yes
2026W40-WEB-063,2026-09-28,2026-09-28,China,Technology,Commercial_Space;Chip;AI,谷歌AI卫星将登上太空 验证在轨算力可靠性与成本_凤凰网,谷歌AI卫星将登上太空 验证在轨算力可靠性与成本_凤凰网,"谷歌于当地时间9月24日,公布了太空数据中心计划“太阳捕手(Project Suncatcher)”的新进展:10月1日,一颗搭载AI芯片的原型卫星,将搭乘SpaceX猎鹰9号火箭的Transporter-18拼车任务升空。卫星平台由卫星影像公司Planet提供,谷歌把四颗自研TPU直接装进了一台已经造好的平台,而没有等待原定2027年定制的两颗,从而把首次硬件测试提前了几个月。这颗被命名为MVP的卫星约有一台冰箱大小,四颗芯片的算力大致相当于数据中心里的一台服务器,太阳能板只能提供约1千瓦电力,约等于一台吹风机的功率,在轨处理的是Gemini模型的短查询。这颗卫星按设计将在轨工作约一年,之后最长还能停留约六年。项目负责人特拉维斯·比尔斯则把它比作早期的自动驾驶与量子计算研究。按官方给出的时间表,这次测试之后,谷歌计划在2027年再发射两颗卫星,验证卫星之间的高带宽激光互联。芯片要上天,第一关是发射本身。据谷歌方面介绍,进入低地球轨道大约需要10分钟,这段时间里航天器承受的持续加速度最高可达地球重力的10倍,而TPU这类单个组件承受的力甚至可能达到50至100倍重力加速度。团队在地面验证中对卫星做了三个轴向的剧烈振动测试,用来复现火箭发射时的振动频率。第二关是辐射。大气层之外,太阳活动与宇宙射线可能导致比特翻转,让计算出错。谷歌团队把正在运行AI任务的TPU送进加州大学戴维斯分校克罗克核实验室的质子束装置,用67兆电子伏特的质子束持续轰击,模拟长期在轨会累积到的剂量。初步结果显示,第六代TPU Trillium的耐受能力好于预期,可承受高于五年太空任务累计总量的电离剂量,多数位翻转能通过重启恢复。但谷歌同时承认,最终验证只能在太空里完成。第三关是温度。太空是真空环境,唯一的散热出口是把热辐射到宇宙里去。谷歌的方案是传统导热界面材料搭配热管,再连接至辐射散热器,整套系统已经在",凤凰网,Media,https://i.ifeng.com/c/8wmeDH5zbt6,Watch,,1,2,2,1.50,C,未进入本周主文清单；保留在数据库供追溯。,Exclude,,,,Pass A discovery via D1-CN-06; full-text validation is required before S/A use.,Yes
2026W40-WEB-064,2026-09-28,2026-09-28,China,Technology,Commercial_Space;Chip;AI,"瑞启深空:当卫星学会 ""群体思考"",426 颗卫星如何在激光链路里自己开作战会议_中华网","瑞启深空:当卫星学会 ""群体思考"",426 颗卫星如何在激光链路里自己开作战会议_中华网","这两年“AI+航天”喊得震天响。但拆开看,大部分公司干的事不过是:给卫星装个能跑轻量模型的芯片,然后继续按老逻辑卖图。真正的智能,不是“星上能跑个模型”。而是卫星之间能协同、能分工、能自己得出结论——把地面指挥大厅的工作,搬到轨道上去。2026年,圈里悄悄冒出一匹黑马。它不卷火箭,不卷0.3米,也不满足于“软件定义卫星”。它要把遥感从“提供图像”,重写成“给出判断”。这家公司,叫瑞启深空。凌晨3点,426颗卫星在轨道上自己开了个会地面指挥大厅一片安静。没有人在下指令,没有人喊“把相机转过去”。但天上发生了一件事:一颗遥感卫星扫到某片海岸线出现异常舰船信号;它没把4GB原始影像传回地面,而是先在星上做完识别、去云、降维;再通过激光链路,把“可疑目标摘要”发给同轨两颗星、异轨一颗星;几颗星自己完成了重访编排、视角互补、可信度投票;87 秒后地面收到的不是一张图,而是一句话:目标可信度92.4%建议触发应急研判,附3个待核实坐标。这不是科幻。这是瑞启深空想干的那种卫星:不是会拍照,是会思考!行业还在讲“软件定义卫星”——载荷可重构、任务可上注,但聪明劲儿仍主要在地面机房。瑞启深空押的是下一代范式:AI 定义星座。单星有边缘智能,星间有激光协同,星座像一台分布在太空里的计算机。1、 行业还在“软件定义”,它已经走到“AI 定义星座”商业航天有个隐藏分期:· 2020 前:卫星是铁疙瘩。拍到啥传啥,地面慢慢看。· 2020–2025:软件定义卫星。任务可上注、载荷可重构,但“聪明”还在地面机房里。· 2025 后:AI 定义星座。星上能推理,星间能协同,星座像一台分布在太空里的分布式计算机。有个数字很说明问题:人工智能推理加速器在边缘星载计算里的渗透率,从2024年的19%跳到34%。也就是说,行业刚吵完“星上能不能跑模型”,前沿玩家已经开始问下一个问题:一颗星会算,不算什么。一整",m.tech.china.com,Media,https://m.tech.china.com/hea/articles/20260928/202609281962595.html,Watch,,1,2,2,1.50,C,未进入本周主文清单；保留在数据库供追溯。,Exclude,,,,Pass A discovery via D1-CN-06; full-text validation is required before S/A use.,Yes
2026W40-WEB-065,2026-09-28,2026-09-28,China,Technology,Commercial_Space;Chip;AI,"瑞启深空:当卫星学会 ""群体思考"",426 颗卫星如何在激光链路里自己开作战会议_中华网","瑞启深空:当卫星学会 ""群体思考"",426 颗卫星如何在激光链路里自己开作战会议_中华网","这两年“AI+航天”喊得震天响。但拆开看,大部分公司干的事不过是:给卫星装个能跑轻量模型的芯片,然后继续按老逻辑卖图。真正的智能,不是“星上能跑个模型”。而是卫星之间能协同、能分工、能自己得出结论——把地面指挥大厅的工作,搬到轨道上去。2026年,圈里悄悄冒出一匹黑马。它不卷火箭,不卷0.3米,也不满足于“软件定义卫星”。它要把遥感从“提供图像”,重写成“给出判断”。这家公司,叫瑞启深空。凌晨3点,426颗卫星在轨道上自己开了个会地面指挥大厅一片安静。没有人在下指令,没有人喊“把相机转过去”。但天上发生了一件事:一颗遥感卫星扫到某片海岸线出现异常舰船信号;它没把4GB原始影像传回地面,而是先在星上做完识别、去云、降维;再通过激光链路,把“可疑目标摘要”发给同轨两颗星、异轨一颗星;几颗星自己完成了重访编排、视角互补、可信度投票;87 秒后地面收到的不是一张图,而是一句话:目标可信度92.4%建议触发应急研判,附3个待核实坐标。这不是科幻。这是瑞启深空想干的那种卫星:不是会拍照,是会思考!行业还在讲“软件定义卫星”——载荷可重构、任务可上注,但聪明劲儿仍主要在地面机房。瑞启深空押的是下一代范式:AI 定义星座。单星有边缘智能,星间有激光协同,星座像一台分布在太空里的计算机。1、 行业还在“软件定义”,它已经走到“AI 定义星座”商业航天有个隐藏分期:· 2020 前:卫星是铁疙瘩。拍到啥传啥,地面慢慢看。· 2020–2025:软件定义卫星。任务可上注、载荷可重构,但“聪明”还在地面机房里。· 2025 后:AI 定义星座。星上能推理,星间能协同,星座像一台分布在太空里的分布式计算机。有个数字很说明问题:人工智能推理加速器在边缘星载计算里的渗透率,从2024年的19%跳到34%。也就是说,行业刚吵完“星上能不能跑模型”,前沿玩家已经开始问下一个问题:一颗星会算,不算什么。一整",hea.china.com,Media,https://hea.china.com/articles/20260928/202609281962595.html,Watch,,1,2,2,1.50,C,未进入本周主文清单；保留在数据库供追溯。,Exclude,,,,Pass A discovery via D1-CN-06; full-text validation is required before S/A use.,Yes
2026W40-WEB-066,2026-09-28,2026-09-28,China,Technology,Commercial_Space,"星舰第14次试飞,已完全入轨_风闻","星舰第14次试飞,已完全入轨_风闻","2026年9月28日20:15(北京时间),SpaceX 星舰将迎来第 14 次试飞,第一次尝试真正进入地球轨道!这是它前 13 次试飞都没做到的事。这一次,它还将把 26 颗 V3 版星链卫星送入轨道。所以,这不只是一次试飞,还是一次正式的星链卫星发射任务。星舰14计划1小时56分钟后发射,会经过中国上空,不知道太阳光反射能不能在天上看见,理论上来说可以看见,快速移动的星星。 北京时间大概在明天凌晨五点多。",风闻,Media,https://user.guancha.cn/main/content?id=1745285&comments-container,Watch,,1,2,2,1.50,C,未进入本周主文清单；保留在数据库供追溯。,Exclude,,,,Pass A discovery via D1-CN-06; full-text validation is required before S/A use.,Yes
2026W40-WEB-067,2026-09-28,2026-09-28,China,Technology,Commercial_Space;Chip;AI,"瑞启深空:当卫星学会 ""群体思考"",426 颗卫星如何在激光链路里自己开作战会议_凤凰网","瑞启深空:当卫星学会 ""群体思考"",426 颗卫星如何在激光链路里自己开作战会议_凤凰网","这两年“AI+航天”喊得震天响。但拆开看,大部分公司干的事不过是:给卫星装个能跑轻量模型的芯片,然后继续按老逻辑卖图。真正的智能,不是“星上能跑个模型”。而是卫星之间能协同、能分工、能自己得出结论——把地面指挥大厅的工作,搬到轨道上去。2026年,圈里悄悄冒出一匹黑马。它不卷火箭,不卷0.3米,也不满足于“软件定义卫星”。它要把遥感从“提供图像”,重写成“给出判断”。这家公司,叫瑞启深空。凌晨3点,426颗卫星在轨道上自己开了个会地面指挥大厅一片安静。没有人在下指令,没有人喊“把相机转过去”。但天上发生了一件事:一颗遥感卫星扫到某片海岸线出现异常舰船信号;它没把4GB原始影像传回地面,而是先在星上做完识别、去云、降维;再通过激光链路,把“可疑目标摘要”发给同轨两颗星、异轨一颗星;几颗星自己完成了重访编排、视角互补、可信度投票;87 秒后地面收到的不是一张图,而是一句话:目标可信度92.4%建议触发应急研判,附3个待核实坐标。这不是科幻。这是瑞启深空想干的那种卫星:不是会拍照,是会思考!行业还在讲“软件定义卫星”——载荷可重构、任务可上注,但聪明劲儿仍主要在地面机房。瑞启深空押的是下一代范式:AI 定义星座。单星有边缘智能,星间有激光协同,星座像一台分布在太空里的计算机。1、 行业还在“软件定义”,它已经走到“AI 定义星座”商业航天有个隐藏分期:· 2020 前:卫星是铁疙瘩。拍到啥传啥,地面慢慢看。· 2020–2025:软件定义卫星。任务可上注、载荷可重构,但“聪明”还在地面机房里。· 2025 后:AI 定义星座。星上能推理,星间能协同,星座像一台分布在太空里的分布式计算机。有个数字很说明问题:人工智能推理加速器在边缘星载计算里的渗透率,从2024年的19%跳到34%。也就是说,行业刚吵完“星上能不能跑模型”,前沿玩家已经开始问下一个问题:一颗星会算,不算什么。一整片",凤凰网山东频道,Media,https://sd.ifeng.com/c/8wmuE8HuBbZ,Watch,,1,2,2,1.50,C,未进入本周主文清单；保留在数据库供追溯。,Exclude,,,,Pass A discovery via D1-CN-06; full-text validation is required before S/A use.,Yes
2026W40-WEB-077,2026-09-28,2026-09-28,China,Financing,Commercial_Space,航天电子:完成2026年度第一期超短期融资券兑付_腾讯新闻,航天电子:完成2026年度第一期超短期融资券兑付_腾讯新闻,"9月28日,航天电子(600879.SH)公告称,公司2026年度第一期超短期融资券于2026年3月31日发行,近日已按照约定时限完成兑付工作。该超短期融资券属于公司向中国银行间市场交易商协会申请注册的总额不超过60亿元超短期融资券额度内的发行品种,相关注册申请已于2025年10月31日获交易商协会接受。",腾讯网,Media,https://news.qq.com/rain/a/20260928A092FS00,Watch,,1,2,2,1.50,C,未进入本周主文清单；保留在数据库供追溯。,Database_Only,,,,Pass A discovery via D1-CN-07; full-text validation is required before S/A use.,Yes
2026W40-WEB-081,2026-09-28,2026-09-28,China,Financing,Commercial_Space,航天电子(600879):航天时代电子技术股份有限公司关于2026年度第一期超短期融资券完成兑付- CFi.CN 中财网,航天电子(600879):航天时代电子技术股份有限公司关于2026年度第一期超短期融资券完成兑付- CFi.CN 中财网,"航天电子(600879):航天时代电子技术股份有限公司关于2026年度第一期超短期融资券完成兑付 时间:2026年09月28日 18:32:03 中财网 原标题:航天电子:航天时代电子技术股份有限公司关于2026年度第一期超短期融资券完成兑付的公告 证券代码:600879 证券简称:航天电子 公告编号: 临2026-053 航天时代电子技术股份有限公司 关于2026年度第一期超短期融资券完成兑付的公告 本公司董事会及全体董事保证本公告内容不存在任何虚假记载、误导性陈述或者重大遗漏,并对其内容的真实性、准确性和完整性承担法律责任。 航天时代电子技术股份有限公司(下称“公司”)2024年年度股东大会审议通过了《关于公司申请注册发行超短期融资券的议案》,决定向中国银行间市场交易商协会申请注册总额不超过60亿元人民币的超短期融资券。2025年10月31日,中国银行间市场交易商协会接受公司注册并签发了《接受注册通知书》(中市协注[2025]SCP315号)(详见2025年11月4日刊登在中国证券报、上海证券报、证券时报及上海证券交易所网站上的相关公告)。 公司2026年度第一期超短期融资券于2026年3月31日发行(详见2026 年4月3日刊登在中国证券报、上海证券报、证券时报及上海证券交易所网站上的相关公告)。近日,公司已按照约定时限完成2026年度第一期超短期融资券的兑付工作。 特此公告。 航天时代 电子技术股份有限公司 2026年9月29日 中财网",中国财经信息网,Media,https://cfi.cn/p20260928001488.html,Watch,,1,2,2,1.50,C,未进入本周主文清单；保留在数据库供追溯。,Database_Only,,,,Pass A discovery via D1-CN-07; full-text validation is required before S/A use.,Yes
2026W40-WEB-083,2026-09-28,2026-09-28,China,Financing,Commercial_Space,"国防军工行业周报:深蓝航天近20亿融资落地,可回收火箭赛道资本卡位加速_股票频道_证券之星","国防军工行业周报:深蓝航天近20亿融资落地,可回收火箭赛道资本卡位加速_股票频道_证券之星","(以下内容从湘财证券《国防军工行业周报:深蓝航天近20亿融资落地,可回收火箭赛道资本卡位加速》研报附件原文摘录)核心要点:深蓝航天近20亿融资落地,可回收火箭赛道资本卡位加速2026年9月24日,据深蓝航天网消息,深蓝航天宣布完成两轮融资,总规模近20亿元。本轮融资吸引了无锡高新区投控集团、毅达资本、宝通科技、宏润建设等产业资本与专业机构加持。资金将重点投向公司两大运载火箭谱系研发与产业化推进,深蓝航天将持续推进中型可回收液体运载火箭星云一号各项研制工作,并加快大型液体可回收运载火箭星云二号深度研发攻关。融资与技术节奏形成共振:2026年9月20号,据快科技消息,其自主研制的针栓式可重复使用液氧煤油发动机雷霆R2.0完成动力升级,实测最大推力跃升至30吨级,并圆满完成首次200秒长程试车考核。资本选择在这个节点加注,技术风险正在收敛,首飞窗口临近,融资与技术节奏形成共振。资方结构值得关注:据新吴区人民政府网消息,深蓝航天本轮融资稳步推进,吸引了无锡高新区投控集团、毅达资本、海松资本、锡创投、上海自贸区基金、宝通科技、万石资本、华福资本等一众产业资本与专业机构加持,其中无锡力量的持续加码成为亮点,无锡高新区投控集团等老股东再次投资,彰显各方共同推进中国商业航天发展的决心;锡创投方面表示将发挥省级战新基金产业引领优势和区域资源赋能作用,支持星云一号入轨回收与商业化发射,助力星云二号入轨验证及雷霆RS发动机研制突破,多家股东亦表示看好可回收液体火箭赛道,愿意链接产业生态、长期陪伴,推动中国商业航天从技术验证走向规模化商业运营。深蓝航天本轮融资落地,标志着可回收火箭赛道的资本卡位进入加速阶段。国内商业航天正从技术验证向规模化运营转折,可回收技术是打开成本下降空间的核心变量。资本在首飞窗口临近时加注,逻辑在于技术风险收敛带来的入局性价比提升。不过,可回收火箭的商业闭环尚未跑通,回收",证券之星股票频道,Media,https://stock.stockstar.com/JC2026092800011886.shtml,Watch,,1,2,2,1.50,C,未进入本周主文清单；保留在数据库供追溯。,Database_Only,,,,Pass A discovery via D1-CN-07; full-text validation is required before S/A use.,Yes
2026W40-WEB-106,2026-09-28,2026-09-28,China,Technology,Chip;AI,一加16正式定档:10月12日发布 - 今日头条,一加16正式定档:10月12日发布 - 今日头条,"9月28日消息,一加正式宣布,一加16定档10月12日正式发布,是首批第六代骁龙8超级至尊版旗舰,安兔兔跑分突破538万分。新机搭载全球领先的185Hz极速高刷,显示速度提升35%,操控时间缩短11.1ms,操控速度提升25%,每秒多渲染65帧,比120Hz操作快出两步,能更快发现目标、更快击杀对手。一加深度联合高通,把新一代风驰游戏内核写入芯片底层,首次在移动端实现媲美桌面DLSS 4代的AI超分辨率渲染,原生支持185FPS无限满帧,《原神》裸机可跑180FPS。此外还有行业独家185FPS零新增时延,不支持185FPS的手游也能通过DLSS 4代同代体游戏超帧技术稳跑185FPS,大幅降低超帧功耗。游戏适配方面,行业首发《和平精英》《暗区突围》《逆战:未来》《火影忍者》手游原生185FPS,适配《穿越火线》《萤火突击》原生185FPS。一加16还将搭配全新自研电竞三芯,分别为G3网络芯片、T3触控芯片和P4显示芯片。G3是行业首颗专为游戏低时延设计的网络芯片,蜂窝游戏平均时延降低13.39%,Wi-Fi传输稳定性提升18.5%,Wi-Fi游戏抢网能力提升11.5%。T3是行业领先游戏触控芯片,与多家射击游戏深度联合优化,支持游戏手感私人定制。P4是行业首发最快超高刷显示芯片,采用行业最先进制程,晶体管数量提升20%,数据承载能力提升25%。设计上,一加16以""星际探索美学""为理念,推出明日星光、火星杰作、黑暗森林三款配色,首次搭载星际光效呼吸灯,支持常亮、呼吸、流动、闪烁四种效果。正面为6.78英寸1.5K BOE OLED直屏,极窄四等边+黄金大R角,3D超声波指纹。影像上首次搭载2亿像素1/1.4英寸超大底主摄,F1.6光圈,配合5000万像素3倍光学潜望长焦和5000万像素116度超广角,搭载OPPO自研LUMO凝光影像系统。续航内置9000mAh大电池,是一加",今日头条,Media,https://www.toutiao.com/article/7690465445735891494/,Watch,,1,2,2,1.50,C,未进入本周主文清单；保留在数据库供追溯。,Exclude,,,,Pass A discovery via D3-CN-01; full-text validation is required before S/A use.,Yes
2026W40-WEB-107,2026-09-28,2026-09-28,China,Technology,Chip;AI,一加16正式定档:10月12日发布:原生185FPS无限满帧_凤凰网,一加16正式定档:10月12日发布:原生185FPS无限满帧_凤凰网,"快科技9月28日消息,一加正式宣布,一加16定档10月12日正式发布,是首批第六代骁龙8超级至尊版旗舰,安兔兔跑分突破538万分。新机搭载全球领先的185Hz极速高刷,显示速度提升35%,操控时间缩短11.1ms,操控速度提升25%,每秒多渲染65帧,比120Hz操作快出两步,能更快发现目标、更快击杀对手。一加深度联合高通,把新一代风驰游戏内核写入芯片底层,首次在移动端实现媲美桌面DLSS 4代的AI超分辨率渲染,原生支持185FPS无限满帧,《原神》裸机可跑180FPS。此外还有行业独家185FPS零新增时延,不支持185FPS的手游也能通过DLSS 4代同代体游戏超帧技术稳跑185FPS,大幅降低超帧功耗。游戏适配方面,行业首发《和平精英》《暗区突围》《逆战:未来》《火影忍者》手游原生185FPS,适配《穿越火线》《萤火突击》原生185FPS。一加16还将搭配全新自研电竞三芯,分别为G3网络芯片、T3触控芯片和P4显示芯片。G3是行业首颗专为游戏低时延设计的网络芯片,蜂窝游戏平均时延降低13.39%,Wi-Fi传输稳定性提升18.5%,Wi-Fi游戏抢网能力提升11.5%。T3是行业领先游戏触控芯片,与多家射击游戏深度联合优化,支持游戏手感私人定制。P4是行业首发最快超高刷显示芯片,采用行业最先进制程,晶体管数量提升20%,数据承载能力提升25%。设计上,一加16以""星际探索美学""为理念,推出明日星光、火星杰作、黑暗森林三款配色,首次搭载星际光效呼吸灯,支持常亮、呼吸、流动、闪烁四种效果。正面为6.78英寸1.5K BOE OLED直屏,极窄四等边+黄金大R角,3D超声波指纹。影像上首次搭载2亿像素1/1.4英寸超大底主摄,F1.6光圈,配合5000万像素3倍光学潜望长焦和5000万像素116度超广角,搭载OPPO自研LUMO凝光影像系统。续航内置9000mAh大电池,",凤凰网,Media,https://i.ifeng.com/c/8wmg2cyTuG6,Watch,,1,2,2,1.50,C,未进入本周主文清单；保留在数据库供追溯。,Exclude,,,,Pass A discovery via D3-CN-01; full-text validation is required before S/A use.,Yes
2026W40-WEB-108,2026-09-28,2026-09-28,China,Technology,Chip;AI,一加16正式定档:10月12日发布:原生185FPS无限满帧_腾讯新闻,一加16正式定档:10月12日发布:原生185FPS无限满帧_腾讯新闻,"快科技9月28日消息,一加正式宣布,一加16定档10月12日正式发布,是首批第六代骁龙8超级至尊版旗舰,安兔兔跑分突破538万分。新机搭载全球领先的185Hz极速高刷,显示速度提升35%,操控时间缩短11.1ms,操控速度提升25%,每秒多渲染65帧,比120Hz操作快出两步,能更快发现目标、更快击杀对手。一加深度联合高通,把新一代风驰游戏内核写入芯片底层,首次在移动端实现媲美桌面DLSS 4代的AI超分辨率渲染,原生支持185FPS无限满帧,《原神》裸机可跑180FPS。此外还有行业独家185FPS零新增时延,不支持185FPS的手游也能通过DLSS 4代同代体游戏超帧技术稳跑185FPS,大幅降低超帧功耗。游戏适配方面,行业首发《和平精英》《暗区突围》《逆战:未来》《火影忍者》手游原生185FPS,适配《穿越火线》《萤火突击》原生185FPS。一加16还将搭配全新自研电竞三芯,分别为G3网络芯片、T3触控芯片和P4显示芯片。G3是行业首颗专为游戏低时延设计的网络芯片,蜂窝游戏平均时延降低13.39%,Wi-Fi传输稳定性提升18.5%,Wi-Fi游戏抢网能力提升11.5%。T3是行业领先游戏触控芯片,与多家射击游戏深度联合优化,支持游戏手感私人定制。P4是行业首发最快超高刷显示芯片,采用行业最先进制程,晶体管数量提升20%,数据承载能力提升25%。设计上,一加16以""星际探索美学""为理念,推出明日星光、火星杰作、黑暗森林三款配色,首次搭载星际光效呼吸灯,支持常亮、呼吸、流动、闪烁四种效果。正面为6.78英寸1.5K BOE OLED直屏,极窄四等边+黄金大R角,3D超声波指纹。影像上首次搭载2亿像素1/1.4英寸超大底主摄,F1.6光圈,配合5000万像素3倍光学潜望长焦和5000万像素116度超广角,搭载OPPO自研LUMO凝光影像系统。续航内置9000mAh大电池,",腾讯网,Media,https://news.qq.com/rain/a/20260928A04Q5E00,Watch,,1,2,2,1.50,C,未进入本周主文清单；保留在数据库供追溯。,Exclude,,,,Pass A discovery via D3-CN-01; full-text validation is required before S/A use.,Yes
2026W40-WEB-109,2026-09-28,2026-09-28,China,Technology,Chip;AI,一加16正式定档:10月12日发布:原生185FPS无限满帧_热点播报_太平洋科技资讯中心,一加16正式定档:10月12日发布:原生185FPS无限满帧_热点播报_太平洋科技资讯中心,"一加16正式定档:10月12日发布:原生185FPS无限满帧 2026-09-28 11:48 出处/作者:快科技 整合编辑:佚名 快科技9月28日消息,一加正式宣布,一加16定档10月12日正式发布,是首批第六代骁龙8超级至尊版旗舰,安兔兔跑分突破538万分。 新机搭载全球领先的185Hz极速高刷,显示速度提升35%,操控时间缩短11.1ms,操控速度提升25%,每秒多渲染65帧,比120Hz操作快出两步,能更快发现目标、更快击杀对手。 一加深度联合高通,把新一代风驰游戏内核写入芯片底层,首次在移动端实现媲美桌面DLSS 4代的AI超分辨率渲染,原生支持185FPS无限满帧,《原神》裸机可跑180FPS。 此外还有行业独家185FPS零新增时延,不支持185FPS的手游也能通过DLSS 4代同代体游戏超帧技术稳跑185FPS,大幅降低超帧功耗。 游戏适配方面,行业首发《和平精英》《暗区突围》《逆战:未来》《火影忍者》手游原生185FPS,适配《穿越火线》《萤火突击》原生185FPS。 一加16还将搭配全新自研电竞三芯,分别为G3网络芯片、T3触控芯片和P4显示芯片。 G3是行业首颗专为游戏低时延设计的网络芯片,蜂窝游戏平均时延降低13.39%,Wi-Fi传输稳定性提升18.5%,Wi-Fi游戏抢网能力提升11.5%。 T3是行业领先游戏触控芯片,与多家射击游戏深度联合优化,支持游戏手感私人定制。 P4是行业首发最快超高刷显示芯片,采用行业最先进制程,晶体管数量提升20%,数据承载能力提升25%。 设计上,一加16以""星际探索美学""为理念,推出明日星光、火星杰作、黑暗森林三款配色,首次搭载星际光效呼吸灯,支持常亮、呼吸、流动、闪烁四种效果。 正面为6.78英寸1.5K BOE OLED直屏,极窄四等边+黄金大R角,3D超声波指纹。 影像上首次搭载2亿像素1/1.4英寸超大",太平洋科技资讯中心,Media,https://news.pconline.com.cn/2182/21828822.html,Watch,,1,2,2,1.50,C,未进入本周主文清单；保留在数据库供追溯。,Exclude,,,,Pass A discovery via D3-CN-01; full-text validation is required before S/A use.,Yes
2026W40-WEB-110,2026-09-28,2026-09-28,China,Technology,Chip;AI,一加16正式定档:10月12日发布:原生185FPS无限满帧|fps|一加手机|原生|手游|游戏_手机网易网,一加16正式定档:10月12日发布:原生185FPS无限满帧|fps|一加手机|原生|手游|游戏_手机网易网,"快科技9月28日消息,一加正式宣布,一加16定档10月12日正式发布,是首批第六代骁龙8超级至尊版旗舰,安兔兔跑分突破538万分。新机搭载全球领先的185Hz极速高刷,显示速度提升35%,操控时间缩短11.1ms,操控速度提升25%,每秒多渲染65帧,比120Hz操作快出两步,能更快发现目标、更快击杀对手。 打开网易新闻 查看精彩图片 一加深度联合高通,把新一代风驰游戏内核写入芯片底层,首次在移动端实现媲美桌面DLSS 4代的AI超分辨率渲染,原生支持185FPS无限满帧,《原神》裸机可跑180FPS。此外还有行业独家185FPS零新增时延,不支持185FPS的手游也能通过DLSS 4代同代体游戏超帧技术稳跑185FPS,大幅降低超帧功耗。 打开网易新闻 查看精彩图片 游戏适配方面,行业首发《和平精英》《暗区突围》《逆战:未来》《火影忍者》手游原生185FPS,适配《穿越火线》《萤火突击》原生185FPS。一加16还将搭配全新自研电竞三芯,分别为G3网络芯片、T3触控芯片和P4显示芯片。 打开网易新闻 查看精彩图片 G3是行业首颗专为游戏低时延设计的网络芯片,蜂窝游戏平均时延降低13.39%,Wi-Fi传输稳定性提升18.5%,Wi-Fi游戏抢网能力提升11.5%。T3是行业领先游戏触控芯片,与多家射击游戏深度联合优化,支持游戏手感私人定制。P4是行业首发最快超高刷显示芯片,采用行业最先进制程,晶体管数量提升20%,数据承载能力提升25%。 打开网易新闻 查看精彩图片 设计上,一加16以""星际探索美学""为理念,推出明日星光、火星杰作、黑暗森林三款配色,首次搭载星际光效呼吸灯,支持常亮、呼吸、流动、闪烁四种效果。正面为6.78英寸1.5K BOE OLED直屏,极窄四等边+黄金大R角,3D超声波指纹。影像上首次搭载2亿像素1/1.4英寸超大底主摄,F1.6光圈,配合5000",网易,Media,https://m.163.com/dy/article/L7TKRRPM0511CPVM.html,Watch,,1,2,2,1.50,C,未进入本周主文清单；保留在数据库供追溯。,Exclude,,,,Pass A discovery via D3-CN-01; full-text validation is required before S/A use.,Yes
2026W40-WEB-111,2026-09-28,2026-09-28,China,Technology,Chip;AI,一加16正式定档:10月12日发布:原生185FPS无限满帧_中华网,一加16正式定档:10月12日发布:原生185FPS无限满帧_中华网,"一加正式宣布,一加16定档10月12日正式发布,是首批第六代骁龙8超级至尊版旗舰,安兔兔跑分突破538万分。新机搭载全球领先的185Hz极速高刷,显示速度提升35%,操控时间缩短11.1ms,操控速度提升25%,每秒多渲染65帧,比120Hz操作快出两步,能更快发现目标、更快击杀对手。一加深度联合高通,把新一代风驰游戏内核写入芯片底层,首次在移动端实现媲美桌面DLSS 4代的AI超分辨率渲染,原生支持185FPS无限满帧,《原神》裸机可跑180FPS。此外还有行业独家185FPS零新增时延,不支持185FPS的手游也能通过DLSS 4代同代体游戏超帧技术稳跑185FPS,大幅降低超帧功耗。游戏适配方面,行业首发《和平精英》《暗区突围》《逆战:未来》《火影忍者》手游原生185FPS,适配《穿越火线》《萤火突击》原生185FPS。一加16还将搭配全新自研电竞三芯,分别为G3网络芯片、T3触控芯片和P4显示芯片。G3是行业首颗专为游戏低时延设计的网络芯片,蜂窝游戏平均时延降低13.39%,Wi-Fi传输稳定性提升18.5%,Wi-Fi游戏抢网能力提升11.5%。T3是行业领先游戏触控芯片,与多家射击游戏深度联合优化,支持游戏手感私人定制。P4是行业首发最快超高刷显示芯片,采用行业最先进制程,晶体管数量提升20%,数据承载能力提升25%。设计上,一加16以""星际探索美学""为理念,推出明日星光、火星杰作、黑暗森林三款配色,首次搭载星际光效呼吸灯,支持常亮、呼吸、流动、闪烁四种效果。正面为6.78英寸1.5K BOE OLED直屏,极窄四等边+黄金大R角,3D超声波指纹。影像上首次搭载2亿像素1/1.4英寸超大底主摄,F1.6光圈,配合5000万像素3倍光学潜望长焦和5000万像素116度超广角,搭载OPPO自研LUMO凝光影像系统。续航内置9000mAh大电池,是一加有史以来影像升",ai5g.china.com,Media,https://ai5g.china.com/shuma/2026/0928/706.html,Watch,,1,2,2,1.50,C,未进入本周主文清单；保留在数据库供追溯。,Exclude,,,,Pass A discovery via D3-CN-01; full-text validation is required before S/A use.,Yes
2026W40-WEB-112,2026-09-28,2026-09-28,China,Technology,Chip;AI,一加16正式定档:10月12日发布:原生185FPS无限满帧_中华网,一加16正式定档:10月12日发布:原生185FPS无限满帧_中华网,"一加正式宣布,一加16定档10月12日正式发布,是首批第六代骁龙8超级至尊版旗舰,安兔兔跑分突破538万分。新机搭载全球领先的185Hz极速高刷,显示速度提升35%,操控时间缩短11.1ms,操控速度提升25%,每秒多渲染65帧,比120Hz操作快出两步,能更快发现目标、更快击杀对手。一加深度联合高通,把新一代风驰游戏内核写入芯片底层,首次在移动端实现媲美桌面DLSS 4代的AI超分辨率渲染,原生支持185FPS无限满帧,《原神》裸机可跑180FPS。此外还有行业独家185FPS零新增时延,不支持185FPS的手游也能通过DLSS 4代同代体游戏超帧技术稳跑185FPS,大幅降低超帧功耗。游戏适配方面,行业首发《和平精英》《暗区突围》《逆战:未来》《火影忍者》手游原生185FPS,适配《穿越火线》《萤火突击》原生185FPS。一加16还将搭配全新自研电竞三芯,分别为G3网络芯片、T3触控芯片和P4显示芯片。G3是行业首颗专为游戏低时延设计的网络芯片,蜂窝游戏平均时延降低13.39%,Wi-Fi传输稳定性提升18.5%,Wi-Fi游戏抢网能力提升11.5%。T3是行业领先游戏触控芯片,与多家射击游戏深度联合优化,支持游戏手感私人定制。P4是行业首发最快超高刷显示芯片,采用行业最先进制程,晶体管数量提升20%,数据承载能力提升25%。设计上,一加16以""星际探索美学""为理念,推出明日星光、火星杰作、黑暗森林三款配色,首次搭载星际光效呼吸灯,支持常亮、呼吸、流动、闪烁四种效果。正面为6.78英寸1.5K BOE OLED直屏,极窄四等边+黄金大R角,3D超声波指纹。影像上首次搭载2亿像素1/1.4英寸超大底主摄,F1.6光圈,配合5000万像素3倍光学潜望长焦和5000万像素116度超广角,搭载OPPO自研LUMO凝光影像系统。续航内置9000mAh大电池,是一加有史以来影像升",m.tech.china.com,Media,https://m.tech.china.com/digi/digi/20260928/202609281962580.html,Watch,,1,2,2,1.50,C,未进入本周主文清单；保留在数据库供追溯。,Exclude,,,,Pass A discovery via D3-CN-01; full-text validation is required before S/A use.,Yes
2026W40-WEB-114,2026-09-28,2026-09-28,China,Policy,Commercial_Space;Chip;AI,"国庆假期倒计时,科创节奏密集不空档_腾讯新闻","国庆假期倒计时,科创节奏密集不空档_腾讯新闻","9月28日(周一)1. 国家重点研发计划量子科技专项正式申报中关村管委会、市科委转发通知,申报系统准时开放,持续至11月5日。专项聚焦量子材料、核心器件技术攻关,面向北京企业、科研院所开放填报。2. 荣耀Magic9系列发布会(发布即开售)Magic十周年旗舰新机在北京登场,搭载2nm骁龙芯片、纯血智能体系统、ARRI专业影像,适配千问大模型。3. 城镇可持续发展专项国科管系统填报截止国家级科研课题申报通道关闭,中关村完成本轮项目推荐。专项主攻智慧基建、低碳城镇技术,是北京科创单位年度重点申报方向。4. ISO国际标准化组织年会(巴黎 9.28-10.2)国际标准领域年度大会,聚焦AI治理、数字供应链、网络安全标准研讨。国内专家线上参会,将对接国内数字产业标准化建设。5. 京东方历史展览馆免费对外开放(预约制)作为亦庄沉浸式消费嘉年华配套活动,今日为免费开放日,面向市民预约参观,展示国内显示产业技术发展历程。6. 2026杭州国际人才交流与项目合作大会大会落地杭州,主题“杭向AI 智汇全球”,聚焦人工智能主赛道,配套十余项人才活动、AI创新赛事,覆盖具身智能、商业航天、生物医药等前沿领域。7. 2026未来产业创新发展大会(9.28-9.29 雄安)雄安新区举办产业重磅大会,紧扣新质生产力,聚焦空天网络、AI智算、新材料、绿色能源、科技金融等未来产业核心方向。8. 2026世界设计之都大会(9.28-9.30 上海)上海主场大会聚焦AI与设计融合,展示智能机器人、智驾智舱、智能终端产品,同步举办AIGC、人机协同设计等多场前沿论坛。9月29日(周二)1. 2026中国互联网基础资源大会(北京国际饭店)官方主办行业重磅会议,现场发布智能体可信基础设施(ATI)、揭牌市级重点实验室,聚焦智能体安全、智能经济落地应用。2. 信通院智能体上下文工程标准研讨会(线上)国内首次针对智能",腾讯网,Media,https://news.qq.com/rain/a/20260928A04URR00,Watch,,1,2,2,1.50,C,未进入本周主文清单；保留在数据库供追溯。,Exclude,,,,Pass A discovery via D3-CN-01; full-text validation is required before S/A use.,Yes
2026W40-WEB-116,2026-09-28,2026-09-28,China,Technology,Chip,一加16定档10月12日发布:搭载185Hz高刷与自研电竞三芯_凤凰网,一加16定档10月12日发布:搭载185Hz高刷与自研电竞三芯_凤凰网,"凤凰网评测讯(作者/张昊)9月28日,2026一加游戏大会举行,一加公布185Hz高刷游戏方案、新一代风驰游戏内核以及由显示芯片P4、触控芯片T3和网络芯片G3组成的自研电竞三芯。一加16将于10月12日发布,并首发搭载上述游戏技术;官方暂未公布具体版本与售价。显示方面,一加16支持185Hz刷新率。根据一加公布的数据,相较120Hz,185Hz模式的显示速度提升35%,操控时间缩短11.1毫秒。首批原生185FPS游戏包括《和平精英》《暗区突围》《逆战:未来》和《火影忍者》等,覆盖FPS、MOBA、开放世界和格斗等类型。一加16同时成为《和平精英》职业联赛官方比赛用机。新一代风驰游戏内核引入SoC与DDR内存统一调度,针对团战、复杂特效和快速跑图等高负载场景分配系统资源。一加称,该内核可支持原生185FPS持续高帧运行,并通过185FPS超帧技术为未原生适配的游戏提升帧率。具体帧率、时延和功耗表现仍会受游戏版本、画质设置及环境温度等因素影响。一加16首批搭载第六代骁龙8超级至尊版。根据发布会信息,新平台采用2nm制程,风驰游戏内核写入芯片底层,并配合手机端Matrix Cores计算单元处理游戏图形与超帧任务。相关性能和能效结论目前为厂商公布信息,还需结合量产机型测试判断。自研电竞三芯分别覆盖网络、触控和显示环节。其中,电竞网络芯片G3针对拥堵和弱网环境下的游戏时延进行优化;灵犀触控芯片T3支持最高520Hz多指触控采样率,并配合触控算法和触显同步技术缩短操作反馈链路;超级显示芯片P4用于改善高速运动画面的清晰度。三颗芯片与游戏内核协同,形成从输入、运算、网络到显示的完整处理链路。产品信息方面,一加16将于10月12日正式发布,目前已在OPPO部分线下门店展示。截至此次游戏大会,官方尚未公布一加16的具体版本、售价及开售时间,相关信息将于后续发布会公布。",凤凰网,Media,https://pingce.ifeng.com/c/8wmiRmaiYZt,Watch,,1,2,2,1.50,C,未进入本周主文清单；保留在数据库供追溯。,Exclude,,,,Pass A discovery via D3-CN-01; full-text validation is required before S/A use.,Yes
2026W40-WEB-118,2026-09-28,2026-09-28,China,Technology,Chip,第五届(2026)大连理工大学“FPGA创新设计竞赛”报名通知-大连理工大学创新创业学院,第五届(2026)大连理工大学“FPGA创新设计竞赛”报名通知-大连理工大学创新创业学院,"为服务我国嵌入式芯片相关产业发展,提升学生在嵌入式芯片与系统设计、可编程逻辑器件应用方向的自主创新设计能力与工程实践水平,大连理工大学创新创业学院联合控制科学与工程学院,拟于2026年9月28日—11月18日举办第五届(2026)大连理工大学“FPGA创新设计竞赛”。本届竞赛秉承“创意发挥、规范设计、突破自我、快乐大赛”宗旨,着力锻炼学生数字系统设计,特别是可编程逻辑器件应用领域的创新实践能力,为国家培育具备创新思维、可解决复杂工程问题的高素质工程人才。竞赛具体通知如下:一、参赛对象大连理工大学全日制在校本科生。二、竞赛内容参考2026年全国大学生嵌入式芯片与系统设计竞赛—FPGA创新设计竞赛通知要求,任选开发平台,设计有特色、有创意、有工程背景或应用价值的项目。11月04日18:00前,完成作品设计并提交作品报告和视频。11月05-18日进行实物作品验收及评比。三、报名方式1. 加入“FPGA校赛(2026)”QQ群(976365707)。2. 报名截止时间:2026年9月30日24:00时。3. 赛事联络人:王老师:18042721989程老师:18940836200四、 奖项设置设立一等奖、二等奖、三等奖,颁发校级获奖证书。 上一条:大连理工大学创新创业竞赛组织流程 下一条:关于组织参加第十一届华为ICT大赛报名通知",chuangxin.dlut.edu.cn,Official,https://chuangxin.dlut.edu.cn/info/1020/16947.htm,S_Core,,1,2,2,1.50,C,未进入本周主文清单；保留在数据库供追溯。,Exclude,,,,Pass A discovery via D3-CN-01; full-text validation is required before S/A use.,Yes
2026W40-WEB-121,2026-09-28,2026-09-28,China,Technology,Chip,"一加16手机定档10月12日发布,首批搭载高通第六代骁龙8超级至尊版芯片_凤凰网","一加16手机定档10月12日发布,首批搭载高通第六代骁龙8超级至尊版芯片_凤凰网","IT之家 9 月 28 日 2026 一加游戏大会现场消息,一加 16 手机官宣定档 10 月 12 日发布,带来 185FPS 游戏体验。IT之家在大会现场获悉,一加 16 手机首批搭载第六代骁龙 8 超级至尊版,搭配全新一代风驰游戏内核,出厂即写入芯片底层。全新一代“风驰游戏内核”迎来底层技术重构级全面提升:【支持 185 FPS 无限满帧】支持原生 185FPS 无限满帧,行业独家 185FPS 零新增时延超帧,驾驭各种主流游戏,支持全档位游戏满帧体验。【DLSS4 同代体验超帧技术】让不支持 185FPS 的手游也能稳跑 185FPS,大幅提升游戏帧率,大幅降低超帧功耗。此外,一加 16 手机将搭载新的自研“电竞三芯”:【自研电竞网络芯片 G3】行业首颗专为游戏低时延设计,打造全场景最低游戏时延的芯片;蜂窝游戏平均时延降低 13.39%,Wi-Fi 传输稳定性提升 18.5%,Wi-Fi 抢网能力提升 11.5%。【自研灵犀触控芯片 T3】行业领先游戏触控,操控又稳又准;并与多家射击游戏深度「联合优化」,带来触控极致体验;同时支持游戏手感私人定制,带来行业最全触控设置。【自研超级显示芯片 P4】行业首颗专为最快超高刷设计的显示芯片,采用“行业最先进”显示芯片工艺制程,晶体管数量提升 20%,数据承载性能提升 25%。具体游戏体验方面,一加 16 手机打造了原生 185 超高帧游戏生态:行业首发《和平精英》原生 185FPS 超高帧模式;行业首发《暗区突围》原生 185FPS 超高帧模式;行业首发《逆战未来》原生 185FPS 超高帧模式;适配《穿越火线》原生 185FPS 超高帧模式;适配《萤火突击》原生 185FPS 超高帧模式;行业首发《火影忍者》手游原生 185FPS 超高帧模式。此外,一加 16 现已成为新一代和平精英职业联赛官方比赛用机。",凤凰网,Media,https://tech.ifeng.com/c/8wmgNDffNIZ,Watch,,1,2,2,1.50,C,未进入本周主文清单；保留在数据库供追溯。,Exclude,,,,Pass A discovery via D3-CN-01; full-text validation is required before S/A use.,Yes
2026W40-WEB-128,2026-09-28,2026-09-28,China,Financing,Commercial_Space,"SpaceX星舰将首次尝试入轨,Starlink V3开启规模部署|航天早参_腾讯新闻","SpaceX星舰将首次尝试入轨,Starlink V3开启规模部署|航天早参_腾讯新闻","每经编辑:彭水萍过去一周(截至9月24日收盘),市场震荡调整,沪深两市成交额1.65万亿元。聚焦商业航天全产业链的航天ETF(159267)跟踪指数下跌2.22%。成分股中,航天发展下跌2.48%,中国卫星下跌2.84%,光启技术下跌9.53%。消息面上,SpaceX官网显示,“星舰”第14次飞行测试9月28日发射,本次任务的最大看点是星舰飞船将首次尝试真正进入地球轨道。飞船还将尝试部署26颗新一代Starlink卫星(Starlink V3)。公司介绍称,每颗V3卫星将为卫星互联网星座增加1Tbps容量,仅此次任务就将总共增加26Tbps,单次发射新增容量约为猎鹰9号发射V2 Mini卫星的10倍。研究机构表示,民营火箭产业将从""成功入轨""迈向""回收复用""闭环阶段,估值逻辑随之从概念想象转向产业化验证,尽管需考虑气象延期与技术风险容错,但产业催化不断,梯队建设完整,中长期发展前景看好。相关ETF方面,航天ETF(159267)为全市场唯一以“航天”命名的ETF,该ETF商业航天概念含量超70%,居于市场领先地位。今年以来,市场资金高度关注商业航天相关板块,航天ETF(159267)为该指数今年以来份额增长率最高标的,今年5月更是创下全月连续资金净流入纪录。指数数据拆开来看,不同于其他聚焦航天细分赛道产业指数,国证航天指数覆盖“火箭发射-卫星制造-地面通信”商业航天全产业链,同时,从指数成分股净利润来看,国证航天指数当前盈利能力以及在2026、2027年盈利预期也相较其他细分赛道产业指数更稳定,是投资者把握国产商业航天加速发展机遇、一键布局商业航天全产业链的的便捷工具。(风险提示:以上信息仅供参考,不构成投资建议。入市有风险,投资需谨慎。)每日经济新闻",腾讯网,Media,https://news.qq.com/rain/a/20260928A03I1900,Watch,,1,2,2,1.50,C,未进入本周主文清单；保留在数据库供追溯。,Database_Only,,,,Pass A discovery via D4-CN-01; full-text validation is required before S/A use.,Yes
2026W40-WEB-131,2026-09-28,2026-09-28,China,Financing,Commercial_Space,"SpaceX星舰试飞在即,机构:或为国内产业链提供对标锚_腾讯新闻","SpaceX星舰试飞在即,机构:或为国内产业链提供对标锚_腾讯新闻","每经编辑:彭水萍截至2026年9月28日11:11,A股三大指数全线调整,上证指数跌1.58%,深证成指跌3.24%,创业板指跌4.11%。国证航天航空指数下跌2.11%,成分股方面涨跌互现,中航西飞领涨1.99%,航发科技上涨1.78%,中航成飞上涨1.08%,航发动力上涨1.04%,航发控制上涨0.27%;长盈通领跌9.55%,博云新材下跌8.72%,迈信林下跌7.13%,天和防务下跌6.60%,国科天成下跌6.44%。 消息面上,SpaceX确认星舰将最早于9月28日实施试飞,系该计划首次将26颗Starlink V3星链卫星送入轨道;单颗V3卫星下行容量达1Tbps/秒、约为V2的10倍。单次发射任务将增加26Tbps的容量,效益约为猎鹰九号单次发射V2mini卫星的10倍。终端应用侧,星链正加速向航空与汽车场景延伸:此前美国航空官宣500架空客机型客机接入星链,通过Aero终端提供数千兆比特连接速度。华源证券对此指出,星舰首次入轨试飞与V3星链规模化部署,或标志海外太空基础设施正由""运力验证""进入""商业化兑现""阶段;星链向飞机、汽车等消费终端延伸,验证了""发射—组网—应用""商业闭环的变现潜力,有望为国内卫星互联网与终端应用环节提供估值锚与催化。航空航天ETF华夏(159227.SZ):紧密跟踪国证航天指数,成分股覆盖战斗机、航空发动机、火箭、导弹、卫星、雷达等全产业链龙头,完美契合""空天一体""的战略方向,涵盖大飞机、商业航天、低空经济等新兴领域,商业航天含量高达68%。 数据来源:Wind,截至2026年9月28日。国证航天航空指数表现:指数近5年(2021-2025)完整年度涨跌幅为:11.34%、-28.08%、-13.30%、14.5%、32.63%;指数历史业绩不预示基金产品未来表现。基金有风险,投资须谨慎。提及个股仅用于行业事件分析,不构成任何个股推荐或",腾讯网,Media,https://news.qq.com/rain/a/20260928A04VGG00,Watch,,1,2,2,1.50,C,未进入本周主文清单；保留在数据库供追溯。,Database_Only,,,,Pass A discovery via D4-CN-01; full-text validation is required before S/A use.,Yes
2026W40-WEB-132,2026-09-28,2026-09-28,China,Technology,Commercial_Space;Chip;AI,"SpaceX股价盘前上涨,美国航天领域多项发射任务即将开展_新浪财经_新浪网","SpaceX股价盘前上涨,美国航天领域多项发射任务即将开展_新浪财经_新浪网","炒股就看金麒麟分析师研报,权威,专业,及时,全面,助您挖掘潜力主题机会! (来源:财闻)9月28日,截至发稿时,SpaceX(SPCX.US)股价盘前上涨0.75%。消息,SpaceX星舰第14次试飞将于当地时间周一开展,本次任务目标为星舰首次尝试进入地球轨道,并在轨部署26颗星链V3卫星。此前受发射计划推迟影响,SpaceX股价一度显著回调。此外,谷歌搭载自研张量处理器(TPU)的原型卫星也将在本周发射,验证太空AI算力的可行性。",新浪财经,Media,https://finance.sina.com.cn/stock/t/2026-09-28/doc-initktnv8481467.shtml,Watch,,1,2,2,1.50,C,未进入本周主文清单；保留在数据库供追溯。,Exclude,,,,Pass A discovery via D4-CN-01; full-text validation is required before S/A use.,Yes
2026W40-WEB-133,2026-09-28,2026-09-28,China,Financing,Commercial_Space,"SpaceX星舰将首次尝试入轨,Starlink V3开启规模部署|航天早参_凤凰网","SpaceX星舰将首次尝试入轨,Starlink V3开启规模部署|航天早参_凤凰网","过去一周(截至9月24日收盘),市场震荡调整,沪深两市成交额1.65万亿元。聚焦商业航天全产业链的航天ETF(159267)跟踪指数下跌2.22%。成分股中,航天发展下跌2.48%,中国卫星下跌2.84%,光启技术下跌9.53%。消息面上,SpaceX官网显示,“星舰”第14次飞行测试9月28日发射,本次任务的最大看点是星舰飞船将首次尝试真正进入地球轨道。飞船还将尝试部署26颗新一代Starlink卫星(Starlink V3)。公司介绍称,每颗V3卫星将为卫星互联网星座增加1Tbps容量,仅此次任务就将总共增加26Tbps,单次发射新增容量约为猎鹰9号发射V2 Mini卫星的10倍。研究机构表示,民营火箭产业将从""成功入轨""迈向""回收复用""闭环阶段,估值逻辑随之从概念想象转向产业化验证,尽管需考虑气象延期与技术风险容错,但产业催化不断,梯队建设完整,中长期发展前景看好。相关ETF方面,航天ETF(159267)为全市场唯一以“航天”命名的ETF,该ETF商业航天概念含量超70%,居于市场领先地位。今年以来,市场资金高度关注商业航天相关板块,航天ETF(159267)为该指数今年以来份额增长率最高标的,今年5月更是创下全月连续资金净流入纪录。指数数据拆开来看,不同于其他聚焦航天细分赛道产业指数,国证航天指数覆盖“火箭发射-卫星制造-地面通信”商业航天全产业链,同时,从指数成分股净利润来看,国证航天指数当前盈利能力以及在2026、2027年盈利预期也相较其他细分赛道产业指数更稳定,是投资者把握国产商业航天加速发展机遇、一键布局商业航天全产业链的的便捷工具。(风险提示:以上信息仅供参考,不构成投资建议。入市有风险,投资需谨慎。)每日经济新闻",凤凰网,Media,https://news.ifeng.com/c/8wmYiyRCshy,Watch,,1,2,2,1.50,C,未进入本周主文清单；保留在数据库供追溯。,Database_Only,,,,Pass A discovery via D4-CN-01; full-text validation is required before S/A use.,Yes
2026W40-WEB-136,2026-09-28,2026-09-28,China,Financing,Commercial_Space,商业航天最有可能是十月主线_财富号_东方财富网,商业航天最有可能是十月主线_财富号_东方财富网,"$神剑股份(SZ002361)$ $巨力索具(SZ002342)$ $雷科防务(SZ002413)$ 近期我一直在提醒大家航天筑底成功,大家还是得看懂资金动向,资金去哪里我们就去哪里,今天航天已经脱离科技线,大盘大面积负反馈的情况下,今天商航已经算是比较抗跌了,10月份最有机会启动成为主线。从近期航天加速组网,消息面不断,叠加长征十号乙回收复用、超大型可回收长征十二号乙近期准备验证、蓝箭航天ipo等,所以十月份我是看好航天的,商业航天近期明显筑底,底部放量说明已经有资金在提前布局,大家要开得懂,今天巨力、神剑、雷科几个情绪票都有异动就是最好的证明,还是那句话要信早信啊! 郑重声明:用户在社区发表的所有信息将由本网站记录保存,仅代表作者个人观点,与本网站立场无关,不对您构成任何投资建议,据此操作风险自担。请勿相信代客理财、免费荐股和炒股培训等宣传内容,远离非法证券活动。请勿添加发言用户的手机号码、公众号、微博、微信及QQ等信息,谨防上当受骗! 郑重声明:东方财富网发布此信息的目的在于传播更多信息,与本站立场无关。东方财富网不保证该信息(包括但不限于文字、视频、音频、数据及图表)全部或者部分内容的准确性、真实性、完整性、有效性、及时性、原创性等。相关信息并未经过本网站证实,不对您构成任何投资建议,据此操作,风险自担。",财富号,Media,https://caifuhao.eastmoney.com/news/20260928130303369936500,Watch,,1,2,2,1.50,C,未进入本周主文清单；保留在数据库供追溯。,Database_Only,,,,Pass A discovery via D4-CN-01; full-text validation is required before S/A use.,Yes
2026W40-QCC-DOMESTIC-041,2026-09-28,2026-09-28,China,Financing,Chip,诺视科技,诺视科技A+轮融资记录,微显示芯片解决方案提供商；企查查披露金额：未披露。,企查查（境内）,Database,N/A,Manual,,1,2,2,1.50,C,未进入本周主文清单；保留在数据库供追溯。,Database_Only,,,,QCC raw_id=f9ef42f453f048589b17fc430202f2a7；数据库记录是线索，不等于公司公开确认；金额和日期保留原始披露口径。,No
2026W40-QCC-DOMESTIC-042,2026-09-28,2026-09-28,China,Financing,AI,深眸科技,深眸科技A轮融资记录,AI机器视觉技术研发商；企查查披露金额：未披露。,企查查（境内）,Database,N/A,Manual,,1,2,2,1.50,C,未进入本周主文清单；保留在数据库供追溯。,Database_Only,,,,QCC raw_id=601a7d970867a31006566b77b1c3e0e1；数据库记录是线索，不等于公司公开确认；金额和日期保留原始披露口径。,No
2026W40-QCC-DOMESTIC-043,2026-09-28,2026-09-28,China,Financing,Chip,芯胜半导体,芯胜半导体A轮融资记录,化合物半导体外延片材料研发生产商；企查查披露金额：未披露。,企查查（境内）,Database,N/A,Manual,,1,2,2,1.50,C,未进入本周主文清单；保留在数据库供追溯。,Database_Only,,,,QCC raw_id=d54e91ca45a26cbc5c116627edd721c6；数据库记录是线索，不等于公司公开确认；金额和日期保留原始披露口径。,No
2026W40-QCC-DOMESTIC-044,2026-09-28,2026-09-28,China,Financing,Chip,润芯信息,润芯信息A轮融资记录,射频模拟集成电路制造商；企查查披露金额：未披露。,企查查（境内）,Database,N/A,Manual,,1,2,2,1.50,C,未进入本周主文清单；保留在数据库供追溯。,Database_Only,,,,QCC raw_id=def0065c521adc330fd256e0ead61a34；数据库记录是线索，不等于公司公开确认；金额和日期保留原始披露口径。,No
2026W40-QCC-DOMESTIC-045,2026-09-28,2026-09-28,China,Financing,AI,大川知物,大川知物A轮融资记录,动物生理信号遥测与AI分析系统研发商；企查查披露金额：未披露。,企查查（境内）,Database,N/A,Manual,,1,2,2,1.50,C,未进入本周主文清单；保留在数据库供追溯。,Database_Only,,,,QCC raw_id=e5c53d9cdbe2e8c119cb75fbd743b22e；数据库记录是线索，不等于公司公开确认；金额和日期保留原始披露口径。,No
2026W40-QCC-DOMESTIC-046,2026-09-28,2026-09-28,China,Financing,AI,爱无止境,爱无止境A轮融资记录,AI潮玩全案服务提供商；企查查披露金额：未披露。,企查查（境内）,Database,N/A,Manual,,1,2,2,1.50,C,未进入本周主文清单；保留在数据库供追溯。,Database_Only,,,,QCC raw_id=fbf530c1341b8ace4a94426c92907289；数据库记录是线索，不等于公司公开确认；金额和日期保留原始披露口径。,No
2026W40-QCC-DOMESTIC-047,2026-09-28,2026-09-28,China,Financing,Chip,微珩科技,微珩科技Pre-A+轮融资记录,ASIC计算存储芯片研发商；企查查披露金额：未披露。,企查查（境内）,Database,N/A,Manual,,1,2,2,1.50,C,未进入本周主文清单；保留在数据库供追溯。,Database_Only,,,,QCC raw_id=fc30234bca843607e5bab78e60cd2a3b；数据库记录是线索，不等于公司公开确认；金额和日期保留原始披露口径。,No
2026W40-QCC-DOMESTIC-048,2026-09-28,2026-09-28,China,Financing,Commercial_Space,东升宇航,东升宇航Pre-A轮融资记录,飞行器研发生产商；企查查披露金额：未披露。,企查查（境内）,Database,N/A,Manual,,1,2,2,1.50,C,未进入本周主文清单；保留在数据库供追溯。,Database_Only,,,,QCC raw_id=59d8180524c886a94bb9bd1cf990e6c4；数据库记录是线索，不等于公司公开确认；金额和日期保留原始披露口径。,No
2026W40-QCC-DOMESTIC-049,2026-09-28,2026-09-28,China,Financing,AI,鑫云生科,鑫云生科天使+轮融资记录,AI贯穿血管介入器械和设备智能化研发商；企查查披露金额：数千万元。,企查查（境内）,Database,https://mp.weixin.qq.com/s/9zgnVvTezXEWIvkLYGU8bA,Manual,,1,2,2,1.50,C,未进入本周主文清单；保留在数据库供追溯。,Database_Only,,,,QCC raw_id=af40b8041bf512ee61923970e1654fe5；数据库记录是线索，不等于公司公开确认；金额和日期保留原始披露口径。,No
2026W40-QCC-DOMESTIC-050,2026-09-28,2026-09-28,China,Financing,AI,八方地动,八方地动天使+轮融资记录,人工智能科技研发商；企查查披露金额：未披露。,企查查（境内）,Database,N/A,Manual,,1,2,2,1.50,C,未进入本周主文清单；保留在数据库供追溯。,Database_Only,,,,QCC raw_id=de8ee53cb15795d4684ae72487c0d794；数据库记录是线索，不等于公司公开确认；金额和日期保留原始披露口径。,No
2026W40-QCC-DOMESTIC-051,2026-09-28,2026-09-28,China,Financing,AI,深空之序,深空之序天使轮融资记录,AI Agent产品开发商；企查查披露金额：未披露。,企查查（境内）,Database,N/A,Manual,,1,2,2,1.50,C,未进入本周主文清单；保留在数据库供追溯。,Database_Only,,,,QCC raw_id=a614d2b2ca68965f87b60ac2cc102188；数据库记录是线索，不等于公司公开确认；金额和日期保留原始披露口径。,No
2026W40-QCC-DOMESTIC-052,2026-09-28,2026-09-28,China,Financing,AI,超球面科技,超球面科技天使轮融资记录,人工智能服务商；企查查披露金额：未披露。,企查查（境内）,Database,N/A,Manual,,1,2,2,1.50,C,未进入本周主文清单；保留在数据库供追溯。,Database_Only,,,,QCC raw_id=c3b666678e520dd41eb9bf88f00ddf24；数据库记录是线索，不等于公司公开确认；金额和日期保留原始披露口径。,No
2026W40-QCC-OVERSEAS-014,2026-09-28,2026-09-28,Global,Financing,AI,Instinct,InstinctC轮融资记录,AI智能体研发商；企查查披露金额：10亿美元。,企查查（境外）,Database,https://www.finsmes.com/2026/09/instinct-raises-1-billion-in-series-c-funding-at-10-billion-valuation.html,Manual,,1,2,2,1.50,C,未进入本周主文清单；保留在数据库供追溯。,Database_Only,,,,QCC raw_id=cbac6885217519c4ef05ce097b00580d；数据库记录是线索，不等于公司公开确认；金额和日期保留原始披露口径。,No
2026W40-QCC-OVERSEAS-016,2026-09-28,2026-09-28,Global,Financing,AI,AI Hospitality Group,AI Hospitality Group种子轮融资记录,智能酒店管理服务提供商；企查查披露金额：750万美元。,企查查（境外）,Database,https://www.traveldaily.cn/article/190768/,Manual,,1,2,2,1.50,C,未进入本周主文清单；保留在数据库供追溯。,Database_Only,,,,QCC raw_id=130cf9f38d8b396fa92809ba5702b888；数据库记录是线索，不等于公司公开确认；金额和日期保留原始披露口径。,No
2026W40-QCC-OVERSEAS-017,2026-09-28,2026-09-28,Global,Financing,AI,Vistrata,Vistrata股权融资融资记录,跨平台人工智能软件开发商；企查查披露金额：未披露。,企查查（境外）,Database,https://en.wowtale.net/2026/09/28/235254/,Manual,,1,2,2,1.50,C,未进入本周主文清单；保留在数据库供追溯。,Database_Only,,,,QCC raw_id=ac2d168f1077a392885eb00111b5a0d8；数据库记录是线索，不等于公司公开确认；金额和日期保留原始披露口径。,No
2026W40-WEB-011,2026-09-29,2026-09-29,China,Technology,Commercial_Space,关于举办2026年长沙市青少年太空机器人竞赛的通知-长科协发24号(10),关于举办2026年长沙市青少年太空机器人竞赛的通知-长科协发24号(10),关于举办2026年长沙市青少年太空机器人竞赛的通知-长科协发24号(10) 发布时间 : 2026-09-29 来源: 作者:,长沙市政府门户网站,Official,http://kx.changsha.gov.cn/xxgk/tztg/202609/t20260929_12579510.html,S_Core,,1,2,2,1.50,C,未进入本周主文清单；保留在数据库供追溯。,Exclude,,,,Pass A discovery via D1-CN-01; full-text validation is required before S/A use.,Yes
2026W40-WEB-012,2026-09-29,2026-09-29,China,Policy,Commercial_Space,航天学院关于“未来英才”计划推荐人选及申报材料公示的通知,航天学院关于“未来英才”计划推荐人选及申报材料公示的通知,"各相关单位:根据学校《关于进一步做好2026年度“未来英才”计划申报推荐工作的通知》要求,现将航天学院拟推荐人选及申报材料予以公示。具体安排如下:公示时间:2026年9月29日—2026年10月10日公示地点:主楼237联系人:李垚联系电话:86413578航天学院 2026年9月29日",sa.hit.edu.cn,Official,http://sa.hit.edu.cn/2026/0929/c21230a402226/page.htm,S_Core,,1,2,2,1.50,C,未进入本周主文清单；保留在数据库供追溯。,Exclude,,,,Pass A discovery via D1-CN-01; full-text validation is required before S/A use.,Yes
2026W40-WEB-015,2026-09-29,2026-09-29,China,Financing,Commercial_Space,航天时代电子技术股份有限公司 关于2026年度第一期超短期融资券完成兑付的公告_大风号_凤凰网,航天时代电子技术股份有限公司 关于2026年度第一期超短期融资券完成兑付的公告_大风号_凤凰网,"证券代码:600879 证券简称:航天电子 公告编号:临2026-053 航天时代电子技术股份有限公司 关于2026年度第一期超短期融资券完成兑付的公告 本公司董事会及全体董事保证本公告内容不存在任何虚假记载、误导性陈述或者重大遗漏,并对其内容的真实性、准确性和完整性承担法律责任。 航天时代电子技术股份有限公司(下称“公司”)2024年年度股东大会审议通过了《关于公司申请注册发行超短期融资券的议案》,决定向中国银行间市场交易商协会申请注册总额不超过60亿元人民币的超短期融资券。2025年10月31日,中国银行间市场交易商协会接受公司注册并签发了《接受注册通知书》(中市协注[2025]SCP315号)(详见2025年11月4日刊登在中国证券报、上海证券报、证券时报及上海证券交易所网站上的相关公告)。 公司2026年度第一期超短期融资券于2026年3月31日发行(详见2026年4月3日刊登在中国证券报、上海证券报、证券时报及上海证券交易所网站上的相关公告)。近日,公司已按照约定时限完成2026年度第一期超短期融资券的兑付工作。 特此公告。 航天时代电子技术股份有限公司 2026年9月29日",凤凰网,Media,https://feng.ifeng.com/c/8wo0tquWe38,Watch,,1,2,2,1.50,C,未进入本周主文清单；保留在数据库供追溯。,Database_Only,,,,Pass A discovery via D1-CN-02; full-text validation is required before S/A use.,Yes
2026W40-WEB-016,2026-09-29,2026-09-29,China,Financing,Commercial_Space,航天时代电子技术股份有限公司关于2026年度第一期超短期融资券完成兑付的公告|上海证券报,航天时代电子技术股份有限公司关于2026年度第一期超短期融资券完成兑付的公告|上海证券报,"证券代码:600879 证券简称:航天电子 公告编号:临2026-053航天时代电子技术股份有限公司关于2026年度第一期超短期融资券完成兑付的公告本公司董事会及全体董事保证本公告内容不存在任何虚假记载、误导性陈述或者重大遗漏,并对其内容的真实性、准确性和完整性承担法律责任。航天时代电子技术股份有限公司(下称“公司”)2024年年度股东大会审议通过了《关于公司申请注册发行超短期融资券的议案》,决定向中国银行间市场交易商协会申请注册总额不超过60亿元人民币的超短期融资券。2025年10月31日,中国银行间市场交易商协会接受公司注册并签发了《接受注册通知书》(中市协注[2025]SCP315号)(详见2025年11月4日刊登在中国证券报、上海证券报、证券时报及上海证券交易所网站上的相关公告)。公司2026年度第一期超短期融资券于2026年3月31日发行(详见2026年4月3日刊登在中国证券报、上海证券报、证券时报及上海证券交易所网站上的相关公告)。近日,公司已按照约定时限完成2026年度第一期超短期融资券的兑付工作。特此公告。航天时代电子技术股份有限公司2026年9月29日",中国证券报,Media,https://paper.cnstock.com/html/2026-09/29/content_2273103.htm,Watch,,1,2,2,1.50,C,未进入本周主文清单；保留在数据库供追溯。,Database_Only,,,,Pass A discovery via D1-CN-02; full-text validation is required before S/A use.,Yes
2026W40-WEB-026,2026-09-29,2026-09-29,China,Policy,Chip;AI,投资浮盈考验 | 2026年9月产业园区暨基础设施投资发展报告_腾讯新闻,投资浮盈考验 | 2026年9月产业园区暨基础设施投资发展报告_腾讯新闻,"观点指数 算力建设转向互联互通,AI政策持续向中小企业下沉 期内算力与AI领域多项政策密集落地,行业建设重心从单一基建扩容转向跨区域算力互联互通与调度优化,同时明确绿色低碳刚性约束。政策持续向中小企业倾斜,通过开放算力资源、产业场景及多元金融支持,降低中小主体AI应用门槛。叠加高技术制造业高增、算力产业链价格传导显现,新动能持续引领工业经济复苏。产业资本对冲园区周期,硬科技投资账面浮盈待验证 产业园区传统开发运营面临周期压力,国资平台与上市园区企业加大硬科技股权投资,依托产业投资收益对冲主业波动。部分项目上市带来高额账面浮盈,但受限售期、二级市场估值回调、企业持续亏损等因素制约,真实收益兑现存在不确定性。同时国资不断迭代载体空间、创新运营模式,打造适配半导体、算力产业的专业载体,推动产业与资本协同发展。园区机制创新与资本双驱动,AI赛道项目集聚升级 报告期内,多起硬科技产业投资落地,资金持续向AI算力配套、半导体、具身智能等赛道倾斜,产业链项目加速扩容。各地园区创新土地供给、跨区域协同机制,缩短项目落地周期。同时产业园区融资环境宽松,融资利率下行,ABS、类REITs等资产证券化工具被广泛运用。低成本资金助力园区盘活存量资产,推动产业运营与资本运作深度结合。园区REITs市场超跌修复,公募IDC资产扩募进度承压 8月下旬产业园REITs板块迎来超跌修复,多只标的大幅上涨,但行情缺乏基本面支撑,9月随即震荡回调,板块多空分歧加大,个股表现持续分化。IDC公募REITs资产运营稳健,但扩募推进不及预期;机构间IDC REITs审批运作更灵活,已成为算力资产盘活渠道。两类产品机制差异明显,需区分交易行情与底层基本面,持续跟踪公募扩募落地进展。算力建设转向互联互通,AI政策持续向中小企业下沉报告期内,据观点指数不完全统计,共录得6起政策动态。行业发展导向明显,算力建设从单一基础设施",腾讯网,Media,https://news.qq.com/rain/a/20260929A0C8FM00,Watch,,1,2,2,1.50,C,未进入本周主文清单；保留在数据库供追溯。,Exclude,,,,Pass A discovery via D1-CN-03; full-text validation is required before S/A use.,Yes
2026W40-WEB-032,2026-09-29,2026-09-29,China,Financing,Chip;AI,2026-2030年AI算力行业深度研判、竞争格局与投资机会分析_中研普华_中研网,2026-2030年AI算力行业深度研判、竞争格局与投资机会分析_中研普华_中研网,"2026-2030 年,AI 算力产业将从 “大模型训练军备竞赛” 转入训练与推理双轮驱动、云端 + 边缘分层部署的结构性增长周期。 2026-2030年AI算力行业深度研判、竞争格局与投资机会分析2026-2030 年,AI 算力产业将从 “大模型训练军备竞赛” 转入训练与推理双轮驱动、云端 + 边缘分层部署的结构性增长周期。中研普华产业研究院的《2026-2030年AI算力产业现状及未来发展趋势分析报告》数据显示,国内 AI 算力市场规模预计由 2026 年突破千亿量级,至 2030 年接近 3200 亿元,复合增速维持 26% 以上。行业核心矛盾不再单纯是硬件性能比拼,而是外部高端芯片供给管制、国内软硬件生态短板、算力能耗与土地指标约束三重压力叠加。产业链价值重心逐步由单一 GPU 芯片,向 HBM 高速存储、光互联、液冷基础设施、算力调度平台、国产算力芯片集群迁移。竞争维度由硬件参数竞赛升级为全栈系统能力比拼。未来五年,行业投资主线将围绕国产算力生态落地、高速互联硬件、算力租赁与综合运维、边缘推理算力四条主线展开;同时需高度关注出口管制升级、资本开支周期性波动、大模型商业化不及预期带来的下行风险。一、行业底层逻辑与需求结构变迁(2026-2030)1.1 需求结构:从训练独大转向推理算力主导2023-2025 年行业增长由基础大模型预训练拉动,头部科技企业集中采购高端训练芯片,资本开支集中在超大训练集群。进入 2026 年后,大模型进入规模化落地阶段,Agent、多模态生成、行业垂直大模型、AI 应用客户端爆发,推理算力需求增速显著超过训练算力。Token 消耗持续指数级增长,推理场景具有并发高、单请求算力需求低、节点数量庞大的特征,对算力的单位 token 成本、功耗、集群调度能力提出更高要求。训练算力属于资本开支型一次性投入,项目建设周期长、单集群投资额巨大;",中研网,Media,https://www.chinairn.com/scfx/20260929/164216235.shtml,Watch,,1,2,2,1.50,C,未进入本周主文清单；保留在数据库供追溯。,Database_Only,,,,Pass A discovery via D1-CN-03; full-text validation is required before S/A use.,Yes
2026W40-WEB-045,2026-09-29,2026-09-29,China,Policy,Commercial_Space,2025年12月04日 早报 - 河南日报网,2025年12月04日 早报 - 河南日报网,"12月3日,蓝箭航天朱雀三号遥一运载火箭成功首飞入轨,但未能如愿完成火箭一级回收验证任务。朱雀三号的首飞引发市场高度关注。若其发射并实现成功回收,对于中国航天具有里程碑式的重要意义,将使得中国成为美国之后,全球第二个掌握可重复使用火箭技术的国家。全国空间探测技术首席科学传播专家、中国空间科学传播专家工作室首席科学传播专家庞之浩表示,这场“虽败犹荣”的尝试,正加速推动我国迈入可重复使用火箭时代。当前,商业航天已成为大国竞逐的新焦点。中国商业航天自2015年起步,如今正迎来“技术突破”和“规模爆发”双重拐点。不久前,国家航天局发布《国家航天局推进商业航天高质量安全发展行动计划(2025—2027年)》,将商业航天纳入国家航天发展总体布局。近期,国家航天局还设立商业航天司,标志着我国商业航天产业迎来专职监管机构,未来将持续推动我国商业航天高质量发展,产业链有望全面受益。产业扩张期加速到来,各地也在加紧布局。全国至少20个省份已出台支持政策,角力商业航天。河南省先后制定出台了《河南省卫星产业发展规划》《河南省卫星及应用产业发展行动计划(2022—2025年)》,初步构建起了以郑州、鹤壁为核心的航空航天产业发展布局,在行业应用上,“中原一号”“河南一号”“鹤壁一号、二号、三号”等遥感卫星相继发射运行,在自然资源、应急管理、生态环保等领域发挥着重要作用。",www.henandaily.cn,Media,https://www.henandaily.cn/news/2025/1204/1192667.html,Watch,,1,2,2,1.50,C,未进入本周主文清单；保留在数据库供追溯。,Exclude,,,,Pass A discovery via D1-CN-05; full-text validation is required before S/A use.,Yes
2026W40-WEB-050,2026-09-29,2026-09-29,China,Policy,Commercial_Space,"中科宇航将力箭一号总装周期压缩至15天,商业火箭竞争转向交付效率_ZAKER新闻","中科宇航将力箭一号总装周期压缩至15天,商业火箭竞争转向交付效率_ZAKER新闻","9 月 27 日,中科宇航力箭一号运载火箭单箭总装周期已由首飞阶段约 3 个月缩短至约 15 天。位于广州南沙的产业化基地年产能达到 30 发,基本实现每月均有发射任务。随着生产方式由 "" 按任务生产 "" 转向 "" 提前备产 "",公司称接单至发射的响应周期已压缩至半年内。总装周期缩短,意味着商业火箭的竞争正从 "" 能否发射 "" 进一步转向能否稳定、快速地交付。对于面向卫星星座组网的发射需求而言,火箭制造、测试和发射场保障的衔接效率,直接影响客户的入轨节奏。中科宇航此前披露,力箭一号发射排期已规划至 2027 年下半年。订单储备与制造能力开始同时成为其兑现商业化能力的关键环节。力箭一号是一型四级固体运载火箭,具备 500 公里太阳同步轨道约 1.5 吨、近地轨道约 2 吨的运载能力,主要服务于低轨遥感、通信等卫星组网需求。自 2022 年 7 月首飞以来,截至今年 9 月 20 日,力箭一号已完成 16 次飞行;力箭系列运载火箭累计将 1 艘飞船、121 颗卫星送入太空,入轨载荷总质量超过 21 吨。产线提效之外,发射场端的周期也在压缩。中科宇航此前表示,依托专属发射工位及配套技术厂房,力箭一号测发周期已压缩至 10 天以内。制造端提前备产、发射端缩短测发周期,意味着火箭交付正逐步由单个项目驱动,转向更接近连续生产与常态化发射的模式。不过,设计产能不等同于实际发射数量。南沙基地年产 30 发,反映的是固体火箭制造能力;而中科宇航今年对力箭一号的发射计划为不少于 8 次。两者仍受订单排期、卫星交付、发射场资源及任务窗口等因素共同约束。此次披露的 15 天为单箭 "" 总装周期 "" 口径,也仍需与总装测试等完整流程进一步区分。在 "" 星多箭少 "" 的供需背景下,商业航天的竞争焦点正在从单次入轨能力,延伸至运力供给的持续性和经济性。中科宇航将力箭一号总装压缩至 15 天,尚不足以单独",ZAKER,Media,http://app.myzaker.com/news/article.php?pk=6aba18fbb15ec05d503d3fd1,Watch,,1,2,2,1.50,C,未进入本周主文清单；保留在数据库供追溯。,Exclude,,,,Pass A discovery via D1-CN-05; full-text validation is required before S/A use.,Yes
2026W40-WEB-058,2026-09-29,2026-09-29,China,Financing,Commercial_Space,桂林生活网教育频道,桂林生活网教育频道,"导语:2026年正成为中国商业航天的价值分野之年。中国商业航天正在从“运力建设上半场”,步入“入口与生态构建的下半场”。8月24日,北京穿越者载人航天科技有限公司(下称“穿越者”)官宣完成Pre-A+轮融资。本轮由四川国经、金达资本两家新进股东投资,老股东中天汇富连续第三轮跟投,啟赋资本连续两轮追加。此时距离穿越者上一轮融资官宣,过去不到三个月。这笔融资官宣的数天前,中国商业航天刚刚完成一次历史性跨越:8月19日,蓝箭航天朱雀三号遥二运载火箭发射入轨,一子级按预定程序成功软着陆于甘肃民勤着陆场坪——我国首次实现入轨级运载火箭一子级陆地回收。两件事放在一起看,刚好构成这个行业当下最完整的一幅拼图:一边,可回收火箭接连破冰,运力供给的瓶颈正在被拆解;另一边,资本开始为下一个的问题下注——火箭便宜了、够用了,谁来坐、谁来用?运力革命加速兑现,新的竞争维度已经打开这个夏天,中国可回收火箭的进度表明显加密。7月10日,长征十号乙运载火箭完成我国首次一子级海上网系回收;8月19日,朱雀三号遥二再以着陆支腿方式完成陆地回收,国家航天局评价其为“我国重复使用火箭技术的重大突破”。一个月内,国企与民企各拿下一个“中国首次”。这还不是终点。据公开信息,朱雀三号计划在今年四季度尝试首次回收复用飞行;长征十号乙预计年底前完成一子级复用飞行。多家券商在研报中将2026年称为我国“可回收火箭元年”,多型可回收火箭将在年内跑通“回收+复用”路线,逐步进入航班化发射阶段。运力端的叙事由此改写:发射成本下降、频次上升,供给正在从稀缺走向充沛。当“怎么上天”不再是瓶颈,“谁需要上天”就自然成为产业竞争的下一道题。这是产业演进的必然逻辑。回看美国商业航天的路径,SpaceX用可回收火箭把发射成本打到全行业最低,然后顺势切入星链——用火箭的成本优势支撑卫星互联网的规模化部署,再用星链的收入反哺星舰的研发。运力革命",edu.guilinlife.com,Media,http://edu.guilinlife.com/index.php?s=/news/content/id/171979,Watch,,1,2,2,1.50,C,未进入本周主文清单；保留在数据库供追溯。,Database_Only,,,,Pass A discovery via D1-CN-05; full-text validation is required before S/A use.,Yes
2026W40-WEB-070,2026-09-29,2026-09-29,China,Technology,AI,OpenAI DevDay主题演讲定档,OpenAI DevDay主题演讲定档,"OpenAI : ""10am PT, on the dot"", OpenAI DevDay keynote is set. ""Dots"" are coming!2:03 PM · Sep 29, 2026 6,389 Views",网易新闻客户端,Media,https://c.m.163.com/news/a/L81DLRLG05561FZG.html,Watch,,1,2,2,1.50,C,未进入本周主文清单；保留在数据库供追溯。,Exclude,,,,Pass A discovery via D1-CN-06; full-text validation is required before S/A use.,Yes
2026W40-WEB-072,2026-09-29,2026-09-29,China,Technology,Space_Compute;Commercial_Space;AI,北京党员教育,北京党员教育,"日前,中科宇航力箭一号运载火箭在东风商业航天创新试验区一飞冲天,顺利入轨的9颗卫星中,“超智算一号”“鹏城南科一号”等卫星具备星载AI智算能力。自从“太空算力”热起来,算力卫星或具备智算能力的卫星正成为航天领域的新宠,“算力上天”“在轨AI”也成了惹眼的概念。 抛开直观、热闹的发射场面不说,应急、气象、科研等一线用户最关心的,不外乎这几件事:天上的算力,值不值那笔运费?卫星能不能自己“商量”着干点数据处理的活儿?数据多久能到我们手上? “天感地算”到“天感天算” “快”是核心 很多卫星的工作方式像快递员,在天上收集数据,等飞过地面站时把“包裹”传下来,由“中转站”——地面数据中心解析后再分发给用户。 受地面站资源、带宽等因素限制,只有不到1/10的有效卫星数据能传回地面,且数据时效性差。如此一来,不仅“物流慢”,随着卫星数量越来越多,“包裹”量急剧增长,“中转站”的调度运行压力也越来越大,卫星数据大量浪费在所难免。 “我们要构建太空计算星座,把算力送到太空,实现计算卫星之间的互联互通,进而把人工智能送上天。”中国工程院院士、之江实验室主任王坚所言,代表了一种解决问题的思路:把算力搬上天,让“天上的事情天上干”。 2025年,全球首个整轨互联的太空计算星座——三体计算星座首批12颗卫星顺利升空。同年11月,该星座通过星载“地表异常检测模型”发现我国西北某地一起火情,并自动对火点烟雾范围进行有效识别。“数据在太空中处理,处理结果直接送到用户手中,效率可提升至分钟级,甚至秒级。”三体计算星座技术总师李超说。 今年7月,搭载3个AI气象模型的西光贰号03星入列三体计算星座。该卫星可在天上直接产出预报结果,将观测预警流程从传统气象卫星的90分钟压缩至分钟级响应,让台风路径预判、城市内涝预警、电网防灾调度等变得更快更准。 “快”,不仅是信息获取效率的跃升,更是把卫星从被动的记录者转变",北京党员教育,Official,https://www.bjcc.gov.cn/article/600676871.html,S_Core,,1,2,2,1.50,C,未进入本周主文清单；保留在数据库供追溯。,Exclude,,,,Pass A discovery via D1-CN-06; full-text validation is required before S/A use.,Yes
2026W40-WEB-073,2026-09-29,2026-09-29,China,Policy,Space_Compute;Commercial_Space;AI,科学网-[转载]2026年空天智能与电子信息技术国际学术会议(AIEIT 2026) - 艾思科蓝AiScholar的博文,科学网-[转载]2026年空天智能与电子信息技术国际学术会议(AIEIT 2026) - 艾思科蓝AiScholar的博文,"院士云集/哈工大主办/主题+专题报告/高层次会议2026年空天智能与电子信息技术国际学术会议2026 International Conference on Aerospace Intelligence and Electronic Information Technology2026年11月6–8日 · 中国三亚(线上同步)请点击【论文投稿/报名参会】大会简介2026年空天智能与电子信息技术国际学术会议 (AIEIT 2026)将于2026年11月6–8日在中国三亚隆重召开。会议主要围绕空天智能、控制与电子信息技术等研究领域展开讨论。会议旨在为从事空天智能与电子信息技术的专家学者、工程技术人员、技术研发人员提供一个共享科研成果和前沿技术,了解学术发展趋势,拓宽研究思路,加强学术研究和探讨,促进学术成果产业化合作的平台。大会诚邀国内外高校、科研机构专家、学者,企业界人士及其他相关人员参会交流!期待与您相约三亚,共襄空天智能与电子信息技术领域学术盛宴!请点击【论文投稿/报名参会】征稿主题研究领域包括但不限于以下主题:Track 1: 空天通信、感知与信息论— 高动态信道建模与容量分析— 通感一体化理论与波形设计— 无GPS环境下的机会信号导航— 电磁频谱感知与智能对抗— 量子探测与经典信息论交叉— 星间链路组网与路由优化— 智能反射面辅助空天通信— 空天地一体化网络资源调度Track 2: 空天智能控制与集群博弈— 深度强化学习与最优制导控制— 无人机/卫星编队分布式控制— 认知电子战中的博弈决策— 资源感知与事件触发控制— 大模型辅助空天态势认知与决策— 多约束条件下的自主避障与轨迹规划— 集群自组织协同任务分配— 人机混合决策与可解释AI控制Track 3: 天基边缘智能与在轨计算— 星载联邦学习与分布式优化— 轻量化AI模型与星载部署— 分布式估计的通信计算折衷— 数字",中国科学报,Media,https://wap.sciencenet.cn/home.php?mod=space&uid=3462448&do=blog&id=1554540,Watch,,1,2,2,1.50,C,未进入本周主文清单；保留在数据库供追溯。,Exclude,,,,Pass A discovery via D1-CN-06; full-text validation is required before S/A use.,Yes
2026W40-WEB-079,2026-09-29,2026-09-29,China,Financing,Commercial_Space;AI,"航天工程:融资净买入72.73万元,融资余额2.59亿元_航天工程(603698)股吧_东方财富网股吧","航天工程:融资净买入72.73万元,融资余额2.59亿元_航天工程(603698)股吧_东方财富网股吧","交易所最新数据显示,航天工程于2026年9月28日获融资买入1160.27万元,融资偿还1087.54万元,当日融资净买入72.73万元。目前,该股融资余额2.59亿,占流通市值比例为2.38%。该股当日融券卖出0股,融券偿还100股,融券净偿还100股。目前,该股融券余量8.14万股,融券余额165.32万元。免责声明:本文基于AI生产,仅供参考,不构成任何投资建议,据此操作风险自担。东方财富发布此内容旨在传播更多信息,与本平台立场无关。东方财富力求但不保证数据的完全准确,如有错漏请以中国证监会指定上市公司信息披露媒体为准,东方财富不对因该资料全部或部分内容而引致的盈亏承担任何责任。用户个人对服务的使用承担风险,东方财富对此不作任何类型的担保。",股吧,Media,"https://guba.eastmoney.com/news,603698,1778451462.html",Watch,,1,2,2,1.50,C,未进入本周主文清单；保留在数据库供追溯。,Database_Only,,,,Pass A discovery via D1-CN-07; full-text validation is required before S/A use.,Yes
2026W40-WEB-080,2026-09-29,2026-09-29,China,Financing,Commercial_Space,关于汇添富国证航天航空行业交易型开放式指数证券投资基金上市交易的公告,关于汇添富国证航天航空行业交易型开放式指数证券投资基金上市交易的公告,"汇添富国证航天航空行业交易型开放式指数证券投资基金(证券简称:航空航天ETF汇添富,证券代码:158030)自2026年10月9日起在本所上市交易。 深圳证券交易所 2026年9月24日",深圳证券交易所,Media,https://www.szse.cn/disclosure/notice/fund/t20260929_623108.html,Watch,,1,2,2,1.50,C,未进入本周主文清单；保留在数据库供追溯。,Database_Only,,,,Pass A discovery via D1-CN-07; full-text validation is required before S/A use.,Yes
2026W40-WEB-085,2026-09-29,2026-09-29,China,Financing,Commercial_Space,[HK]中国技术集团(01725):进一步补充公告 关于最后截止日期届满及有关收购航天卫星技术有限公司49%已发行股本(涉及根据特别授权发行代价股份及可换股债券)之主要及关连交易失效- CFi.CN,[HK]中国技术集团(01725):进一步补充公告 关于最后截止日期届满及有关收购航天卫星技术有限公司49%已发行股本(涉及根据特别授权发行代价股份及可换股债券)之主要及关连交易失效- CFi.CN 中财网,"[HK]中国技术集团(01725):进一步补充公告 关于最后截止日期届满及有关收购航天卫星技术有限公司49%已发行股本(涉及根据特别授权发行代价股份及可换股债券)之主要及关连交易失效 时间:2026年09月29日 23:26:38 中财网 原标题:中国技术集团:进一步补充公告 关于最后截止日期届满及有关收购航天卫星技术有限公司49%已发行股本(涉及根据特别授权发行代价股份及可换股债券)之主要及关连交易失效 香港交易及結算所有限公司及香港聯合交易所有限公司對本公告的內容概不負責,對其準確性或完整性亦不發表任何聲明,並明確表示,概不對因本公告全部或任何部分內容而產生或因倚賴該等內容而引致的任何損失承擔任何責任。 China Strategic Technology Group Limited 中國技術集團有限公司 (於開曼群島註冊成立之有限公司) (股份代號:1725) 進一步補充公告 關於最後截止日期屆滿及 有關收購航天衛星技術有限公司 49%已發行股本(涉及根據特別 授權發行代價股份及 可換股債券)之 主要及關連交易失效 茲提述中國技術集團有限公司(「本公司」,連同其附屬公司統稱「本集團」)日期為2025年10月31日的公告(「該公告」)及本公司日期為2026年5月4日的補充公告(「補充公告」()統稱「該等公告」),內容有關(其中包括)收購航天衛星技術有限公司49%已發行股本(涉及根據特別授權發行代價股份及可換股債券)之主要及關連交易失效。除本公告另有界定者外,本公告所用詞彙與該等公告所界定者具有相同涵義。 董事會謹此就有關貸款協議及其項下擬進行的交易提供進一步資料。 於訂立貸款協議並以現金提供4.5百萬港元之貸款金額後,Prime Bridge CapitalLtd.要求透過穩定幣泰達幣或USDT提供餘下37.6百萬港元之貸款金額結餘。鑒於除一家願意提供約人民幣20百萬",中国财经信息网,Media,https://cfi.cn/p20260929003599.html,Watch,,1,2,2,1.50,C,未进入本周主文清单；保留在数据库供追溯。,Database_Only,,,,Pass A discovery via D1-CN-07; full-text validation is required before S/A use.,Yes
2026W40-WEB-087,2026-09-29,2026-09-29,China,Policy,Commercial_Space,星舰首次入轨!商业航天组网提速 多股获融资客抢筹(名单)_证券要闻_财经_中金在线,星舰首次入轨!商业航天组网提速 多股获融资客抢筹(名单)_证券要闻_财经_中金在线,"星舰首次入轨!商业航天组网提速 多股获融资客抢筹(名单) 2026-09-29 13:52:05 来源:东方财富研究中心 关注中金在线: 扫描二维码 关注√ 中金在线微信 在线咨询: 扫描或点击关注中金在线客服 SpaceX星舰在第十四次试飞中首次进入地球轨道,完成""一箭26星""部署。多家机构指出,可回收火箭商业化将加速国内低轨星座组网,商业航天产业链站上风口。 星舰完成一箭26星部署 北京时间9月28日晚,SpaceX星舰从得克萨斯州星港基地升空,首次成功进入地球轨道,并通过被形容为""糖果分配器""的部署机构逐颗释放卫星,顺利完成26颗第三代星链(V3)卫星部署。 SpaceX在监管文件中披露,第三代星链卫星单颗下行容量约1Tbps,约为现役V2卫星96吉比特每秒的10倍,未来单次星舰发射最多计划搭载60颗此类卫星。公司规划的星舰首次商业服务预计于2028年启动。 值得注意的是,星舰入轨并非孤立事件。 国内低轨星座组网同步提速,千帆星座于9月15日至16日两天两发,在轨卫星规模增至256颗,按规划2026年底将完成累计在轨324颗;中国星网GW星座远期规划规模达12992颗。 政策层面,2026年政府工作报告首次将""加快发展卫星互联网""列入工作任务,工信部亦印发卫星通信产业发展指导意见,国内商业航天正从技术验证加速迈向规模组网。 机构:商业航天迎规模化落地拐点 商业航天是指以市场化为导向、以盈利为目标的航天产业,涵盖火箭与卫星研制、发射服务、地面设备及运营应用等全链条环节。当前,SpaceX星舰首次入轨并部署第三代星链卫星,国内千帆星座、GW星座同步加速组网,可复用火箭与卫星批量制造正推动行业从能力验证走向规模化运营。 ""2026年新型号火箭的商业化复用,有望显著缓解低轨卫星星座组网的成本、运力两大核心痛点。""中航证券指出,这将成为我国商业航天产业由""高成本技术探索""迈向",中金在线,Media,http://news.cnfol.com/zhengquanyaowen/20260929/32383747.shtml,Watch,,1,2,2,1.50,C,未进入本周主文清单；保留在数据库供追溯。,Exclude,,,,Pass A discovery via D1-CN-07; full-text validation is required before S/A use.,Yes
2026W40-WEB-088,2026-09-29,2026-09-29,China,Financing,Commercial_Space,航天信息:拟向控股股东申请4200万元委托贷款 中国基金报,航天信息:拟向控股股东申请4200万元委托贷款 中国基金报,"航天信息:拟向控股股东申请4200万元委托贷款 来源:中国基金报 2026-09-29 18:34 中国基金报9月29日电,航天信息(600271.SH)公告,拟向控股股东中国航天科工集团申请4200万元委托贷款,期限3年,年利率2.29%,资金用于国有资本经营预算项目。该交易构成关联交易,已获董事会审议通过,无需提交股东大会审议。",中国基金报,Media,https://www.chnfund.com/article/6bf24188-190b-e1bf-ac13-3a23fee82991,Watch,,1,2,2,1.50,C,未进入本周主文清单；保留在数据库供追溯。,Database_Only,,,,Pass A discovery via D1-CN-07; full-text validation is required before S/A use.,Yes
2026W40-WEB-113,2026-09-29,2026-09-29,China,Policy,Chip;AI,"【半导体周周观】国产AI存储登顶MLPerf第一梯队,国产算力或迈入产业全链条竞争新路线_财富号评论(cfhpl)股吧_东方财富网股吧","【半导体周周观】国产AI存储登顶MLPerf第一梯队,国产算力或迈入产业全链条竞争新路线_财富号评论(cfhpl)股吧_东方财富网股吧","【数据回顾】上周申万半导体指数跑输上证指数0.93个百分点,半导体板块整体表现略逊于大盘。(来源:Wind,近1周涨跌幅:2026.9.21-2026.9.24;近1月涨跌幅:2026.8.24-2026.9.24;近6月涨跌幅:2026.3.24-2026.9.24;近1年涨跌幅:2025.9.24-2026.9.24)【半导体大事件】1. 国产存储重大突破!兆芯ZX86 AI存储方案登顶国际权威评测9月23日,MLPerf Storage 3.0 榜单发布,搭载兆芯开胜KH-50000的AS13000G7成为首个登榜的纯国产AI存储方案,在 UNet3D 训练、Checkpoint-70B 读写、KVCache 存储卸载等场景中跻身全球第一梯队,单节点KVCache位居全球头部,实现性能跑分及信创安全双认证(来源:格隆汇,20260923)。兆芯以自主 ZX86 架构、Chiplet96核、12通道DDR5、128路PCIe 5.0证明国产高端处理器已能扛住大模型高并发读写与低延迟推理负载,企业级SSD、存储控制器、服务器 CPU、国密安全芯片及信创存储整机链获得可落地标杆。(来源:兆芯官网,快科技,20260923)随着推理侧 KVCache 与长上下文需求爆发,国产通用算力CPU 、高速内存、企业级存储及安全测试环节有望在金融、电信、政务智算项目中加速导入,AI半导体投资框架也将有望转向自主可控关键环节。2. 服务器 CPU 三代路线图公布,国产通用算力进入AI芯片直连新阶段2026杭州云栖大会上某国内头部云厂旗下半导体团队公布倚天系列服务器CPU 规划:2027年将推出倚天720、倚天730两代产品,单核性能持续提升;后续倚天750基于第二代自研核,可与同体系自研AI芯片通过ICN 总线直接互联,提升CPU与加速器的协同效率(来源:财联社,20260922)。头部",股吧,Media,"https://guba.eastmoney.com/news,cfhpl,1778821752.html",Watch,,1,2,2,1.50,C,未进入本周主文清单；保留在数据库供追溯。,Exclude,,,,Pass A discovery via D3-CN-01; full-text validation is required before S/A use.,Yes
2026W40-WEB-126,2026-09-29,2026-09-29,China,Policy,Commercial_Space,星舰首次入轨!商业航天组网提速 多股获融资客抢筹(名单)!_中欧研究精选混合A(of011435)股吧_东方财富网股吧,星舰首次入轨!商业航天组网提速 多股获融资客抢筹(名单)!_中欧研究精选混合A(of011435)股吧_东方财富网股吧,"星舰首次入轨!商业航天组网提速 多股获融资客抢筹(名单)! _ 东方财富网2026年09月29日 08:24K图 BK0963_0 SpaceX星舰在第十四次试飞中首次进入地球轨道,完成""一箭26星""部署。多家机构指出,可回收火箭商业化将加速国内低轨星座组网,商业航天产业链站上风口。 星舰完成一箭26星部署 北京时间9月28日晚,SpaceX星舰从得克萨斯州星港基地升空,首次成功进入地球轨道,并通过被形容为""糖果分配器""的部署机构逐颗释放卫星,顺利完成26颗第三代星链(V3)卫星部署。 SpaceX在监管文件中披露,第三代星链卫星单颗下行容量约1Tbps,约为现役V2卫星96吉比特每秒的10倍,未来单次星舰发射最多计划搭载60颗此类卫星。公司规划的星舰首次商业服务预计于2028年启动。 值得注意的是,星舰入轨并非孤立事件。 国内低轨星座组网同步提速,千帆星座于9月15日至16日两天两发,在轨卫星规模增至256颗,按规划2026年底将完成累计在轨324颗; GW星座远期规划规模达12992颗。 政策层面,2026年政府工作报告首次将""加快发展卫星互联网""列入工作任务,工信部亦印发卫星通信产业发展指导意见,国内商业航天正从技术验证加速迈向规模组网。 机构:商业航天迎规模化落地拐点 商业航天是指以市场化为导向、以盈利为目标的航天产业,涵盖火箭与卫星研制、发射服务、地面设备及运营应用等全链条环节。当前,SpaceX星舰首次入轨并部署第三代星链卫星,国内千帆星座、GW星座同步加速组网,可复用火箭与卫星批量制造正推动行业从能力验证走向规模化运营。 ""2026年新型号火箭的商业化复用,有望显著缓解低轨卫星星座组网的成本、运力两大核心痛点。""中航证券指出,这将成为我国商业航天产业由""高成本技术探索""迈向""低成本规模化商业化落地""的关键拐点。 华泰证券认为,2026年是可回收火箭拐点年,多型",股吧,Media,"https://guba.eastmoney.com/news,of011435,1778647849.html",Watch,,1,2,2,1.50,C,未进入本周主文清单；保留在数据库供追溯。,Exclude,,,,Pass A discovery via D4-CN-01; full-text validation is required before S/A use.,Yes
2026W40-WEB-127,2026-09-29,2026-09-29,China,Financing,Commercial_Space,"SpaceX 星舰将首次尝试入轨,Starlink V3 开启规模部署_ZAKER新闻","SpaceX 星舰将首次尝试入轨,Starlink V3 开启规模部署_ZAKER新闻","SpaceX 星舰将首次尝试入轨,Starlink V3 开启规模部署|航天早参 过去一周(截至 9 月 24 日收盘),市场震荡调整,沪深两市成交额 1.65 万亿元。聚焦商业航天全产业链的航天 ETF(159267)跟踪指数下跌 2.22%。成分股中,航天发展下跌 2.48%,中国卫星下跌 2.84%,光启技术下跌 9.53%。消息面上,SpaceX 官网显示,"" 星舰 "" 第 14 次飞行测试 9 月 28 日发射,本次任务的最大看点是星舰飞船将首次尝试真正进入地球轨道。飞船还将尝试部署 26 颗新一代 Starlink 卫星(Starlink V3)。公司介绍称,每颗 V3 卫星将为卫星互联网星座增加 1Tbps 容量,仅此次任务就将总共增加 26Tbps,单次发射新增容量约为猎鹰 9 号发射 V2 Mini 卫星的 10 倍。研究机构表示,民营火箭产业将从 "" 成功入轨 "" 迈向 "" 回收复用 "" 闭环阶段,估值逻辑随之从概念想象转向产业化验证,尽管需考虑气象延期与技术风险容错,但产业催化不断,梯队建设完整,中长期发展前景看好。相关 ETF 方面,航天 ETF(159267)为全市场唯一以 "" 航天 "" 命名的 ETF,该 ETF 商业航天概念含量超 70%,居于市场领先地位。今年以来,市场资金高度关注商业航天相关板块,航天 ETF(159267)为该指数今年以来份额增长率最高标的,今年 5 月更是创下全月连续资金净流入纪录。指数数据拆开来看,不同于其他聚焦航天细分赛道产业指数,国证航天指数覆盖 "" 火箭发射 - 卫星制造 - 地面通信 "" 商业航天全产业链,同时,从指数成分股净利润来看,国证航天指数当前盈利能力以及在 2026、2027 年盈利预期也相较其他细分赛道产业指数更稳定,是投资者把握国产商业航天加速发展机遇、一键布局商业航天全产业链的的便捷工具。(风险",ZAKER,Media,https://www.myzaker.com/article/6ab9d10f8e9f0944e57f2e32,Watch,,1,2,2,1.50,C,未进入本周主文清单；保留在数据库供追溯。,Database_Only,,,,Pass A discovery via D4-CN-01; full-text validation is required before S/A use.,Yes
2026W40-WEB-129,2026-09-29,2026-09-29,China,Financing,Commercial_Space,中国卫星(600118):中国东方红卫星股份有限公司关于召开2026年半年度业绩说明会- CFi.CN 中财网,中国卫星(600118):中国东方红卫星股份有限公司关于召开2026年半年度业绩说明会- CFi.CN 中财网,"中国卫星(600118):中国东方红卫星股份有限公司关于召开2026年半年度业绩说明会 时间:2026年09月29日 17:06:51 中财网 原标题:中国卫星:中国东方红卫星股份有限公司关于召开2026年半年度业绩说明会的公告 证券代码:600118 证券简称:中国卫星 公告编号:2026-031 中国东方红卫星股份有限公司 关于召开2026年半年度业绩说明会的公告 本公司董事会及全体董事保证本公告内容不存在任何虚假记载、误导性陈述 或者重大遗漏,并对其内容的真实性、准确性和完整性承担法律责任。重要内容提示: ? 会议召开时间:2026年10月14日(星期三)15:00-16:00 ? 会议召开地点:上海证券交易所上证路演中心(网址:https:// roadshow.sseinfo.com/) ? 会议召开方式:上证路演中心网络互动 ? 投资者可于2026年9月30日(星期三)至10月13日(星 期二)16:00前登录上证路演中心网站首页点击“提问预征集”栏目 或通过公司邮箱600118@spacesat.com.cn进行提问。公司将在说明 会上对投资者普遍关注的问题进行回答。 中国东方红卫星股份有限公司(以下简称“公司”)已于2026年 8月20日发布公司2026年半年度报告,为便于广大投资者更全面深 入地了解公司2026年半年度经营成果、财务状况,公司计划于2026 年10月14日(星期三)15:00-16:00举行2026年半年度业绩说 明会,就投资者关心的问题进行交流。 一、说明会类型 本次投资者说明会以网络互动形式召开,公司将针对2026年半 年度的经营成果及财务指标的具体情况与投资者进行互动交流和沟 通,在信息披露允许的范围内就投资者普遍关注的问题进行回答。 二、说明会召开的时间、地点 (一)会议召开时间:2026年10月14日(星期三)15:00-16:",中国财经信息网,Media,https://cfi.cn/p20260929000851.html,Watch,,1,2,2,1.50,C,未进入本周主文清单；保留在数据库供追溯。,Database_Only,,,,Pass A discovery via D4-CN-01; full-text validation is required before S/A use.,Yes
2026W40-WEB-130,2026-09-29,2026-09-29,China,Financing,Commercial_Space,中国卫星(600118):中国东方红卫星股份有限公司关于召开2026年半年度业绩说明会- CFi.CN 中财网,中国卫星(600118):中国东方红卫星股份有限公司关于召开2026年半年度业绩说明会- CFi.CN 中财网,"中国卫星(600118):中国东方红卫星股份有限公司关于召开2026年半年度业绩说明会 时间:2026年09月29日 17:06:51 中财网 原标题:中国卫星:中国东方红卫星股份有限公司关于召开2026年半年度业绩说明会的公告 证券代码:600118 证券简称:中国卫星 公告编号:2026-031 中国东方红卫星股份有限公司 关于召开2026年半年度业绩说明会的公告 本公司董事会及全体董事保证本公告内容不存在任何虚假记载、误导性陈述 或者重大遗漏,并对其内容的真实性、准确性和完整性承担法律责任。重要内容提示: ? 会议召开时间:2026年10月14日(星期三)15:00-16:00 ? 会议召开地点:上海证券交易所上证路演中心(网址:https:// roadshow.sseinfo.com/) ? 会议召开方式:上证路演中心网络互动 ? 投资者可于2026年9月30日(星期三)至10月13日(星 期二)16:00前登录上证路演中心网站首页点击“提问预征集”栏目 或通过公司邮箱600118@spacesat.com.cn进行提问。公司将在说明 会上对投资者普遍关注的问题进行回答。 中国东方红卫星股份有限公司(以下简称“公司”)已于2026年 8月20日发布公司2026年半年度报告,为便于广大投资者更全面深 入地了解公司2026年半年度经营成果、财务状况,公司计划于2026 年10月14日(星期三)15:00-16:00举行2026年半年度业绩说 明会,就投资者关心的问题进行交流。 一、说明会类型 本次投资者说明会以网络互动形式召开,公司将针对2026年半 年度的经营成果及财务指标的具体情况与投资者进行互动交流和沟 通,在信息披露允许的范围内就投资者普遍关注的问题进行回答。 二、说明会召开的时间、地点 (一)会议召开时间:2026年10月14日(星期三)15:00-16:",中财网股票频道,Media,https://stock.cfi.cn/p20260929000851.html,Watch,,1,2,2,1.50,C,未进入本周主文清单；保留在数据库供追溯。,Database_Only,,,,Pass A discovery via D4-CN-01; full-text validation is required before S/A use.,Yes
2026W40-WEB-134,2026-09-29,2026-09-29,China,Financing,Commercial_Space,证券时报电子报实时通过手机APP、网站免费阅读重大财经新闻资讯及上市公司公告,证券时报电子报实时通过手机APP、网站免费阅读重大财经新闻资讯及上市公司公告,航天电子[600879]航天时代电子技术股份有限公司关于2026年度第一期超短期融资券完成兑付的公告 来源:证券时报 2026-09-29 B041版 作者:,证券时报,Media,https://epaper.stcn.com/con/202609/29/content_2979734.html,Watch,,1,2,2,1.50,C,未进入本周主文清单；保留在数据库供追溯。,Database_Only,,,,Pass A discovery via D4-CN-01; full-text validation is required before S/A use.,Yes
2026W40-QCC-DOMESTIC-022,2026-09-29,2026-09-29,China,Financing,Chip,暖芯迦,暖芯迦D轮融资记录,生物医疗芯片研发商；企查查披露金额：未披露。,企查查（境内）,Database,N/A,Manual,,1,2,2,1.50,C,未进入本周主文清单；保留在数据库供追溯。,Database_Only,,,,QCC raw_id=003e50b5ac01756dc3fb50c46338e65a；数据库记录是线索，不等于公司公开确认；金额和日期保留原始披露口径。,No
2026W40-QCC-DOMESTIC-023,2026-09-29,2026-09-29,China,Financing,Chip,博升光电,博升光电C轮融资记录,半导体激光器芯片研发商；企查查披露金额：未披露。,企查查（境内）,Database,N/A,Manual,,2,3,4,2.70,C,行业筛选后的融资条目；满足融资板块下限，以B级正文表项纳入。,Database_Only,资本继续流向芯片、商业航天或AI算力供给链。,用于比较赛道资本密度、轮次与投资人结构。,跟踪金额、投资方与产品交付验证。,QCC raw_id=e0593b174a8e2b28fdd5cc23f8fbb9db；数据库记录是线索，不等于公司公开确认；金额和日期保留原始披露口径。,No
2026W40-QCC-DOMESTIC-024,2026-09-29,2026-09-29,China,Financing,Chip,优存科技,优存科技B+轮融资记录,国际化芯片设计制造商；企查查披露金额：未披露。,企查查（境内）,Database,N/A,Manual,,1,2,2,1.50,C,未进入本周主文清单；保留在数据库供追溯。,Database_Only,,,,QCC raw_id=1586c87d078ff3ea4cb449ff3a150a2d；数据库记录是线索，不等于公司公开确认；金额和日期保留原始披露口径。,No
2026W40-QCC-DOMESTIC-025,2026-09-29,2026-09-29,China,Financing,Chip,阿基米德半导体,阿基米德半导体B轮融资记录,功率半导体研发生产商；企查查披露金额：未披露。,企查查（境内）,Database,N/A,Manual,,1,2,2,1.50,C,未进入本周主文清单；保留在数据库供追溯。,Database_Only,,,,QCC raw_id=10b9cb7df6c094e2cff2cda210736a0f；数据库记录是线索，不等于公司公开确认；金额和日期保留原始披露口径。,No
2026W40-QCC-DOMESTIC-026,2026-09-29,2026-09-29,China,Financing,Chip,普雷赛斯,普雷赛斯A+轮融资记录,集成电路光学检测设备研发商；企查查披露金额：未披露。,企查查（境内）,Database,N/A,Manual,,1,2,2,1.50,C,未进入本周主文清单；保留在数据库供追溯。,Database_Only,,,,QCC raw_id=07e6de429eee745ff440823b771f9585；数据库记录是线索，不等于公司公开确认；金额和日期保留原始披露口径。,No
2026W40-QCC-DOMESTIC-027,2026-09-29,2026-09-29,China,Financing,Chip,麦峤里,麦峤里A+轮融资记录,集成电路量检测设备研产商；企查查披露金额：未披露。,企查查（境内）,Database,N/A,Manual,,1,2,2,1.50,C,未进入本周主文清单；保留在数据库供追溯。,Database_Only,,,,QCC raw_id=2e37b17b0b517a8538edc0d23a829083；数据库记录是线索，不等于公司公开确认；金额和日期保留原始披露口径。,No
2026W40-QCC-DOMESTIC-028,2026-09-29,2026-09-29,China,Financing,Chip,元夫半导体,元夫半导体A轮融资记录,半导体精密加工设备和相关耗材研发生产商；企查查披露金额：未披露。,企查查（境内）,Database,N/A,Manual,,1,2,2,1.50,C,未进入本周主文清单；保留在数据库供追溯。,Database_Only,,,,QCC raw_id=0f1edcffdbf542ed6ff9d7f68354e2cb；数据库记录是线索，不等于公司公开确认；金额和日期保留原始披露口径。,No
2026W40-QCC-DOMESTIC-029,2026-09-29,2026-09-29,China,Financing,AI,大白机器人,大白机器人A轮融资记录,人工智能与养老服务科技研发商；企查查披露金额：未披露。,企查查（境内）,Database,N/A,Manual,,1,2,2,1.50,C,未进入本周主文清单；保留在数据库供追溯。,Database_Only,,,,QCC raw_id=2830b9bdcb164a63972e805712038eed；数据库记录是线索，不等于公司公开确认；金额和日期保留原始披露口径。,No
2026W40-QCC-DOMESTIC-030,2026-09-29,2026-09-29,China,Financing,Commercial_Space,曦胧科技,曦胧科技A轮融资记录,卫星遥感系统研发商；企查查披露金额：未披露。,企查查（境内）,Database,N/A,Manual,,1,2,2,1.50,C,未进入本周主文清单；保留在数据库供追溯。,Database_Only,,,,QCC raw_id=b396bfa67400d1ab6755ea02d15e6cc7；数据库记录是线索，不等于公司公开确认；金额和日期保留原始披露口径。,No
2026W40-QCC-DOMESTIC-031,2026-09-29,2026-09-29,China,Financing,AI,星荧科技,星荧科技A轮融资记录,人工智能软件研发商；企查查披露金额：未披露。,企查查（境内）,Database,N/A,Manual,,1,2,2,1.50,C,未进入本周主文清单；保留在数据库供追溯。,Database_Only,,,,QCC raw_id=c2f0e94bf5c738d824e0dc8b3d9cd342；数据库记录是线索，不等于公司公开确认；金额和日期保留原始披露口径。,No
2026W40-QCC-DOMESTIC-032,2026-09-29,2026-09-29,China,Financing,Chip,芯纪源,芯纪源Pre-A轮融资记录,半导体检测设备制造商；企查查披露金额：数千万元。,企查查（境内）,Database,https://mp.weixin.qq.com/s?__biz=MzkyMTg3MzcwOA==&mid=2247484394&idx=1&sn=29234e67fad6b9c01b695fd15482056a&poc_token=HLBLvGqjpwxb-BQat6BDQskpw4hrnN7af4RkkgEz,Manual,,1,2,2,1.50,C,未进入本周主文清单；保留在数据库供追溯。,Database_Only,,,,QCC raw_id=fc075e95a22127af6e40bf6f5b2cdae6；数据库记录是线索，不等于公司公开确认；金额和日期保留原始披露口径。,No
2026W40-QCC-DOMESTIC-033,2026-09-29,2026-09-29,China,Financing,Commercial_Space,执宇航天,执宇航天天使+轮融资记录,火箭控制系统研发商；企查查披露金额：约亿元。,企查查（境内）,Database,https://mp.weixin.qq.com/s/8D47x2Bjv6dj3J1I0nuHkQ,Manual,,1,2,2,1.50,C,未进入本周主文清单；保留在数据库供追溯。,Database_Only,,,,QCC raw_id=2033e672a311511c2af33f97c6a59de8；数据库记录是线索，不等于公司公开确认；金额和日期保留原始披露口径。,No
2026W40-QCC-DOMESTIC-034,2026-09-29,2026-09-29,China,Financing,AI,柏川数据,柏川数据天使+轮融资记录,自动驾驶AI数据服务提供商；企查查披露金额：未披露。,企查查（境内）,Database,N/A,Manual,,1,2,2,1.50,C,未进入本周主文清单；保留在数据库供追溯。,Database_Only,,,,QCC raw_id=ca0e9c12c36b481f477dd47ea3f4fe69；数据库记录是线索，不等于公司公开确认；金额和日期保留原始披露口径。,No
2026W40-QCC-DOMESTIC-035,2026-09-29,2026-09-29,China,Financing,Chip,中锃半导体,中锃半导体天使+轮融资记录,半导体器件制造商；企查查披露金额：未披露。,企查查（境内）,Database,N/A,Manual,,1,2,2,1.50,C,未进入本周主文清单；保留在数据库供追溯。,Database_Only,,,,QCC raw_id=e3e5e13049cc5e5724148a7c3fcc265c；数据库记录是线索，不等于公司公开确认；金额和日期保留原始披露口径。,No
2026W40-QCC-DOMESTIC-036,2026-09-29,2026-09-29,China,Financing,Commercial_Space,中翼星航,中翼星航天使轮融资记录,航天相关设备制造商；企查查披露金额：未披露。,企查查（境内）,Database,N/A,Manual,,1,2,2,1.50,C,未进入本周主文清单；保留在数据库供追溯。,Database_Only,,,,QCC raw_id=2508040522b7af28027273ff5c95357a；数据库记录是线索，不等于公司公开确认；金额和日期保留原始披露口径。,No
2026W40-QCC-DOMESTIC-037,2026-09-29,2026-09-29,China,Financing,Chip,芯词元,芯词元天使轮融资记录,集成电路芯片设计及服务商；企查查披露金额：未披露。,企查查（境内）,Database,N/A,Manual,,1,2,2,1.50,C,未进入本周主文清单；保留在数据库供追溯。,Database_Only,,,,QCC raw_id=3e39ae8b8cf906d788752aadfe02593b；数据库记录是线索，不等于公司公开确认；金额和日期保留原始披露口径。,No
2026W40-QCC-DOMESTIC-038,2026-09-29,2026-09-29,China,Financing,AI,星昂智能,星昂智能天使轮融资记录,AI基础设施提供商；企查查披露金额：未披露。,企查查（境内）,Database,N/A,Manual,,1,2,2,1.50,C,未进入本周主文清单；保留在数据库供追溯。,Database_Only,,,,QCC raw_id=74243164ff3de1a51ef53bfcd995c9a5；数据库记录是线索，不等于公司公开确认；金额和日期保留原始披露口径。,No
2026W40-QCC-DOMESTIC-039,2026-09-29,2026-09-29,China,Financing,AI,莫刻机器人,莫刻机器人天使轮融资记录,人工智能软件研发商；企查查披露金额：未披露。,企查查（境内）,Database,N/A,Manual,,1,2,2,1.50,C,未进入本周主文清单；保留在数据库供追溯。,Database_Only,,,,QCC raw_id=ee3ef1242965b57aaccaa8eb4f26f486；数据库记录是线索，不等于公司公开确认；金额和日期保留原始披露口径。,No
2026W40-QCC-DOMESTIC-040,2026-09-29,2026-09-29,China,Financing,AI,隐域奇点,隐域奇点种子轮融资记录,AI 主机研发制造商；企查查披露金额：未披露。,企查查（境内）,Database,https://mp.weixin.qq.com/s/uxfelJ5fkZ-umn9PtC_59Q,Manual,,1,2,2,1.50,C,未进入本周主文清单；保留在数据库供追溯。,Database_Only,,,,QCC raw_id=9cca43808a02a70cdb9044f7185c963a；数据库记录是线索，不等于公司公开确认；金额和日期保留原始披露口径。,No
2026W40-QCC-OVERSEAS-011,2026-09-29,2026-09-29,Global,Financing,AI,EliseAI,EliseAIE轮融资记录,房地产对话式人工智能平台提供商；企查查披露金额：3.5亿美元。,企查查（境外）,Database,https://www.financialcontent.com/article/gnwcq-2026-9-29-eliseai-raises-350-million-at-4-billion-valuation-to-bring-ai-deeper-into-housing-and-healthcare-operations,Manual,,1,2,2,1.50,C,未进入本周主文清单；保留在数据库供追溯。,Database_Only,,,,QCC raw_id=9b46f338e0febc74ab9341e349971ea4；数据库记录是线索，不等于公司公开确认；金额和日期保留原始披露口径。,No
2026W40-QCC-OVERSEAS-012,2026-09-29,2026-09-29,Global,Financing,AI,Outmarket AI,Outmarket AIB轮融资记录,保险AI平台提供商；企查查披露金额：3450万美元。,企查查（境外）,Database,https://mbd.baidu.com/newspage/data/landingsuper?nid=news_9661125746630482848,Manual,,1,2,2,1.50,C,未进入本周主文清单；保留在数据库供追溯。,Database_Only,,,,QCC raw_id=260a4daa6eb7c9d18f3d8ae6ce2d6ceb；数据库记录是线索，不等于公司公开确认；金额和日期保留原始披露口径。,No
2026W40-QCC-OVERSEAS-013,2026-09-29,2026-09-29,Global,Financing,AI,Kahua,Kahua股权融资融资记录,人工智能企业构建平台提供商；企查查披露金额：未披露。,企查查（境外）,Database,https://www.finsmes.com/2026/09/kahua-receives-growth-investment-from-bain-capital-at-above-1-billion-valuation.html,Manual,,1,2,2,1.50,C,未进入本周主文清单；保留在数据库供追溯。,Database_Only,,,,QCC raw_id=d97f0a9b0f6b693bc3665cb44234f648；数据库记录是线索，不等于公司公开确认；金额和日期保留原始披露口径。,No
2026W40-WEB-005,2026-09-30,2026-09-30,China,Financing,Commercial_Space,"航天软件:9月29日召开业绩说明会,投资者参与_股票频道_证券之星","航天软件:9月29日召开业绩说明会,投资者参与_股票频道_证券之星","证券之星消息,2026年9月30日航天软件(688562)发布公告称公司于2026年9月29日召开业绩说明会。具体内容如下:问:请公司后续重点拓展的业务领域有哪些?答:尊敬的投资者您好,感谢您对公司的关注。公司将围绕三大核心业务领域持续深耕。一是天工工业软件领域,以 PLM 工业软件为核心,面向航天、国防军工及高端装备研制等领域,提供“PLM 平台+CX工具链”一体化解决方案。二是星筹行业数智服务领域,基于智能服务平台底座,聚焦数智企业、数智政府、数智军队方向,打造I原生应用产品。三是共性能力底座领域,持续升级神通数据库、SP+平台、组织级数智服务平台、商密网云服务等底层能力,支撑工业软件和数智服务业务发展。问:公司关联交易占比较高,请如何降低客户集中度风险?答:尊敬的投资者您好,感谢您对公司的关注。航天软件作为航天科技集团唯一的软件和信息化支撑单位,航天领域始终是公司最重要的客户群体,关联销售体现了公司在航天领域深厚的客户基础和不可替代的行业地位。我们认识到,公司要实现更大的发展,就必须在夯实航天市场的基础上积极向外拓展。一是积极拓展其它军工等重点领域,精准挖掘客户业务诉求,在稳固航天科技基础上加强其他军工集团配置。二是持续完善销售服务体系,各区域营销机制持续完善,营销队伍不断壮大,公司重点布局华北、华东区域,对重点客户、重点项目实现专人覆盖。“十五五”期间,公司将锚定“数字航天建设主力军、国产工业软件领跑者”的战略定位,一方面持续深耕航天领域,巩固核心优势;另一方面将航天领域积累的自主软件能力和行业经验向更广阔的军工领域及外部市场辐射,实现公司客户分布多元化。问:公司到经营业绩对政府补助存在一定依赖,请公司如何看待这个?答:尊敬的投资者您好,感谢您对公司的关注。公司承担较多国家重大科技专项类研发项目,获得较多政府科研项目资金投入。 首先,政府补助体现了国家对公司的认可",证券之星股票频道,Media,https://stock.stockstar.com/RB2026093000031793.shtml,Watch,,1,2,2,1.50,C,未进入本周主文清单；保留在数据库供追溯。,Database_Only,,,,Pass A discovery via D1-CN-01; full-text validation is required before S/A use.,Yes
2026W40-WEB-008,2026-09-30,2026-09-30,China,Financing,Commercial_Space,"航天软件:9月29日召开业绩说明会,投资者参与_大风号_凤凰网","航天软件:9月29日召开业绩说明会,投资者参与_大风号_凤凰网","证券之星消息,2026年9月30日航天软件(688562)发布公告称公司于2026年9月29日召开业绩说明会。具体内容如下:问:请公司后续重点拓展的业务领域有哪些?答:尊敬的投资者您好,感谢您对公司的关注。公司将围绕三大核心业务领域持续深耕。一是天工工业软件领域,以 PLM 工业软件为核心,面向航天、国防军工及高端装备研制等领域,提供“PLM 平台+CX工具链”一体化解决方案。二是星筹行业数智服务领域,基于智能服务平台底座,聚焦数智企业、数智政府、数智军队方向,打造I原生应用产品。三是共性能力底座领域,持续升级神通数据库、SP+平台、组织级数智服务平台、商密网云服务等底层能力,支撑工业软件和数智服务业务发展。问:公司关联交易占比较高,请如何降低客户集中度风险?答:尊敬的投资者您好,感谢您对公司的关注。航天软件作为航天科技集团唯一的软件和信息化支撑单位,航天领域始终是公司最重要的客户群体,关联销售体现了公司在航天领域深厚的客户基础和不可替代的行业地位。我们认识到,公司要实现更大的发展,就必须在夯实航天市场的基础上积极向外拓展。一是积极拓展其它军工等重点领域,精准挖掘客户业务诉求,在稳固航天科技基础上加强其他军工集团配置。二是持续完善销售服务体系,各区域营销机制持续完善,营销队伍不断壮大,公司重点布局华北、华东区域,对重点客户、重点项目实现专人覆盖。“十五五”期间,公司将锚定“数字航天建设主力军、国产工业软件领跑者”的战略定位,一方面持续深耕航天领域,巩固核心优势;另一方面将航天领域积累的自主软件能力和行业经验向更广阔的军工领域及外部市场辐射,实现公司客户分布多元化。问:公司到经营业绩对政府补助存在一定依赖,请公司如何看待这个?答:尊敬的投资者您好,感谢您对公司的关注。公司承担较多国家重大科技专项类研发项目,获得较多政府科研项目资金投入。 首先,政府补助体现了国家对公司的认可和",凤凰网,Media,https://feng.ifeng.com/c/8wqXZyyYg1c,Watch,,1,2,2,1.50,C,未进入本周主文清单；保留在数据库供追溯。,Database_Only,,,,Pass A discovery via D1-CN-01; full-text validation is required before S/A use.,Yes
2026W40-WEB-014,2026-09-30,2026-09-30,China,Policy,Space_Compute;Commercial_Space;Chip;AI,太空算力迈入体系化发展阶段 产业资源加速集聚丨川观智库快讯_天府评论,太空算力迈入体系化发展阶段 产业资源加速集聚丨川观智库快讯_天府评论,"川观智库研究员 张敏近日,中国信息通信研究院云计算与数字化研究所联合太空算力专业委员会发布《太空算力发展前瞻研究报告(2026年)》,系统梳理了全球太空算力技术演进趋势、应用场景与产业生态;深入分析了我国在轨计算、星间通信、星地协同等重点方向的基础条件、核心优势与关键瓶颈。“太空算力”体系已成为主要国家和地区布局的战略前沿领域。报告分析,从全球发展情况看,中国太空算力产业生态处于形成期,太空算力发展呈现“国家战略牵引、全栈技术自研与产学研用协同”的鲜明特征,政府主管部门积极引导前瞻技术研究和产业生态培育,产学研用各方持续推进核心技术攻关与应用场景探索,产业正全面迈向体系化、规模化与商业化发展的新阶段。产业资源加速集聚。传统航天企业依托技术积累率先开展适配性预研,星载智能计算、抗辐照芯片等科创企业涌现,推动产业链初步成型。太空算力产业链包括上游算力载荷制造与发射、中游在轨服务运营与地面保障、下游应用赋能。其中,产业链下游面向自然资源监测、应急抢险与公共安全、全域智能互联等场景,赋能企业、政府及大众用户三大应用主体,成为价值落地与商业化兑现的核心环节。报告建议,我国应进一步强化顶层规划与决策支撑,建立多部门联合的太空算力产业发展协同推进机制,明确总体目标、重点任务与实施路径等,为产业发展提供行动指引;聚焦关键瓶颈,实现核心技术全栈自主可控,依托航天领域的深厚积淀与技术先发优势,将工程经验转化为产业优势,加快培育太空算力创新生态;构建开放生态,创新产业模式与协同机制,重塑产业协作流程,探索建立适应航天、人工智能、算力等多领域融合的开放型产业组织模式;扩大国际合作,深度参与全球治理与国际规则制定,在筑牢国家安全底线的前提下,主动参与全球太空治理体系建设。 版权声明: 1、天府评论所登载文稿均仅代表作者个人观点,不代表天府评论立场。 2、作者投稿确系本人原创作品,严禁剽窃、转投他人",四川在线评论频道,Media,https://comment.scol.com.cn/011080/202609/83334153.html,Watch,,1,2,2,1.50,C,未进入本周主文清单；保留在数据库供追溯。,Exclude,,,,Pass A discovery via D1-CN-01; full-text validation is required before S/A use.,Yes
2026W40-WEB-025,2026-09-30,2026-09-30,China,Policy,AI,算电协同政策落地 微电网与液冷设备迎确定性催化 热闻_中投网,算电协同政策落地 微电网与液冷设备迎确定性催化 热闻_中投网,"(资料图)CFi.CN讯:五部门联合发布2026年度国家绿色算力设施推荐通知,明确要求算力设施必须位于全国一体化算力网络枢纽及算电协同试点区域,并将可再生能源电量占比、碳利用效率(CUE)、机柜利用率设为硬性考核指标。数据显示,新政直接倒逼数据中心提升绿电采购比例,缓解弃风弃光,强化绿电溢价基础。近期机构研报指出,“算电协同”不是概念炒作,而是刚性政策驱动下的真实产业链升级。研报认为,智算中心连续高功率运行特性与新能源出力波动形成天然错配,必然加速源网荷储一体化和独立微电网部署,相关控制系统与配电侧储能需求将快速放量。研报指出,单机柜功率密度持续攀升,推动HVDC供配电和冷板式/浸没式液冷成为新建智算中心标配,变配电与温控龙头订单可见度显著提升。研报强调,西部“东数西算”节点配套送端配电网升级,也将带动特高压与智能配电投资回暖。 标签: 商业频道 快讯",www.zhongtouwang.com.cn,Media,http://www.zhongtouwang.com.cn/news/yaowen/20260930/166652.html,Watch,,1,2,2,1.50,C,未进入本周主文清单；保留在数据库供追溯。,Exclude,,,,Pass A discovery via D1-CN-03; full-text validation is required before S/A use.,Yes
2026W40-WEB-027,2026-09-30,2026-09-30,China,Policy,Chip;AI,"国内数据中心市场容量2030年有望增至95GW,AIDC赛道长期景气度高企,AIDC含量超90%的创业板算力ETF广发(158049)连续3天净流入_腾讯新闻","国内数据中心市场容量2030年有望增至95GW,AIDC赛道长期景气度高企,AIDC含量超90%的创业板算力ETF广发(158049)连续3天净流入_腾讯新闻","2026年9月30日早盘,A股三大指数集体高开,通信设备、第三代半导体等板块概念表现活跃;个股方面,光智科技涨超11%,联特科技、光库科技、长芯博创、华脉科技等跟涨。据移动云消息,近日,中国移动北京公司(北京移动)联合中国移动云公司宣布华为昇腾950DT千卡超节点正式落地昌平区信息港数据中心移动云北京节点。落地北京节点的千卡超节点基于华为超节点架构,单节点1024卡算力达1EFLOPS(FP8),支持256TB统一内存和微秒级时延,能够支撑大模型训推、智能体开发等高阶需求。政策层面,“十五五”规划明确将科技自立自强作为核心目标,算力网络建设加速推进,智能算力规模已达2185 EFLOPS,并围绕算力枢纽建成70余条大通道。银河证券指出,AI正全面贯穿研发设计与生产制造环节,国产开源模型性价比优势凸显,成为全球用户优先选择,同时全国一体化算力网正构建多层次设施体系,推动产业“智”变升级。据沙利文行业数据,国内数据中心市场容量将从2025年的29GW增至2030年的95GW,2026-2030年行业新增容量增速持续维持30%以上,AI算力需求爆发为AIDC赛道带来长期景气度。兴业证券研报指出,AI集群快速扩容背景下,互联能力成为系统效率关键,Scale-up与Scale-out协同演进构建AI互联体系,华为UB、海光HSL等国产互联方案聚焦高带宽数据交换,支撑超节点架构扩展,推动国产算力平台内部互联能力持续提升,国产算力基础设施空间有望进一步打开。国投证券表示,算力租赁板块已经从去年年底和上半年的紧缺叙事阶段,演绎到了当前的交付验证和报表兑现阶段,在海外映射(Neo-Cloud公司量价齐升)和国内需求(NV卡合规受限,国产卡供给不足)的支撑下,算租的高景气度没问题,但股票层面内部分化,之前是“有算力概念”就涨,现在是“有卡、有电、有长单、能交付”才能被认可;看好算力租赁在短期和",腾讯网,Media,https://news.qq.com/rain/a/20260930A04ELL00,Watch,,1,2,2,1.50,C,未进入本周主文清单；保留在数据库供追溯。,Exclude,,,,Pass A discovery via D1-CN-03; full-text validation is required before S/A use.,Yes
2026W40-WEB-028,2026-09-30,2026-09-30,China,Policy,AI,"太平洋证券:《算电协同配套政策逐步完善,重视产业链长期机遇》-发现报告","太平洋证券:《算电协同配套政策逐步完善,重视产业链长期机遇》-发现报告","猜你想问 算电协同配套政策逐步完善,重视产业链长期机遇研报核心内容是什么?该研报指出算电协同进入规划与地方项目共同落地阶段,设备端先受益,运营和平台端长期空间大。报告强调绿电资源加速扩张为算力布局提供能源基础,降低数据中心用电成本和碳排放,同时智能算力带动用电需求加深增长,未来AI基础设施扩张面临电力约束。政策机制从低电价走向市场机制,绿电、算力有望实现共赢,虚拟电厂为算力负荷参与电力市场提供接口,地方政府利用低价绿电吸引算力产业,未来呈现多赢局面。算电协同配套政策逐步完善,重视产业链长期机遇所属行业发展趋势如何?算电协同属于信息技术行业发展趋势,报告显示全国发电装机容量持续增长,太阳能和风电装机快速增长为算力布局提供能源基础。数据中心能效水平提升,国家绿色算力设施平均PUE降至1.25,算力规模达到280 EFLOPS,智能算力占比32%。数据中心用电量预计2030年达945 TWh,年复合增速约15%。吉林算力中心用电成本目标降至约0.5元/度,进一步争取降至约0.4元/度,体现地方政府利用低价绿电吸引算力产业的思路。算电协同配套政策逐步完善,重视产业链长期机遇报告重点分析了哪些方向?报告重点分析了供给端、需求端和机制端三个方向。供给端强调绿电资源扩张为算力布局提供能源基础,降低数据中心用电成本和碳排放,未来需综合措施保障高密度供电并提高有效算力产出。需求端指出智能算力带动用电需求加深增长,未来AI基础设施扩张面临电力接入、供配电设备交付、散热能力和电网建设周期等约束。机制端从政策性低电价走向可计量、可交易的市场机制,国家枢纽节点新建数据中心绿电占比达到80%,政策考核转向效率和绿电使用比例并重,虚拟电厂为算力负荷参与电力市场提供重要接口。算电协同配套政策逐步完善,重视产业链长期机遇市场现状如何判断?市场现状显示算电协同进入规划与地方项目共同落地阶段,设备端先受益,运",发现报告,Media,https://www.fxbaogao.com/detail/5735925,Watch,,1,2,2,1.50,C,未进入本周主文清单；保留在数据库供追溯。,Exclude,,,,Pass A discovery via D1-CN-03; full-text validation is required before S/A use.,Yes
2026W40-WEB-030,2026-09-30,2026-09-30,China,Policy,Chip;AI,AI大模型加速落地 算力基建成核心受益主线- CFi.CN 中财网,AI大模型加速落地 算力基建成核心受益主线- CFi.CN 中财网,"AI大模型加速落地 算力基建成核心受益主线 时间:2026年09月30日 17:16:34 中财网 CFi.CN讯:数据显示,上周计算机板块下跌0.51%,跑赢沪深300指数1.01个百分点,在申万31个行业中排第11位。联合光电、通行宝、南威软件领涨,显示AI应用与智能硬件方向资金活跃。 近期机构研报指出,OpenAI发布GPT-6双模型、DeepSeek公开Agent训练沙盒、谷歌等拟共建AI标准机构,叠加Akamai与Anthropic签署116亿美元大单,印证全球AI基础设施投入正从算法验证迈入规模化部署阶段。 研报认为,算力需求爆发具有确定性,服务器、光模块、液冷、AI芯片配套等环节将优先受益。政策面持续加码新基建,叠加大厂资本开支上修,算力产业链订单可见度提升。研报建议聚焦具备技术卡位和交付能力的头部供应商,相关公司业绩弹性有望在Q4逐步兑现。 中财网",中财网股票频道,Media,https://stock.cfi.cn/p20260930000674.html,Watch,,1,2,2,1.50,C,未进入本周主文清单；保留在数据库供追溯。,Exclude,,,,Pass A discovery via D1-CN-03; full-text validation is required before S/A use.,Yes
2026W40-WEB-035,2026-09-30,2026-09-30,China,Policy,Commercial_Space,美国联邦通信委员会投票开放12.7GHz与42GHz频段以及更多频谱用于卫星互联网。_外汇动态报道,美国联邦通信委员会投票开放12.7GHz与42GHz频段以及更多频谱用于卫星互联网。_外汇动态报道,汇通财经APP讯——美国联邦通信委员会投票开放12.7GHz与42GHz频段以及更多频谱用于卫星互联网。,汇通财经,Media,https://www.fx678.com/C/20260930/202609302311228819.html,Watch,,1,2,2,1.50,C,未进入本周主文清单；保留在数据库供追溯。,Exclude,,,,Pass A discovery via D1-CN-04; full-text validation is required before S/A use.,Yes
2026W40-WEB-043,2026-09-30,2026-09-30,China,Technology,Space_Compute;Commercial_Space;Chip;AI,中国卫星互联网行业市场全景调研与发展前景预测(2026)_中研普华_中研网,中国卫星互联网行业市场全景调研与发展前景预测(2026)_中研普华_中研网,"卫星互联网是新型天基信息基础设施,可实现全域无死角网络覆盖,补齐地面通信短板。2026-2030年行业进入组网落地、技术迭代、商业生态成型的关键爆发周期,产业价值全面释放。 一、卫星互联网行业整体产业概况卫星互联网已形成完整闭合产业链体系,上游涵盖星载核心器件、卫星平台、火箭发射配套、频谱轨位资源,中游包含卫星组网、地面信关站建设、系统集成与网络运维服务。下游应用覆盖野外通信、远洋航运、航空联网、应急保障、万物互联、太空算力配套等多元场景,有效填补地面移动通信无法覆盖的全域网络空白场景。根据中研普华产业研究院《2026-2030年中国卫星互联网行业市场全景调研与发展前景预测报告》研究观点,2026年国内卫星互联网行业彻底告别试验验证阶段,全面转向规模化组网、工程化落地与商业化试点并行的产业化发展阶段。行业整体呈现低轨星座为主、高低轨协同的发展格局,低轨卫星凭借低时延、广覆盖、低成本优势,成为当前产业落地与市场布局的核心主流方向。二、行业供需结构与业态核心特征从供给端来看,行业供给体系处于快速完善阶段,卫星批量化研制、高密度发射、地面配套建设能力持续提升,全链条工程化落地能力不断夯实。核心软硬件供给呈现分层特征,通用配套部件供给逐步成熟,星上智能处理、星间激光通信、抗辐射芯片等高端核心配套仍处于迭代攻坚阶段,供给壁垒相对较高。从需求端来看,行业刚需属性突出,地面网络盲区的通信覆盖、全域应急通信保障、空天地一体化互联等基础需求持续稳定,构成行业核心市场底盘。根据中研普华产业研究院《2026-2030年中国卫星互联网行业市场全景调研与发展前景预测报告》分析,随着数字经济全域渗透,航空航海联网、偏远区域数字化、太空算力配套等新型需求持续扩容,推动行业应用边界持续拓宽。终端应用需求逐步从单一通信服务,转向数据传输、位置服务、算力支撑一体化综合需求,倒逼卫星互联网从基础联网向综合天基",中研网,Media,https://www.chinairn.com/news/20260930/154336729.shtml,Watch,,1,2,2,1.50,C,未进入本周主文清单；保留在数据库供追溯。,Exclude,,,,Pass A discovery via D1-CN-04; full-text validation is required before S/A use.,Yes
2026W40-WEB-052,2026-09-30,2026-09-30,China,Technology,Commercial_Space;AI,低轨星座密集发射叠加AI眼镜升级 商业航天与端侧智能双轮驱动- CFi.CN 中财网,低轨星座密集发射叠加AI眼镜升级 商业航天与端侧智能双轮驱动- CFi.CN 中财网,"低轨星座密集发射叠加AI眼镜升级 商业航天与端侧智能双轮驱动 时间:2026年09月30日 17:36:39 中财网 CFi.CN讯:数据显示,9月15日至17日三天内,我国连续实施三次低轨卫星互联网组网发射——朱雀二号改进型、引力一号(遥三)、长征十二号遥九火箭分别将10颗、9颗、25颗卫星送入轨道,标志商业航天正式迈入批量化发射阶段。最新财报显示,相关产业链上游配套企业订单可见性显著提升。 近期机构研报指出,朱雀二号改进型成为首款量产商用液体火箭,海上发射能力拓展进一步缓解运力瓶颈,低轨星座组网节奏有望提速。研报认为,A股商业航天板块已从概念驱动转向订单驱动,上游环节率先兑现盈利。 研报指出,Meta Connect 2026明确将AI智能体Muse深度集成至眼镜操作系统,并按有无摄像头细分产品线,无显示AI眼镜因隐私友好性打开新增量空间。研报认为,端侧AI设备正向“智能体+终端”融合演进,硬件迭代与AI原生应用形成共振,带动光学、连接器、算力模组等环节需求上行。 中财网",中国财经信息网,Media,https://industry.cfi.cn/p20260930000737.html,Watch,,1,2,2,1.50,C,未进入本周主文清单；保留在数据库供追溯。,Exclude,,,,Pass A discovery via D1-CN-05; full-text validation is required before S/A use.,Yes
2026W40-WEB-069,2026-09-30,2026-09-30,China,Technology,Commercial_Space,NASA公布“星际客机”将于2026年底复飞|nasa|国际空间站|推进器|星际客机|波音|火箭|知名企业|飞船_手机网易网,NASA公布“星际客机”将于2026年底复飞|nasa|国际空间站|推进器|星际客机|波音|火箭|知名企业|飞船_手机网易网,"NASA公布“星际客机”将于2026年底复飞 看航空 2026-09-30 17:14 ·北京 ·《中国航空报》社有限公司新媒体IP看航空网易官方账号 打开网易新闻 查看精彩图片 中国航空新闻网讯:据外媒9月29日报道,NASA于9月28日重申对波音CST-100“星际客机”的支持,并公布后续安排:最早在2026年12月(也可能推迟至2027年1月),执行代号“星际客机”-1的无人飞行任务,以验证近期整改工作。团队将利用此次飞行数据继续调整设计,为计划于2028年进行的“星际客机”-2载人任务做准备。NASA近地轨道项目经理达娜·韦格尔表示,该机构将投入3.59亿美元用于星际客机升级以及联合发射联盟“火神半人马座”火箭的认证,该火箭将取代已停产的“阿特拉斯V”。这些工作均属于NASA商业载人航天计划。2024年6月首次载人飞往国际空间站时,“星际客机”乘员舱推进器因残留肼类推进剂与大气接触引发腐蚀而出现故障,服务舱也出现推进器故障和氦气泄漏。两名宇航员最终未搭乘“星际客机”返回,而是在停留93天后乘坐SpaceX“龙”飞船回到地球。波音和NASA此后持续推进修复,包括更换密封件、收紧公差以防止氦气泄漏,冲洗残留肼类推进剂并保持持续吹扫气流以隔离推进器,同时重新设计服务舱推进器上的提升阀,该项工作必须在恢复载人飞行前完成。NASA还打算行使与波音合同中的选择权,在既定四次任务之外再增加第五次和第六次“星际客机”任务,并与联合发射联盟及波音合作认证“火神半人马座”火箭,用于第六次任务之后的飞行。波音表示,合同修订体现了公司与NASA牢固且以安全为先的合作伙伴关系,以及将星际客机打造为长期载人航天服务提供者的承诺。",网易,Media,https://m.163.com/dy/article/L83DRQ3F05148ALS.html,Watch,,1,2,2,1.50,C,未进入本周主文清单；保留在数据库供追溯。,Exclude,,,,Pass A discovery via D1-CN-06; full-text validation is required before S/A use.,Yes
2026W40-WEB-071,2026-09-30,2026-09-30,China,Technology,Commercial_Space,NASA公布“星际客机”将于2026年底复飞,NASA公布“星际客机”将于2026年底复飞,"中国航空新闻网讯:据外媒9月29日报道,NASA于9月28日重申对波音CST-100“星际客机”的支持,并公布后续安排:最早在2026年12月(也可能推迟至2027年1月),执行代号“星际客机”-1的无人飞行任务,以验证近期整改工作。团队将利用此次飞行数据继续调整设计,为计划于2028年进行的“星际客机”-2载人任务做准备。NASA近地轨道项目经理达娜·韦格尔表示,该机构将投入3.59亿美元用于星际客机升级以及联合发射联盟“火神半人马座”火箭的认证,该火箭将取代已停产的“阿特拉斯V”。这些工作均属于NASA商业载人航天计划。2024年6月首次载人飞往国际空间站时,“星际客机”乘员舱推进器因残留肼类推进剂与大气接触引发腐蚀而出现故障,服务舱也出现推进器故障和氦气泄漏。两名宇航员最终未搭乘“星际客机”返回,而是在停留93天后乘坐SpaceX“龙”飞船回到地球。波音和NASA此后持续推进修复,包括更换密封件、收紧公差以防止氦气泄漏,冲洗残留肼类推进剂并保持持续吹扫气流以隔离推进器,同时重新设计服务舱推进器上的提升阀,该项工作必须在恢复载人飞行前完成。NASA还打算行使与波音合同中的选择权,在既定四次任务之外再增加第五次和第六次“星际客机”任务,并与联合发射联盟及波音合作认证“火神半人马座”火箭,用于第六次任务之后的飞行。波音表示,合同修订体现了公司与NASA牢固且以安全为先的合作伙伴关系,以及将星际客机打造为长期载人航天服务提供者的承诺。",网易新闻客户端,Media,https://c.m.163.com/news/a/L83DRQ3F05148ALS.html,Watch,,1,2,2,1.50,C,未进入本周主文清单；保留在数据库供追溯。,Exclude,,,,Pass A discovery via D1-CN-06; full-text validation is required before S/A use.,Yes
2026W40-WEB-075,2026-09-30,2026-09-30,China,Technology,Commercial_Space,NASA公布“星际客机”将于2026年底复飞_腾讯新闻,NASA公布“星际客机”将于2026年底复飞_腾讯新闻,"中国航空新闻网讯:据外媒9月29日报道,NASA于9月28日重申对波音CST-100“星际客机”的支持,并公布后续安排:最早在2026年12月(也可能推迟至2027年1月),执行代号“星际客机”-1的无人飞行任务,以验证近期整改工作。团队将利用此次飞行数据继续调整设计,为计划于2028年进行的“星际客机”-2载人任务做准备。NASA近地轨道项目经理达娜·韦格尔表示,该机构将投入3.59亿美元用于星际客机升级以及联合发射联盟“火神半人马座”火箭的认证,该火箭将取代已停产的“阿特拉斯V”。这些工作均属于NASA商业载人航天计划。2024年6月首次载人飞往国际空间站时,“星际客机”乘员舱推进器因残留肼类推进剂与大气接触引发腐蚀而出现故障,服务舱也出现推进器故障和氦气泄漏。两名宇航员最终未搭乘“星际客机”返回,而是在停留93天后乘坐SpaceX“龙”飞船回到地球。波音和NASA此后持续推进修复,包括更换密封件、收紧公差以防止氦气泄漏,冲洗残留肼类推进剂并保持持续吹扫气流以隔离推进器,同时重新设计服务舱推进器上的提升阀,该项工作必须在恢复载人飞行前完成。NASA还打算行使与波音合同中的选择权,在既定四次任务之外再增加第五次和第六次“星际客机”任务,并与联合发射联盟及波音合作认证“火神半人马座”火箭,用于第六次任务之后的飞行。波音表示,合同修订体现了公司与NASA牢固且以安全为先的合作伙伴关系,以及将星际客机打造为长期载人航天服务提供者的承诺。",腾讯网,Media,https://news.qq.com/rain/a/20260930A08FUW00,Watch,,1,2,2,1.50,C,未进入本周主文清单；保留在数据库供追溯。,Exclude,,,,Pass A discovery via D1-CN-06; full-text validation is required before S/A use.,Yes
2026W40-WEB-078,2026-09-30,2026-09-30,China,Financing,Commercial_Space,关于南方中证卫星产业交易型开放式指数证券投资基金上市交易的公告,关于南方中证卫星产业交易型开放式指数证券投资基金上市交易的公告,"南方中证卫星产业交易型开放式指数证券投资基金(证券简称:卫星ETF南方,证券代码:158046)自2026年10月12日起在本所上市交易。 深圳证券交易所 2026年9月28日",深圳证券交易所,Media,https://www.szse.cn/disclosure/notice/fund/t20260930_623150.html,Watch,,1,2,2,1.50,C,未进入本周主文清单；保留在数据库供追溯。,Database_Only,,,,Pass A discovery via D1-CN-07; full-text validation is required before S/A use.,Yes
2026W40-WEB-082,2026-09-30,2026-09-30,China,Financing,Commercial_Space;AI,"航天工程:融资净买入325.09万元,融资余额2.62亿元_航天工程(603698)股吧_东方财富网股吧","航天工程:融资净买入325.09万元,融资余额2.62亿元_航天工程(603698)股吧_东方财富网股吧","交易所最新数据显示,航天工程于2026年9月29日获融资买入947.64万元,融资偿还622.55万元,当日融资净买入325.09万元。目前,该股融资余额2.62亿,占流通市值比例为2.44%。该股当日融券卖出0股,融券偿还1600股,融券净偿还1600股。目前,该股融券余量7.98万股,融券余额159.92万元。免责声明:本文基于AI生产,仅供参考,不构成任何投资建议,据此操作风险自担。东方财富发布此内容旨在传播更多信息,与本平台立场无关。东方财富力求但不保证数据的完全准确,如有错漏请以中国证监会指定上市公司信息披露媒体为准,东方财富不对因该资料全部或部分内容而引致的盈亏承担任何责任。用户个人对服务的使用承担风险,东方财富对此不作任何类型的担保。",股吧,Media,"https://guba.eastmoney.com/news,603698,1778934386.html",Watch,,1,2,2,1.50,C,未进入本周主文清单；保留在数据库供追溯。,Database_Only,,,,Pass A discovery via D1-CN-07; full-text validation is required before S/A use.,Yes
2026W40-WEB-086,2026-09-30,2026-09-30,China,Financing,Commercial_Space,中国技术集团收购航天卫星技术49%股权交易失效 补充披露USDT贷款安排 - 财闻网,中国技术集团收购航天卫星技术49%股权交易失效 补充披露USDT贷款安排 - 财闻网,"9月29日,中国技术集团(01725.HK)就收购航天卫星技术有限公司49%已发行股本之主要及关连交易失效发布进一步补充公告,披露相关贷款协议的进一步资料。于订立贷款协议并以现金提供450万港元贷款后,Prime Bridge Capital Ltd.要求透过稳定币泰达币(USDT)提供余下3760万港元贷款结余。Aspace与Prime Bridge Capital Ltd.于2025年8月26日订立补充协议,协定余下贷款须按1港元兑0.12733 USDT的汇率提供至一个指定钱包地址。由于本集团未能成功开设自己的钱包,该钱包由Prime Bridge Capital Ltd.介绍,本集团并非该钱包拥有人,亦无拥有人身份资料及未对其进行尽职调查。于2025年9月1日至9月9日期间,本集团收到进一步现金贷款所得款项约2922万港元。本集团于2026年5月26日获悉,合计约528.76万 USDT(相当于约37.59百万港元)已于2025年8月27日至9月1日期间分五笔转入该钱包,相关资料本集团无法核实其准确性。本公司于2025年10月21日致函Prime Bridge Capital Ltd.要求垫付余下约838万港元贷款,其后拥有人于2025年12月将余下贷款金额转付予本集团。",www.caiwennews.com,Media,https://www.caiwennews.com/article/1633675.shtml,Watch,,1,2,2,1.50,C,未进入本周主文清单；保留在数据库供追溯。,Database_Only,,,,Pass A discovery via D1-CN-07; full-text validation is required before S/A use.,Yes
2026W40-WEB-097,2026-09-30,2026-09-30,China,Financing,Commercial_Space,蓝箭航天、中科宇航、微纳星空三家企业IPO状态同步变更为中止 _ 东方财富网,蓝箭航天、中科宇航、微纳星空三家企业IPO状态同步变更为中止 _ 东方财富网,"根据上交所最新披露的信息,2026年9月30日,蓝箭航天、中科宇航、微纳星空IPO的状态由已问询变更为中止,原因为财报更新。这说明发行上市申请文件中记载的财务资料已过有效期,需要补充提交。(文章来源:界面新闻) 文章来源:界面新闻 原标题:蓝箭航天、中科宇航、微纳星空三家企业IPO状态同步变更为中止",手机东方财富网,Media,https://wap.eastmoney.com/a/202610013888199685.html,Watch,,1,2,2,1.50,C,未进入本周主文清单；保留在数据库供追溯。,Database_Only,,,,Pass A discovery via D2-CN-03; full-text validation is required before S/A use.,Yes
2026W40-WEB-125,2026-09-30,2026-09-30,China,Financing,Commercial_Space,中国东方红卫星股份有限公司关于召开2026年半年度业绩说明会的公告|上海证券报,中国东方红卫星股份有限公司关于召开2026年半年度业绩说明会的公告|上海证券报,"证券代码:600118 证券简称:中国卫星 公告编号:2026-031中国东方红卫星股份有限公司关于召开2026年半年度业绩说明会的公告本公司董事会及全体董事保证本公告内容不存在任何虚假记载、误导性陈述或者重大遗漏,并对其内容的真实性、准确性和完整性承担法律责任。重要内容提示:会议召开时间:2026年10月14日 (星期三) 15:00-16:00会议召开地点:上海证券交易所上证路演中心(网址:https://roadshow.sseinfo.com/)会议召开方式:上证路演中心网络互动投资者可于2026年9月30日 (星期三) 至10月13日 (星期二)16:00前登录上证路演中心网站首页点击“提问预征集”栏目或通过公司邮箱600118@spacesat.com.cn进行提问。公司将在说明会上对投资者普遍关注的问题进行回答。中国东方红卫星股份有限公司(以下简称“公司”)已于2026年8月20日发布公司2026年半年度报告,为便于广大投资者更全面深入地了解公司2026年半年度经营成果、财务状况,公司计划于2026年10月14日 (星期三) 15:00-16:00举行2026年半年度业绩说明会,就投资者关心的问题进行交流。一、 说明会类型本次投资者说明会以网络互动形式召开,公司将针对2026年半年度的经营成果及财务指标的具体情况与投资者进行互动交流和沟通,在信息披露允许的范围内就投资者普遍关注的问题进行回答。二、 说明会召开的时间、地点(一) 会议召开时间:2026年10月14日(星期三) 15:00-16:00(二)会议召开地点:上证路演中心(三)会议召开方式:上证路演中心网络互动三、 参加人员董事、总裁:朱楠先生独立董事:穆月英女士财务总监:于丽慧女士副总裁、董事会秘书:王熹微女士因工作安排等原因,上述参加人员如有调整,不再另行通知。四、 投资者参加方式(一)投资者可在",中国证券报,Media,https://paper.cnstock.com/html/2026-09/30/content_2273688.htm,Watch,,1,2,2,1.50,C,未进入本周主文清单；保留在数据库供追溯。,Database_Only,,,,Pass A discovery via D4-CN-01; full-text validation is required before S/A use.,Yes
2026W40-WEB-135,2026-09-30,2026-09-30,China,Financing,Commercial_Space;AI,星舰第14次试飞在即 商业航天业绩兑现拐点将至- CFi.CN 中财网,星舰第14次试飞在即 商业航天业绩兑现拐点将至- CFi.CN 中财网,"星舰第14次试飞在即 商业航天业绩兑现拐点将至 时间:2026年09月30日 13:11:32 中财网 CFi.CN讯:数据显示,本周国防军工指数下跌1.79%,年初至今累计下跌16.24%,跑输沪深300超12个百分点。但行业内部结构性亮点突出:中报显示,具备军贸业务的公司整体表现优于板块均值;中科宇航力箭一号订单已排至2027年下半年,深蓝航天完成近20亿元融资,星云二号计划2027年首飞。 近期机构研报指出,SpaceX将于9月28日开展星舰第14次试飞,首次实现星链V3卫星入轨,标志着商业航天运力瓶颈加速缓解。研报认为,2027年将成为商业航天上市公司业绩集中兑现的关键节点,而非仅停留在概念阶段。 研报指出,军贸主线持续强化,美国对沙特出售48架F-35、中东局势反复推升海外采购意愿,叠加燃机出口与商发量产预期升温,航发产业链盈利可见度显著提升。金刚石等军民融合方向也在AI散热等新应用中打开第二增长曲线。 中财网",中国财经信息网,Media,https://industry.cfi.cn/p20260930000422.html,Watch,,1,2,2,1.50,C,未进入本周主文清单；保留在数据库供追溯。,Database_Only,,,,Pass A discovery via D4-CN-01; full-text validation is required before S/A use.,Yes
2026W40-QCC-DOMESTIC-002,2026-09-30,2026-09-30,China,Financing,Chip,阜时科技,阜时科技D轮融资记录,激光雷达核心芯片及多种机器视觉解决方案提供商；企查查披露金额：未披露。,企查查（境内）,Database,N/A,Manual,,2,3,4,2.70,C,行业筛选后的融资条目；满足融资板块下限，以B级正文表项纳入。,Database_Only,资本继续流向芯片、商业航天或AI算力供给链。,用于比较赛道资本密度、轮次与投资人结构。,跟踪金额、投资方与产品交付验证。,QCC raw_id=1dd734244237757401135dc5399d0cdb；数据库记录是线索，不等于公司公开确认；金额和日期保留原始披露口径。,No
2026W40-QCC-DOMESTIC-004,2026-09-30,2026-09-30,China,Financing,Chip,中瑞宏芯半导体,中瑞宏芯半导体B+轮融资记录,高效碳化硅功率芯片和模块开发商；企查查披露金额：未披露。,企查查（境内）,Database,N/A,Manual,,2,3,4,2.70,C,行业筛选后的融资条目；满足融资板块下限，以B级正文表项纳入。,Database_Only,资本继续流向芯片、商业航天或AI算力供给链。,用于比较赛道资本密度、轮次与投资人结构。,跟踪金额、投资方与产品交付验证。,QCC raw_id=d64c0d857f71dcbfa715ef444209f792；数据库记录是线索，不等于公司公开确认；金额和日期保留原始披露口径。,No
2026W40-QCC-DOMESTIC-005,2026-09-30,2026-09-30,China,Financing,Chip,芯盛智能,芯盛智能B轮融资记录,固态存储控制器芯片及解决方案提供商；企查查披露金额：未披露。,企查查（境内）,Database,N/A,Manual,,2,3,4,2.70,C,行业筛选后的融资条目；满足融资板块下限，以B级正文表项纳入。,Database_Only,资本继续流向芯片、商业航天或AI算力供给链。,用于比较赛道资本密度、轮次与投资人结构。,跟踪金额、投资方与产品交付验证。,QCC raw_id=3d610ba03dc4abdf57a70c95630193c6；数据库记录是线索，不等于公司公开确认；金额和日期保留原始披露口径。,No
2026W40-QCC-DOMESTIC-006,2026-09-30,2026-09-30,China,Financing,Chip,数字光芯,数字光芯B轮融资记录,数字光场芯片研发商；企查查披露金额：未披露。,企查查（境内）,Database,N/A,Manual,,2,3,4,2.70,C,行业筛选后的融资条目；满足融资板块下限，以B级正文表项纳入。,Database_Only,资本继续流向芯片、商业航天或AI算力供给链。,用于比较赛道资本密度、轮次与投资人结构。,跟踪金额、投资方与产品交付验证。,QCC raw_id=77d28a68b69f25fea2554117e10c4a0b；数据库记录是线索，不等于公司公开确认；金额和日期保留原始披露口径。,No
2026W40-QCC-DOMESTIC-007,2026-09-30,2026-09-30,China,Financing,Commercial_Space,御风未来,御风未来B轮融资记录,电动垂直起降飞行器提供商；企查查披露金额：未披露。,企查查（境内）,Database,N/A,Manual,,1,2,2,1.50,C,未进入本周主文清单；保留在数据库供追溯。,Database_Only,,,,QCC raw_id=8fb58d4453c805e2d118f84dfae79dd7；数据库记录是线索，不等于公司公开确认；金额和日期保留原始披露口径。,No
2026W40-QCC-DOMESTIC-008,2026-09-30,2026-09-30,China,Financing,Chip,晶湛电子,晶湛电子A+轮融资记录,功率半导体芯片设计研发商；企查查披露金额：未披露。,企查查（境内）,Database,N/A,Manual,,2,3,4,2.70,C,行业筛选后的融资条目；满足融资板块下限，以B级正文表项纳入。,Database_Only,资本继续流向芯片、商业航天或AI算力供给链。,用于比较赛道资本密度、轮次与投资人结构。,跟踪金额、投资方与产品交付验证。,QCC raw_id=d024f5c954615a283c4fe94cdcf699bb；数据库记录是线索，不等于公司公开确认；金额和日期保留原始披露口径。,No
2026W40-QCC-DOMESTIC-010,2026-09-30,2026-09-30,China,Financing,AI,光特智伴,光特智伴A轮融资记录,AI 儿童玩具研发供应商；企查查披露金额：3000万元。,企查查（境内）,Database,https://mp.weixin.qq.com/s/9Ks4Vz1VFJRLNPMGzAKM7Q,Manual,,1,2,2,1.50,C,未进入本周主文清单；保留在数据库供追溯。,Database_Only,,,,QCC raw_id=6b1c574d5d64249ce2a25e38af10df64；数据库记录是线索，不等于公司公开确认；金额和日期保留原始披露口径。,No
2026W40-QCC-DOMESTIC-011,2026-09-30,2026-09-30,China,Financing,Chip,青争科技,青争科技A轮融资记录,集成电路设计服务提供商；企查查披露金额：未披露。,企查查（境内）,Database,N/A,Manual,,2,3,4,2.70,C,行业筛选后的融资条目；满足融资板块下限，以B级正文表项纳入。,Database_Only,资本继续流向芯片、商业航天或AI算力供给链。,用于比较赛道资本密度、轮次与投资人结构。,跟踪金额、投资方与产品交付验证。,QCC raw_id=6e14529774b41d1529cb1ea7ad8f575d；数据库记录是线索，不等于公司公开确认；金额和日期保留原始披露口径。,No
2026W40-QCC-DOMESTIC-012,2026-09-30,2026-09-30,China,Financing,AI,进化涌现,进化涌现A轮融资记录,人工智能科技研发商；企查查披露金额：未披露。,企查查（境内）,Database,N/A,Manual,,1,2,2,1.50,C,未进入本周主文清单；保留在数据库供追溯。,Database_Only,,,,QCC raw_id=936010edebea4487060b86888d39c6fe；数据库记录是线索，不等于公司公开确认；金额和日期保留原始披露口径。,No
2026W40-QCC-DOMESTIC-013,2026-09-30,2026-09-30,China,Financing,Chip,尊芯,尊芯A轮融资记录,半导体自动化搬运设备研发生产商；企查查披露金额：约亿元。,企查查（境内）,Database,https://api.laoyaoba.com/n/1114495,Manual,,2,3,4,2.70,C,行业筛选后的融资条目；满足融资板块下限，以B级正文表项纳入。,Database_Only,资本继续流向芯片、商业航天或AI算力供给链。,用于比较赛道资本密度、轮次与投资人结构。,跟踪金额、投资方与产品交付验证。,QCC raw_id=cd8dda6c43f6ebd31ad8eeb66dde9c36；数据库记录是线索，不等于公司公开确认；金额和日期保留原始披露口径。,No
2026W40-QCC-DOMESTIC-014,2026-09-30,2026-09-30,China,Financing,Chip;AI,硅程科技,硅程科技A轮融资记录,AI EDA 驱动芯片设计制造商；企查查披露金额：未披露。,企查查（境内）,Database,N/A,Manual,,1,2,2,1.50,C,未进入本周主文清单；保留在数据库供追溯。,Database_Only,,,,QCC raw_id=e4449d0efc905dbb59e12fff0373d3de；数据库记录是线索，不等于公司公开确认；金额和日期保留原始披露口径。,No
2026W40-QCC-DOMESTIC-015,2026-09-30,2026-09-30,China,Financing,AI,博视精工,博视精工天使+轮融资记录,人工智能视觉检测解决方案提供商；企查查披露金额：未披露。,企查查（境内）,Database,N/A,Manual,,1,2,2,1.50,C,未进入本周主文清单；保留在数据库供追溯。,Database_Only,,,,QCC raw_id=5ddf29a478c37150862fa20420a848e0；数据库记录是线索，不等于公司公开确认；金额和日期保留原始披露口径。,No
2026W40-QCC-DOMESTIC-017,2026-09-30,2026-09-30,China,Financing,AI,新语世说,新语世说天使轮融资记录,人工智能服务提供商；企查查披露金额：未披露。,企查查（境内）,Database,N/A,Manual,,1,2,2,1.50,C,未进入本周主文清单；保留在数据库供追溯。,Database_Only,,,,QCC raw_id=1c3d27537788860360c955ce5fa32ec0；数据库记录是线索，不等于公司公开确认；金额和日期保留原始披露口径。,No
2026W40-QCC-DOMESTIC-018,2026-09-30,2026-09-30,China,Financing,Chip;AI,拓扑半导体,拓扑半导体天使轮融资记录,ScAIN产业化平台；企查查披露金额：未披露。,企查查（境内）,Database,N/A,Manual,,1,2,2,1.50,C,未进入本周主文清单；保留在数据库供追溯。,Database_Only,,,,QCC raw_id=51aea1a9632fbe9f9c4dea1e7658f7d2；数据库记录是线索，不等于公司公开确认；金额和日期保留原始披露口径。,No
2026W40-QCC-DOMESTIC-019,2026-09-30,2026-09-30,China,Financing,AI,泛界智能,泛界智能天使轮融资记录,人工智能软件研发商；企查查披露金额：未披露。,企查查（境内）,Database,N/A,Manual,,1,2,2,1.50,C,未进入本周主文清单；保留在数据库供追溯。,Database_Only,,,,QCC raw_id=d618fd98f42655b123daad2ecaf97e7b；数据库记录是线索，不等于公司公开确认；金额和日期保留原始披露口径。,No
2026W40-QCC-DOMESTIC-020,2026-09-30,2026-09-30,China,Financing,AI,德沛开源数据,德沛开源数据种子轮融资记录,AI驱动开源数据平台提供商；企查查披露金额：未披露。,企查查（境内）,Database,N/A,Manual,,1,2,2,1.50,C,未进入本周主文清单；保留在数据库供追溯。,Database_Only,,,,QCC raw_id=40080325b17ce24a6574f939cfa6d5f8；数据库记录是线索，不等于公司公开确认；金额和日期保留原始披露口径。,No
2026W40-WEB-020,2026-10-01,2026-10-01,China,Policy,Chip;AI,"来不及解释了,快上车:算力“专列”发车在即!","来不及解释了,快上车:算力“专列”发车在即!","小伙伴们对仍津津乐道,那张一图流大家也直呼“看爽了”。但光看懂可不够,现在真金白银的申报通道来了!10月1日9点准时发车,10月23日17点准时落闸,满打满算就23天。最高补贴30%、封顶1500万元的算力券补贴,9月的算力账单赶紧翻出来——来不及解释了,先上车!第一站:算力券补贴(拼手速,拼硬核)只要你是租用非关联方智能算力(注意:不含存储、网络等)进行研发的单位,赶紧翻出你的9月算力账单!划重点:本次受理的是2026年9月1日—9月30日期间发生的算力租用费用。最高按实际研发使用算力费用的30%申领,年度封顶1500万元!申报窗口期:2026年10月1日9点至10月23日17点。国庆回来第一件事,赶紧上“一网通办”随申兑·惠企政策精准服务专窗,提交电子材料!第二站:免申即享(拼资质,躺赢)不想准备繁杂的材料?青浦给你“躺赢上车”的机会!只要你合规使用国家区块链网络上海枢纽,或者列入上海市高质量数据集名单,不用另行提交材料,免申即享!区块链最高奖10万元,高质量数据集奖5万元,主打一个“青浦懂你,直接打钱”! 伙伴们,还在等什么?赶紧拿出你的算力车票,登录一网通办,踏上这辆高速列车! 小青果政策咨询热线:021-69714313、13626811621(袁老师/唐老师),随时为你在线解惑!资料:区数据局编辑:沈逸清责任编辑:唐秀华转载请注明来自“绿色青浦”官方微信",网易新闻客户端,Media,https://c.m.163.com/news/a/L863OOL7053494QU.html,Watch,,1,2,2,1.50,C,未进入本周主文清单；保留在数据库供追溯。,Exclude,,,,Pass A discovery via D1-CN-03; full-text validation is required before S/A use.,Yes
2026W40-WEB-022,2026-10-01,2026-10-01,China,Policy,Chip;AI,"来不及解释了,快上车:算力“专列”发车在即!|区块链|国庆|快上车|算力|网通|青浦_手机网易网","来不及解释了,快上车:算力“专列”发车在即!|区块链|国庆|快上车|算力|网通|青浦_手机网易网","打开网易新闻 查看精彩图片 小伙伴们对仍津津乐道,那张一图流大家也直呼“看爽了”。但光看懂可不够,现在真金白银的申报通道来了!10月1日9点准时发车,10月23日17点准时落闸,满打满算就23天。最高补贴30%、封顶1500万元的算力券补贴,9月的算力账单赶紧翻出来——来不及解释了,先上车!第一站:算力券补贴(拼手速,拼硬核)只要你是租用非关联方智能算力(注意:不含存储、网络等)进行研发的单位,赶紧翻出你的9月算力账单!划重点:本次受理的是2026年9月1日—9月30日期间发生的算力租用费用。最高按实际研发使用算力费用的30%申领,年度封顶1500万元!申报窗口期:2026年10月1日9点至10月23日17点。国庆回来第一件事,赶紧上“一网通办”随申兑·惠企政策精准服务专窗,提交电子材料!第二站:免申即享(拼资质,躺赢)不想准备繁杂的材料?青浦给你“躺赢上车”的机会!只要你合规使用国家区块链网络上海枢纽,或者列入上海市高质量数据集名单,不用另行提交材料,免申即享!区块链最高奖10万元,高质量数据集奖5万元,主打一个“青浦懂你,直接打钱”! 打开网易新闻 查看精彩图片 伙伴们,还在等什么?赶紧拿出你的算力车票,登录一网通办,踏上这辆高速列车! 打开网易新闻 查看精彩图片 小青果政策咨询热线:021-69714313、13626811621(袁老师/唐老师),随时为你在线解惑!资料:区数据局编辑:沈逸清责任编辑:唐秀华转载请注明来自“绿色青浦”官方微信",网易,Media,https://m.163.com/dy/article/L863OOL7053494QU.html,Watch,,1,2,2,1.50,C,未进入本周主文清单；保留在数据库供追溯。,Exclude,,,,Pass A discovery via D1-CN-03; full-text validation is required before S/A use.,Yes
2026W40-WEB-042,2026-10-01,2026-10-01,China,Policy,Commercial_Space,2026年卫星通讯系统的发展前景 - 全球与中国卫星通讯系统行业发展调研及市场前景分析报告(2026-2032年) - 产业调研网,2026年卫星通讯系统的发展前景 - 全球与中国卫星通讯系统行业发展调研及市场前景分析报告(2026-2032年) - 产业调研网,"卫星通讯系统是以卫星为节点提供广域通信、数据回传、物联网连接和应急通信的基础设施体系,涵盖高轨通信卫星、低轨宽带星座、移动卫星终端、地面信关站、用户终端和行业应用系统。当前低轨卫星通信因发射成本下降、批量制造能力提升和星间链路技术成熟而加速发展,手机直连卫星、航空互联、远洋通信、能源监测、应急救灾和偏远地区覆盖等场景需求明显增长。国内卫星互联网纳入重点发展方向,低轨星座组网、卫星物联网商用试验和终端适配持续推进,产业链从卫星制造、发射服务向终端、运营和应用服务延伸。同时,传统高轨卫星运营商面临低轨系统成本优势和垂直整合竞争压力,行业进入技术路线重构与商业模式再平衡阶段。 未来,卫星通讯系统将向空天地一体化、终端普惠化、运营服务化和场景细分化方向发展。产业调研网认为,低轨星座将继续扩大在轨规模,星上再生处理、星间激光链路、与地面5G/6G网络深度融合将提升端到端时延和业务连续性。手机直连卫星、车载终端、船载终端、航空终端和物联网模组将降低使用门槛,推动通信能力从行业专用走向大众消费。卫星物联网将在能源、水利、林业、农业、海洋和应急监测领域率先形成规模化应用。产业价值重心将从卫星制造和发射转向终端生态、运营服务、数据增值和行业解决方案。具备星座运营能力、终端适配能力、网络融合能力和合规资源管理能力的主体将占据更有利位置。 据产业调研网(Cir.cn)《全球与中国卫星通讯系统行业发展调研及市场前景分析报告(2026-2032年)》,2025年卫星通讯系统行业市场规模达 亿元,预计2032年市场规模将达 亿元,期间年均复合增长率(CAGR)达 %。报告基于详实数据资料,系统分析卫星通讯系统产业链结构、市场规模及需求现状,梳理卫星通讯系统市场价格走势与行业发展特点。报告重点研究行业竞争格局,包括重点卫星通讯系统企业的市场表现,并对卫星通讯系统细分领域的发展潜力进行评估。结合政策环境",产业调研网,Media,https://www.cir.cn/8/81/WeiXingTongXunXiTongDeFaZhanQianJing.html,Watch,,1,2,2,1.50,C,未进入本周主文清单；保留在数据库供追溯。,Exclude,,,,Pass A discovery via D1-CN-04; full-text validation is required before S/A use.,Yes
2026W40-WEB-049,2026-10-01,2026-10-01,China,Technology,Commercial_Space,新华全媒头条|山河壮阔启新程--献给人民共和国77周年华诞 (6)_腾讯新闻,新华全媒头条|山河壮阔启新程--献给人民共和国77周年华诞 (6)_腾讯新闻,"2026年8月19日,视频截图显示朱雀三号遥二运载火箭一子级按预定程序成功完成陆地回收。 (配本社同题文字稿) 新华社发(蓝箭航天供图)",腾讯网,Media,https://news.qq.com/rain/a/20261001A00F3T00,Watch,,1,2,2,1.50,C,未进入本周主文清单；保留在数据库供追溯。,Exclude,,,,Pass A discovery via D1-CN-05; full-text validation is required before S/A use.,Yes
2026W40-WEB-059,2026-10-01,2026-10-01,China,Technology,Commercial_Space,新华全媒头条|山河壮阔启新程--献给人民共和国77周年华诞 (6)_凤凰网,新华全媒头条|山河壮阔启新程--献给人民共和国77周年华诞 (6)_凤凰网,"新华社照片,北京,2026年9月30日2026年8月19日,视频截图显示朱雀三号遥二运载火箭一子级按预定程序成功完成陆地回收。(配本社同题文字稿)新华社发(蓝箭航天供图)",凤凰网,Media,https://news.ifeng.com/c/8wquiAMoB8u,Watch,,1,2,2,1.50,C,未进入本周主文清单；保留在数据库供追溯。,Exclude,,,,Pass A discovery via D1-CN-05; full-text validation is required before S/A use.,Yes
2026W40-WEB-092,2026-10-01,2026-10-01,China,Financing,Commercial_Space,蓝箭航天、中科宇航、微纳星空三家企业IPO状态同步变更为中止_财经评论(cjpl)股吧_东方财富网股吧,蓝箭航天、中科宇航、微纳星空三家企业IPO状态同步变更为中止_财经评论(cjpl)股吧_东方财富网股吧,"根据上交所最新披露的信息,2026年9月30日,蓝箭航天、中科宇航、微纳星空IPO的状态由已问询变更为中止,原因为财报更新。这说明发行上市申请文件中记载的财务资料已过有效期,需要补充提交。",股吧,Media,"https://guba.eastmoney.com/news,cjpl,1779446677.html",Watch,,1,2,2,1.50,C,未进入本周主文清单；保留在数据库供追溯。,Database_Only,,,,Pass A discovery via D2-CN-03; full-text validation is required before S/A use.,Yes
2026W40-WEB-094,2026-10-01,2026-10-01,China,Financing,Commercial_Space,蓝箭航天、中科宇航、微纳星空三家企业IPO状态同步变更为中止_大风号_凤凰网,蓝箭航天、中科宇航、微纳星空三家企业IPO状态同步变更为中止_大风号_凤凰网,"根据上交所最新披露的信息,2026年9月30日,蓝箭航天、中科宇航、微纳星空IPO的状态已问询变更为中止,原因为财报更新。这说明发行上市申请文件中记载的财务资料已过有效期,需要补充提交。",凤凰网,Media,https://feng.ifeng.com/c/8wrgx1S3u5J,Watch,,1,2,2,1.50,C,未进入本周主文清单；保留在数据库供追溯。,Database_Only,,,,Pass A discovery via D2-CN-03; full-text validation is required before S/A use.,Yes
2026W40-WEB-095,2026-10-01,2026-10-01,China,Financing,Commercial_Space,蓝箭航天、中科宇航、微纳星空三家企业IPO状态同步变更为中止 _ 东方财富网,蓝箭航天、中科宇航、微纳星空三家企业IPO状态同步变更为中止 _ 东方财富网,"根据上交所最新披露的信息,2026年9月30日,蓝箭航天、中科宇航、微纳星空IPO的状态由已问询变更为中止,原因为财报更新。这说明发行上市申请文件中记载的财务资料已过有效期,需要补充提交。(文章来源:界面新闻)",东方财富网财经频道,Media,https://finance.eastmoney.com/a/202610013888199685.html,Watch,,1,2,2,1.50,C,未进入本周主文清单；保留在数据库供追溯。,Database_Only,,,,Pass A discovery via D2-CN-03; full-text validation is required before S/A use.,Yes
2026W40-WEB-096,2026-10-01,2026-10-01,China,Financing,Commercial_Space,蓝箭航天、中科宇航、微纳星空三家企业IPO状态同步变更为中止_腾讯新闻,蓝箭航天、中科宇航、微纳星空三家企业IPO状态同步变更为中止_腾讯新闻,"根据上交所最新披露的信息,2026年9月30日,蓝箭航天、中科宇航、微纳星空IPO的状态由已问询变更为中止,原因为财报更新。这说明发行上市申请文件中记载的财务资料已过有效期,需要补充提交。",腾讯网,Media,https://news.qq.com/rain/a/20261001A06CQ900,Watch,,1,2,2,1.50,C,未进入本周主文清单；保留在数据库供追溯。,Database_Only,,,,Pass A discovery via D2-CN-03; full-text validation is required before S/A use.,Yes
2026W40-WEB-098,2026-10-01,2026-10-01,China,Policy,Commercial_Space,蓝箭航天、中科宇航和微纳星空等三家商业航天IPO同日被中止,蓝箭航天、中科宇航和微纳星空等三家商业航天IPO同日被中止,"(文/汤普济 编辑/吕栋)从上交所9月30日公布的信息看,蓝箭航天、中科宇航和微纳星空的科创板IPO均在同一天转入“中止(财报更新)”状态。上交所给出的原因一致,均为“发行上市申请文件中记载的财务资料已过有效期,需要补充提交”。 中止(财报更新)上交所三家商业航天企业同时中止IPO,并非孤立现象。9月30日当天,共有58家IPO企业因财务资料更新集中转为中止。按照现行规则,IPO招股书引用的经审计财务报表通常有效6个月,特殊情况下最长可延长3个月。因此,以2025年12月31日为截止日的财务数据,最晚可使用至2026年9月30日。但三家头部商业航天企业同时进入中止状态仍然值得关注。这释放出一个信号:去年以来快速启动的商业航天IPO,推进步伐正在阶段性放缓。其中,蓝箭航天于2025年12月31日获得科创板IPO受理,是科创板第五套上市标准扩围后首家正式申报的商业航天企业,被称为冲刺科创板“商业航天第一股”。2026年1月22日,公司进入问询阶段;3月31日,因为财务资料超过有效期,IPO第一次中止;补充完成2025年度财务数据后,6月29日恢复至“已问询”状态;9月30日,其审核状态又一次变为“中止(财报更新)”。不到一年,蓝箭航天已经经历了“问询—中止—恢复问询—再次中止”的循环。与此同时,2025年蓝箭航天营业收入增至5209.63万元,归母净亏损达到17.11亿元,研发费用达到9.22亿元。全年公司共实施3次火箭发射任务,其中朱雀二号改进型遥二成功入轨、遥三发射失利,朱雀三号则在12月完成首次发射并成功入轨,同时开展一级回收验证。今年8月19日,朱雀三号遥二又成功完成一子级陆地回收,成为我国首次成功实施的重复使用运载火箭一子级着陆腿方式陆地可控回收。中科宇航此次IPO计划募资约41.8亿元,于今年3月31日获受理,4月15日进入问询,6月29日更新招股书并补充2025年",网易新闻客户端,Media,https://c.m.163.com/news/a/L85U378M051481US.html,Watch,,1,2,2,1.50,C,未进入本周主文清单；保留在数据库供追溯。,Exclude,,,,Pass A discovery via D2-CN-03; full-text validation is required before S/A use.,Yes
2026W40-WEB-099,2026-10-01,2026-10-01,China,Financing,Commercial_Space,蓝箭航天、中科宇航、微纳星空三家企业IPO状态同步变更为中止|界面新闻 · 快讯,蓝箭航天、中科宇航、微纳星空三家企业IPO状态同步变更为中止|界面新闻 · 快讯,"根据上交所最新披露的信息,2026年9月30日,蓝箭航天、中科宇航、微纳星空IPO的状态由已问询变更为中止,原因为财报更新。这说明发行上市申请文件中记载的财务资料已过有效期,需要补充提交。",界面新闻,Media,https://www.jiemian.com/article/15158153.html,Watch,,1,2,2,1.50,C,未进入本周主文清单；保留在数据库供追溯。,Database_Only,,,,Pass A discovery via D2-CN-03; full-text validation is required before S/A use.,Yes
2026W40-WEB-100,2026-10-01,2026-10-01,China,Policy,Commercial_Space,"蓝箭航天、中科宇航和微纳星空,三家商业航天IPO同日被中止-虎嗅网","蓝箭航天、中科宇航和微纳星空,三家商业航天IPO同日被中止-虎嗅网","从上交所9月30日公布的信息看,蓝箭航天、中科宇航和微纳星空的科创板IPO均在同一天转入“中止(财报更新)”状态。上交所给出的原因一致,均为“发行上市申请文件中记载的财务资料已过有效期,需要补充提交”。中止(财报更新)上交所三家商业航天企业同时中止IPO,并非孤立现象。9月30日当天,共有58家IPO企业因财务资料更新集中转为中止。按照现行规则,IPO招股书引用的经审计财务报表通常有效6个月,特殊情况下最长可延长3个月。因此,以2025年12月31日为截止日的财务数据,最晚可使用至2026年9月30日。但三家头部商业航天企业同时进入中止状态仍然值得关注。这释放出一个信号:去年以来快速启动的商业航天IPO,推进步伐正在阶段性放缓。其中,蓝箭航天于2025年12月31日获得科创板IPO受理,是科创板第五套上市标准扩围后首家正式申报的商业航天企业,被称为冲刺科创板“商业航天第一股”。2026年1月22日,公司进入问询阶段;3月31日,因为财务资料超过有效期,IPO第一次中止;补充完成2025年度财务数据后,6月29日恢复至“已问询”状态;9月30日,其审核状态又一次变为“中止(财报更新)”。不到一年,蓝箭航天已经经历了“问询—中止—恢复问询—再次中止”的循环。与此同时,2025年蓝箭航天营业收入增至5209.63万元,归母净亏损达到17.11亿元,研发费用达到9.22亿元。全年公司共实施3次火箭发射任务,其中朱雀二号改进型遥二成功入轨、遥三发射失利,朱雀三号则在12月完成首次发射并成功入轨,同时开展一级回收验证。今年8月19日,朱雀三号遥二又成功完成一子级陆地回收,成为我国首次成功实施的重复使用运载火箭一子级着陆腿方式陆地可控回收。中科宇航此次IPO计划募资约41.8亿元,于今年3月31日获受理,4月15日进入问询,6月29日更新招股书并补充2025年度财务数据,9月30日同样因",虎嗅,Media,https://www.huxiu.com/article/4895049.html,Watch,,1,2,2,1.50,C,未进入本周主文清单；保留在数据库供追溯。,Exclude,,,,Pass A discovery via D2-CN-03; full-text validation is required before S/A use.,Yes
2026W40-WEB-101,2026-10-01,2026-10-01,China,Policy,Commercial_Space,蓝箭航天、中科宇航和微纳星空等三家商业航天IPO同日被中止_凤凰网,蓝箭航天、中科宇航和微纳星空等三家商业航天IPO同日被中止_凤凰网,"(文/汤普济 编辑/吕栋)从上交所9月30日公布的信息看,蓝箭航天、中科宇航和微纳星空的科创板IPO均在同一天转入“中止(财报更新)”状态。上交所给出的原因一致,均为“发行上市申请文件中记载的财务资料已过有效期,需要补充提交”。中止(财报更新)上交所三家商业航天企业同时中止IPO,并非孤立现象。9月30日当天,共有58家IPO企业因财务资料更新集中转为中止。按照现行规则,IPO招股书引用的经审计财务报表通常有效6个月,特殊情况下最长可延长3个月。因此,以2025年12月31日为截止日的财务数据,最晚可使用至2026年9月30日。但三家头部商业航天企业同时进入中止状态仍然值得关注。这释放出一个信号:去年以来快速启动的商业航天IPO,推进步伐正在阶段性放缓。其中,蓝箭航天于2025年12月31日获得科创板IPO受理,是科创板第五套上市标准扩围后首家正式申报的商业航天企业,被称为冲刺科创板“商业航天第一股”。2026年1月22日,公司进入问询阶段;3月31日,因为财务资料超过有效期,IPO第一次中止;补充完成2025年度财务数据后,6月29日恢复至“已问询”状态;9月30日,其审核状态又一次变为“中止(财报更新)”。不到一年,蓝箭航天已经经历了“问询—中止—恢复问询—再次中止”的循环。与此同时,2025年蓝箭航天营业收入增至5209.63万元,归母净亏损达到17.11亿元,研发费用达到9.22亿元。全年公司共实施3次火箭发射任务,其中朱雀二号改进型遥二成功入轨、遥三发射失利,朱雀三号则在12月完成首次发射并成功入轨,同时开展一级回收验证。今年8月19日,朱雀三号遥二又成功完成一子级陆地回收,成为我国首次成功实施的重复使用运载火箭一子级着陆腿方式陆地可控回收。中科宇航此次IPO计划募资约41.8亿元,于今年3月31日获受理,4月15日进入问询,6月29日更新招股书并补充2025年度",凤凰网,Media,https://finance.ifeng.com/c/8wsDYg6jj11,Watch,,1,2,2,1.50,C,未进入本周主文清单；保留在数据库供追溯。,Exclude,,,,Pass A discovery via D2-CN-03; full-text validation is required before S/A use.,Yes
2026W40-WEB-115,2026-10-01,2026-10-01,China,Technology,Chip;AI,2026年GPU工作站发展现状前景 - 2026-2032年全球与中国GPU工作站行业现状及市场前景报告 - 产业调研网,2026年GPU工作站发展现状前景 - 2026-2032年全球与中国GPU工作站行业现状及市场前景报告 - 产业调研网,"GPU工作站是面向专业图形渲染、科学计算与AI工作流的终端算力平台,由高性能GPU、工作站级CPU、ECC内存、专业散热与ISV认证软件栈构成。GPU工作站广泛应用于CAD/CAE仿真、三维建模、影视后期、数字孪生、医学影像与本地化AI推理等场景。当前GPU工作站显卡市场呈现国际巨头领跑、国产全功能GPU加速突围的格局,Blackwell架构专业显卡以96GB GDDR7 ECC显存与高AI算力确立性能天花板,AMD以色彩管理与多屏输出形成差异化竞争,国产GPU则在渲染、编解码与通用计算交叉领域开辟赛道,并已与国产整机完成适配。采购决策从单一硬件参数转向ISV认证完整性、显存带宽、能效比与全生命周期运维能力。 未来,GPU工作站将沿""异构算力+端云协同+AI工作流""方向演进。产业调研网认为,CPU+GPU+XPU多元异构架构有望成为智能算力时代主流技术范式,工作站将承担更多本地推理、数字孪生与具身智能开发任务,与云端算力形成协同分工。显存容量与带宽将持续提升以支撑大模型本地部署,低功耗Max-Q版本将改善静音与能效表现。国产GPU生态将在水利数字孪生、GIS、视频编解码等垂直场景加速落地,带动整机适配与软件优化。行业竞争将从硬件堆料转向""算力密度+软件生态+ISV认证+端云协同""综合能力,具备全栈适配与场景深耕能力的供应商将占据优势。 据产业调研网(Cir.cn)《2026-2032年全球与中国GPU工作站行业现状及市场前景报告》,2025年GPU工作站行业市场规模达 亿元,预计2032年市场规模将达 亿元,期间年均复合增长率(CAGR)达 %。报告系统分析了GPU工作站行业的市场规模、需求动态及价格趋势,并深入探讨了GPU工作站产业链结构的变化与发展。报告详细解读了GPU工作站行业现状,科学预测了未来市场前景与发展趋势,同时对GPU工作站细分市场的竞争格局进行了全面评估",产业调研网,Media,https://www.cir.cn/2/50/GPUGongZuoZhanFaZhanQuShiFenXi.html,Watch,,1,2,2,1.50,C,未进入本周主文清单；保留在数据库供追溯。,Exclude,,,,Pass A discovery via D3-CN-01; full-text validation is required before S/A use.,Yes
2026W40-WEB-122,2026-10-01,2026-10-01,China,Financing,Chip;AI,2026年GPU工作站的前景趋势 - 2026-2032年中国GPU工作站行业现状研究及发展前景分析报告 - 产业调研网,2026年GPU工作站的前景趋势 - 2026-2032年中国GPU工作站行业现状研究及发展前景分析报告 - 产业调研网,"GPU工作站是面向专业图形渲染、科学计算与AI工作流的终端算力平台,由高性能GPU、工作站级CPU、ECC内存、专业散热与ISV认证软件栈构成。GPU工作站广泛应用于CAD/CAE仿真、三维建模、影视后期、数字孪生、医学影像与本地化AI推理等场景。当前GPU工作站显卡市场呈现国际巨头领跑、国产全功能GPU加速突围的格局,Blackwell架构专业显卡以96GB GDDR7 ECC显存与高AI算力确立性能天花板,AMD以色彩管理与多屏输出形成差异化竞争,国产GPU则在渲染、编解码与通用计算交叉领域开辟赛道,并已与国产整机完成适配。采购决策从单一硬件参数转向ISV认证完整性、显存带宽、能效比与全生命周期运维能力。 未来,GPU工作站将沿""异构算力+端云协同+AI工作流""方向演进。产业调研网认为,CPU+GPU+XPU多元异构架构有望成为智能算力时代主流技术范式,工作站将承担更多本地推理、数字孪生与具身智能开发任务,与云端算力形成协同分工。显存容量与带宽将持续提升以支撑大模型本地部署,低功耗Max-Q版本将改善静音与能效表现。国产GPU生态将在水利数字孪生、GIS、视频编解码等垂直场景加速落地,带动整机适配与软件优化。行业竞争将从硬件堆料转向""算力密度+软件生态+ISV认证+端云协同""综合能力,具备全栈适配与场景深耕能力的供应商将占据优势。 据产业调研网(Cir.cn)《2026-2032年中国GPU工作站行业现状研究及发展前景分析报告》,2025年GPU工作站行业市场规模达 亿元,预计2032年市场规模将达 亿元,期间年均复合增长率(CAGR)达 %。报告基于权威数据和调研资料,采用定量与定性相结合的方法,系统分析了GPU工作站行业的现状和未来趋势。通过对行业的长期跟踪研究,报告提供了清晰的市场分析和趋势预测,帮助投资者更好地理解行业投资价值。同时,结合GPU工作站行业特点,",产业调研网,Media,https://www.cir.cn/6/02/GPUGongZuoZhanDeQianJingQuShi.html,Watch,,1,2,2,1.50,C,未进入本周主文清单；保留在数据库供追溯。,Database_Only,,,,Pass A discovery via D3-CN-01; full-text validation is required before S/A use.,Yes
2026W40-QCC-DOMESTIC-001,2026-10-01,2026-10-01,China,Financing,Chip,士模微电子,士模微电子B+轮融资记录,工业级信号链芯片研发商；企查查披露金额：未披露。,企查查（境内）,Database,https://mp.weixin.qq.com/s?__biz=Mzg2MjY2NzI3OA==&mid=2247493436&idx=2&sn=72d47895ebf29a64564e8b6381f7aaef&poc_token=HLO-vWqjFFj3ZeAFPaAnLXOMhtTb6TN892xeu9PF,Manual,,2,3,4,2.70,C,行业筛选后的融资条目；满足融资板块下限，以B级正文表项纳入。,Database_Only,资本继续流向芯片、商业航天或AI算力供给链。,用于比较赛道资本密度、轮次与投资人结构。,跟踪金额、投资方与产品交付验证。,QCC raw_id=f53ad5c755b4e991eaa32ea0ccd86a73；数据库记录是线索，不等于公司公开确认；金额和日期保留原始披露口径。,No
2026W40-QCC-OVERSEAS-006,2026-10-01,2026-10-01,Global,Financing,Commercial_Space,Charter Space,Charter Space种子轮融资记录,商业航天保险服务提供商；企查查披露金额：500万美元。,企查查（境外）,Database,https://mp.weixin.qq.com/s/5R8tZ27k43PQi2LESnSyJg,Manual,,1,2,2,1.50,C,未进入本周主文清单；保留在数据库供追溯。,Database_Only,,,,QCC raw_id=c8be4706014d69a59b58c98e292abd2a；数据库记录是线索，不等于公司公开确认；金额和日期保留原始披露口径。,No
2026W40-QCC-OVERSEAS-008,2026-10-01,2026-10-01,Global,Financing,AI,AIBORN,AIBORN战略融资融资记录,医疗临床文书AI科技研发商；企查查披露金额：未披露。,企查查（境外）,Database,https://mp.weixin.qq.com/s?__biz=MjM5NTM2OTcwMA==&mid=2653964556&idx=4&sn=ad4ced9ffe68762e80f847081b87b097&poc_token=HMV2xGqjduanWZ98V__X6J4kko8SVdQ1doCU1Axi,Manual,,1,2,2,1.50,C,未进入本周主文清单；保留在数据库供追溯。,Database_Only,,,,QCC raw_id=5aa59069f4f94a68132689b4a505e45e；数据库记录是线索，不等于公司公开确认；金额和日期保留原始披露口径。,No
2026W40-WEB-002,2026-10-02,2026-10-02,China,Financing,Space_Compute;Commercial_Space;Chip;AI,算力入苍穹:2026-2030年中国太空算力行业深度调研与投资前景展望_中研普华_中研网,算力入苍穹:2026-2030年中国太空算力行业深度调研与投资前景展望_中研普华_中研网,"当人工智能的算力需求以指数级增长,当地面数据中心面临能源、散热与土地的三重""硬墙"",人类的计算视野正突破大气层的物理边界——太空算力,由此进入全球科技竞逐的前沿赛道。 当人工智能的算力需求以指数级增长,当地面数据中心面临能源、散热与土地的三重""硬墙"",人类的计算视野正突破大气层的物理边界——太空算力,由此进入全球科技竞逐的前沿赛道。一、行业概览:何为太空算力所谓太空算力,是指依托空间技术,通过在近地轨道部署计算系统、数据存储系统及高速数据互联设施,构建集算力、存力、运力为一体的新型空间信息基础设施。中研普华产业研究院《2026-2030年中国太空算力行业深度调研及投资前景预测研究报告》分析认为,其核心逻辑在于将传统""天数地算""(卫星采集数据后传回地面处理)的模式革新为""天数天算""(数据在轨道上直接完成处理,仅将有价值的结果回传地面),从而大幅降低通信延迟、提升响应效率,并实现全球无死角覆盖。中国信息通信研究院将太空算力定义为""建在太空的新一代信息通信基础设施""。工业和信息化部信息通信发展司副司长赵策在2026太空算力产业大会上明确指出,太空算力涉及算力芯片、星间通信、供能散热以及卫星制造等多个领域,具有在轨实时处理、低成本能源、广域覆盖等多方面优势,具有战略价值和广阔产业前景。从产业链角度看,太空算力形成了清晰的""上游—中游—下游""三层架构。上游聚焦抗辐射芯片、星载计算平台、星间激光通信和空间能源等核心元器件,技术壁垒最高。中游负责将硬件集成为系统,涵盖星座组网、在轨算力调度和火箭发射等环节;下游则是价值兑现的应用层,覆盖智能遥感、全球通信、气象服务、AI原生计算、自动驾驶、低空经济等多元场景。整个产业链贯通""芯片+硬件+平台+智能+网络+应用""的全栈生态,上下游联动空间巨大。二、产业格局:从技术验证到规模部署的关键转折2026年,被业界广泛视为中国太空算力产业的""奇点之",中研网,Media,https://www.chinairn.com/hyzx/20260920/173413870.shtml,Watch,,1,2,2,1.50,C,未进入本周主文清单；保留在数据库供追溯。,Database_Only,,,,Pass A discovery via D1-CN-01; full-text validation is required before S/A use.,Yes
2026W40-WEB-017,2026-10-02,2026-10-02,China,Policy,Commercial_Space;Chip;AI,2026年投资中国商业航天靠谱的公司有哪些?--三个观察维度_凤凰网,2026年投资中国商业航天靠谱的公司有哪些?--三个观察维度_凤凰网,"投资中国商业航天,判断一家公司是否靠谱,不能只看发射新闻,更要看政策准入、在轨规模、成本产能、终端生态与商业闭环。低轨星座路线已经分化:卫星物联网、遥感信息、低轨宽带各有逻辑。本文梳理三家样本:时空道宇、长光卫星、垣信卫星。时空道宇2026年8月,时空道宇正式获得工业和信息化部批复的卫星物联网业务商用试验许可,试验期为两年。期间,时空道宇可依法试点经营卫星物联网业务,依托全栈自研低轨卫星物联网星座为全球用户提供广覆盖、低功耗、高可靠的物联网连接服务,在智能网联汽车、工程机械、海洋渔业、能源水利、交通物流、低空出行等领域实现全天候、智能化的卫星物联网服务。同时,开展IoT NTN技术试验,持续加快6G卫星通信技术的研发与商业化进程。从投资观察角度,时空道宇的稀缺性来自“商用许可+星座系统”的组合。公开信息显示,时空道宇拥有64颗在轨卫星,在轨可靠性100%,在国内低轨卫星物联网星座中规模领先,在轨卫星数量以及可服务用户体量均处于领先地位,并已获得卫星物联网业务商用试验批复。星座规模与商用资质的叠加,为其商业化拓展提供了较为完整的基础。运营层面,获得商用试验批复后,企业可依法开展收费服务、签订长期商业合同、拓展行业客户。此前困扰行业的合规路径被打通,商业闭环才真正成立。竞争逻辑也在切换。工信部相关批复指出,组织开展卫星物联网业务商用试验有利于推动卫星物联网形成规模效应,构建规范有序、协同发展、优势互补、合作共赢的发展格局。行业竞争正从“造星能力”的比拼转向“运营服务”与“商业闭环”的较量。时空道宇坚持自主研发路线,从星座系统设计、卫星研发、量产AIT(总装集成测试)、星座测运控,到核心芯片、模组及终端的研发与场景化应用,实现全流程自主可控。在制造端,台州卫星超级工厂将单星生产周期压缩至28天,年产能500颗,成本下降约45%。据披露,星座建设成本远低于美国同类型星座,建设周期仅",凤凰网,Media,https://sz.ifeng.com/c/8wsQlUTaczD,Watch,,1,2,2,1.50,C,未进入本周主文清单；保留在数据库供追溯。,Exclude,,,,Pass A discovery via D1-CN-02; full-text validation is required before S/A use.,Yes
2026W40-WEB-041,2026-10-02,2026-10-02,China,Policy,Commercial_Space,《湖北省无线电管理条例》-湖北省经济和信息化厅,《湖北省无线电管理条例》-湖北省经济和信息化厅,"(第三百八十七号)《湖北省无线电管理条例》已由湖北省第十四届人民代表大会常务委员会第二十六次会议于2026年9月24日通过,现予公布,自2026年12月1日起施行。湖北省人民代表大会常务委员会2026年9月24日(2006年12月1日湖北省第十届人民代表大会常务委员会第二十四次会议通过 根据2011年12月1日湖北省第十一届人民代表大会常务委员会第二十七次会议《关于修改部分地方性法规中行政强制规定的决定》修正 2026年9月24日湖北省第十四届人民代表大会常务委员会第二十六次会议修订)目 录第一章 总 则第二章 无线电频率管理第三章 无线电台(站)管理第四章 无线电发射设备管理第五章 无线电监测和电波秩序维护第六章 法律责任第七章 附 则第一章 总 则第一条 为了加强无线电管理,维护空中电波秩序,有效开发、利用和保护无线电频谱资源,保证无线电业务的正常进行,服务经济社会高质量发展,根据《中华人民共和国生态环境法典》、《中华人民共和国无线电管理条例》等法律、行政法规,结合本省实际,制定本条例。第二条 本条例适用于在本省行政区域内使用无线电频率,设置、使用无线电台(站),研制、生产、进口、销售、维修无线电发射设备,使用辐射无线电波的非无线电设备,以及相关保障和监督管理活动等。军事系统的无线电管理,按照国家和军队有关规定执行。第三条 无线电频谱资源属于国家所有,实行统一规划、合理开发、有偿使用。无线电管理工作贯彻科学管理、保护资源、保障安全、促进发展的方针。第四条 省人民政府应当加强无线电管理工作的领导,将无线电管理工作纳入国民经济和社会发展规划,协调解决无线电管理工作中的重大问题,提高无线电频谱资源的经济社会效益。市(州)、县(市、区)人民政府应当明确具体部门,协助做好本行政区域内无线电管理工作。第五条 省无线电管理机构负责本省行政区域内除军事系统外的无线电管理工作,根据审批权",湖北省经济和信息化厅门户网站,Official,https://jxt.hubei.gov.cn/bmdt/rdjj/202610/t20261003_6026905.shtml,S_Core,,1,2,2,1.50,C,未进入本周主文清单；保留在数据库供追溯。,Exclude,,,,Pass A discovery via D1-CN-04; full-text validation is required before S/A use.,Yes
2026W40-WEB-074,2026-10-02,2026-10-02,China,Technology,Commercial_Space,SpaceX发射计划:10月1日-10月11日_任务_回收_轨道,SpaceX发射计划:10月1日-10月11日_任务_回收_轨道,"10月1日23:10,Crew-13任务:发射场为佛罗里达州卡纳维拉尔角太空军基地SLC-40工位,使用猎鹰9号发射,一子级拟在LZ-40着陆区回收。此行将把NASA宇航员Jessica Watkins、Luke Delaney,加拿大宇航员Joshua Kutryk和俄罗斯宇航员Sergey Teteryatnikov共4人送往国际空间站,执行约半年的轮换任务。 10月2日02:18,Transporter-18任务:发射场为加利福尼亚州范登堡太空军基地SLC-4E工位,使用猎鹰9号发射,发射窗口约58分钟,一子级拟在LZ-4着陆区回收。此行为小型卫星拼车任务,计划将约130个载荷送入低地球轨道,包括立方星、微卫星、搭载载荷,以及轨道转移飞行器和再入飞行器。 10月2日11:53,NROL-97任务:发射场为佛罗里达州肯尼迪航天中心LC-39A工位,使用猎鹰重型火箭发射,两枚侧助推器拟分别在LZ-1、LZ-2着陆区回收,芯级不回收。此行将为美国国家侦察局发射保密载荷。 10月5日16:16,SDA第四次Tranche 1任务:发射场为加利福尼亚州范登堡太空军基地SLC-4E工位,使用猎鹰9号发射,一子级拟在LZ-4着陆区回收。此行将把21颗数据传输卫星送入低地球轨道,构成太空发展局扩散作战人员空间体系的第四个轨道面。 10月11日07:00至11:00,星链任务:发射场为加利福尼亚州范登堡太空军基地SLC-4E工位,使用猎鹰9号发射,一子级拟在太平洋无人回收船回收。此行为星链低轨通信星座组网发射。返回搜狐,查看更多",搜狐,Media,https://www.sohu.com/a/1083152343_329768?scm=10001.8085_13-8085_13.0.0-0-0-0-0.0,Watch,,1,2,2,1.50,C,未进入本周主文清单；保留在数据库供追溯。,Exclude,,,,Pass A discovery via D1-CN-06; full-text validation is required before S/A use.,Yes
2026W40-WEB-084,2026-10-02,2026-10-02,China,Financing,Commercial_Space,"商业航天的爆发,真要等到2029年吗?_腾讯新闻","商业航天的爆发,真要等到2029年吗?_腾讯新闻","商业航天爆发不用等2029年,但赚钱可能得等。9月底,蓝箭、中科宇航等三家商业航天企业IPO审核突然“中止”。其实只是财报过期了。但大家还是慌了,因为招股书里都把盈利目标定在了2029年。客户根本等不到2029年。千帆星座今年底要发324颗卫星,缺口还很大。垣信卫星想买发射服务,去年两次流标都没凑够供应商。现在火箭运力这么紧,谁能先把卫星送上去,谁就能拿下后面的单子。两家头部公司都在拿现在的订单换未来的复用。蓝箭:靠朱雀二号改进型先接住组网任务。指望未来的朱雀三号靠回收复用把成本打下来。中科宇航:力箭一号订单排到了2027年下半年。接下来就看力箭二号能不能接住大单。眼下的账本依然难看。蓝箭去年亏了17个亿,中科宇航也亏了11个多亿。发射服务基本都在亏钱。2029年的盈利测算,全押在火箭能批量生产、常态化回收上。市场机会就在眼前,但窗口期不会一直开着。",腾讯网,Media,https://news.qq.com/rain/a/20261002A09TEP00,Watch,,1,2,2,1.50,C,未进入本周主文清单；保留在数据库供追溯。,Database_Only,,,,Pass A discovery via D1-CN-07; full-text validation is required before S/A use.,Yes
2026W40-WEB-093,2026-10-02,2026-10-02,China,Policy,Commercial_Space;Chip,蓝箭航天、中科宇航、微纳星空、韩国芯片、环流三号可控核聚变_凤凰网,蓝箭航天、中科宇航、微纳星空、韩国芯片、环流三号可控核聚变_凤凰网,"经纬社 作者 | 彭建庭 记者 | 潘家毅10月2日 经纬社今日新闻综合报道1. 蓝箭航天、中科宇航、微纳星空IPO中止!原因:财报更新上交所最新披露的信息显示,2026年9月30日,蓝箭航天、中科宇航、微纳星空三家企业的IPO状态由已问询变更为中止,原因为财报更新。这意味着发行上市申请文件中记载的财务资料已过有效期,需要补充提交新的财务数据才能继续推进审核流程。三家企业同时踩下暂停键,在资本市场上引起了不少关注,毕竟商业航天赛道这两年正是投资圈的热门方向。其实IPO审核中因为财报过期而中止是常规操作,监管规则要求招股材料里的财务数据必须保持时效性,年报、半年报数据过期了就得更新,更新完再恢复审核,流程本身并不罕见。但这次一口气中止三家,而且都是商业航天领域的代表性企业,还是让市场多看了两眼。蓝箭航天、中科宇航、微纳星空分别覆盖运载火箭、商业发射和卫星制造,基本把商业航天产业链的上游核心环节占齐了,三家公司同批推进上市,某种程度上也说明这条赛道已经进入批量资本化的阶段。中止不等于终止,三家公司只要在规定时间内补齐财务资料,就可以申请恢复审核,上市进程大概率只是往后顺延几个月。对投资者来说,真正值得关注的不是这个插曲本身,而是商业航天板块整体IPO节奏会不会因此放慢,以及后续财报数据能不能支撑住估值。这里补个背景,商业航天这两年一直是政策鼓励加资本追捧的双热赛道,从火箭复用技术突破到卫星互联网组网,各家公司的融资和上市动作都很密集,估值也水涨船高,监管层面自然会对财务披露的规范性盯得更紧。这次三家同步中止,也可以看成审核节奏在回归常态,给过热的市场降降温。航天产业重资产、长周期、高投入的特点决定了它的资本化路径不会像互联网那么顺滑,上市窗口期内的每一道程序都得走扎实,这一次中止也算给市场提了个醒,硬科技赛道的IPO从来不是一蹴而就的事。2. 韩国9月芯片出口激增263%!创纪",凤凰网,Media,https://finance.ifeng.com/c/8wts0eeP7g8,Watch,,1,2,2,1.50,C,未进入本周主文清单；保留在数据库供追溯。,Exclude,,,,Pass A discovery via D2-CN-03; full-text validation is required before S/A use.,Yes
2026W40-WEB-102,2026-10-02,2026-10-02,China,Financing,Commercial_Space,蓝箭航天、中科宇航等3家商业航天公司科创板IPO中止 - 21经济网,蓝箭航天、中科宇航等3家商业航天公司科创板IPO中止 - 21经济网,"观点网讯:9月30日,据上交所官网显示,蓝箭航天空间科技股份有限公司、中科宇航技术股份有限公司、北京微纳星空科技股份有限公司3家公司的科创板IPO均变更为“中止(财报更新)”状态。变更原因为发行上市申请文件中记载的财务资料已过有效期,需要补充提交。免责声明:本文内容与数据由观点根据公开信息整理,不构成投资建议,使用前请核实。",21经济网,Media,https://www.21jingji.com/article/20261002/herald/eabba995e9b46ad4dc440d4a59cc80da.html,Watch,,1,2,2,1.50,C,未进入本周主文清单；保留在数据库供追溯。,Database_Only,,,,Pass A discovery via D2-CN-03; full-text validation is required before S/A use.,Yes
2026W40-WEB-104,2026-10-02,2026-10-02,China,Technology,Commercial_Space,太空望吉林 “吉林一号”摄G331的十色大地画卷_凤凰网,太空望吉林 “吉林一号”摄G331的十色大地画卷_凤凰网,"2026年国庆盛典如约启幕,金风拂过长白,山河尽染秋光,举国共贺盛世华章。跟随“吉林一号”卫星镜头驰骋于吉林G331国道,四方山枫叶谷、集安河谷稻田、鸭绿江岸白桦林、浑江太极湾、神龟山景区、抚松县紫花槭、望天鹅风景区,一幅幅浓墨重彩的边境山河长卷缓缓铺陈。沿着国道穿行白山松水之间,邂逅吉林独有的秋日盛景。(来源:长春新区新闻中心)",凤凰网,Media,https://news.ifeng.com/c/8wtQO9ju6TE,Watch,,1,2,2,1.50,C,未进入本周主文清单；保留在数据库供追溯。,Exclude,,,,Pass A discovery via D2-CN-04; full-text validation is required before S/A use.,Yes
2026W40-WEB-120,2026-10-02,2026-10-02,China,Technology,Commercial_Space;Chip,"一加16首发三频GPS+四频北斗,搭载骁龙8至尊版与185Hz电竞屏_手机新闻-中关村在线","一加16首发三频GPS+四频北斗,搭载骁龙8至尊版与185Hz电竞屏_手机新闻-中关村在线","一加品牌于2026年10月2日正式公布,即将发布的旗舰机型一加16将首次集成三频GPS与四频北斗卫星定位系统。该方案显著提升定位响应速度与精度,尤其在城市密集楼宇区域、高架桥下方及道路结构复杂的场景中,可大幅增强信号稳定性,有效抑制偏航现象与定位漂移。目前,一加16已在覆盖全国的OPPO线下门店提前陈列,公众可在国庆假期期间前往体验真机。该机型定于2026年10月12日正式发布,是首批搭载第六代骁龙8超级至尊版移动平台的终端产品。其安兔兔综合跑分突破563万分,创下当前同代芯片平台中的最高纪录,领先于所有采用相同平台的竞品设备。第六代骁龙8超级至尊版基于台积电2纳米制程工艺打造,首次实现CPU主频突破5.0吉赫兹,采用全大核架构设计,在性能与能效方面均取得显著突破:CPU性能提升13%,GPU性能提升44%,CPU能效提升37%,GPU能效提升40%。在游戏体验层面,一加16与高通深度协同,共同研发新一代风驰游戏内核,将多项芯片级游戏优化技术直接嵌入硬件底层,支持原生185帧满帧稳定输出;和平精英等主流高帧率游戏可长时间维持185帧运行。为全面强化游戏体验,该机还搭载自研电竞三芯系统:P4超级显示芯片负责画面渲染与色彩管理,T3灵犀触控芯片优化触控响应与跟手性,G3电竞网络芯片则专注提升网络延迟控制与连接稳定性,实现显示、操作与网络三重协同升级。屏幕采用6.78英寸1.5K分辨率BOE OLED直屏,配备1.15毫米极窄四等边设计与黄金大R角工艺,进一步压缩正面边框视觉宽度,支持最高185赫兹动态刷新率。整机内置9000毫安时大容量电池。影像系统由三颗专业级镜头组成:2亿像素主摄,传感器尺寸为1/1.4英寸,光圈f/1.6;5000万像素3倍光学变焦潜望式长焦镜头;以及5000万像素超广角镜头,兼顾高解析力、远摄能力与广阔视野。本文属于原创文章,如若转载,请注明来源:一加",中关村在线手机频道,Media,https://mobile.zol.com.cn/1255/12552873.html,Watch,,1,2,2,1.50,C,未进入本周主文清单；保留在数据库供追溯。,Exclude,,,,Pass A discovery via D3-CN-01; full-text validation is required before S/A use.,Yes
2026W40-WEB-124,2026-10-02,2026-10-02,China,Policy,Commercial_Space,亚太卫星(01045)公告及通告 - [持续关连交易 / 延迟发送通函或其他文件]延迟寄发有关持续关连交易之通函_新浪财经_新浪网,亚太卫星(01045)公告及通告 - [持续关连交易 / 延迟发送通函或其他文件]延迟寄发有关持续关连交易之通函_新浪财经_新浪网,"【亚太卫星:延迟寄发持续关连交易相关通函】 亚太卫星公告称,公司此前公告预期将于2026年10月2日或之前向股东寄发载有持续关连交易协议、非豁免持续关连交易及上限详情、独立财务顾问意见、独立董事委员会推荐建议及股东特别大会通告的通函。因需额外时间准备落实通函内容,该通函预期寄发日期延迟至2026年10月23日或之前。声明:市场有风险,投资需谨慎。本文基于第三方数据库发布,不代表新浪财经观点,任何在本文出现的信息均只作为参考,不构成个人投资建议。如有出入请以实际公告为准。如有疑问,请联系biz@staff.sina.com.cn。 责任编辑:小浪快报",新浪财经,Media,https://finance.sina.com.cn/stock/aigc/hkgg/2026-10-02/doc-initvprc1400033.shtml,Watch,,1,2,2,1.50,C,未进入本周主文清单；保留在数据库供追溯。,Exclude,,,,Pass A discovery via D4-CN-01; full-text validation is required before S/A use.,Yes
2026W40-QCC-OVERSEAS-003,2026-10-02,2026-10-02,Global,Financing,AI,Field AI,Field AIA轮融资记录,机器人技术研发商；企查查披露金额：7亿美元。,企查查（境外）,Database,https://aiweekly.co/alerts/fieldai-lands-700m-at-10b-valuation-for-robot-brains,Manual,,1,2,2,1.50,C,未进入本周主文清单；保留在数据库供追溯。,Database_Only,,,,QCC raw_id=067c8668e286057f5f6a776deb8b198b；数据库记录是线索，不等于公司公开确认；金额和日期保留原始披露口径。,No
2026W40-WEB-117,2026-10-03,2026-10-03,China,Policy,Commercial_Space;Chip;AI,"AMD出样Versal AI Core XQRVC1902自适应SoC,满足15年太空任务要求_凤凰网","AMD出样Versal AI Core XQRVC1902自适应SoC,满足15年太空任务要求_凤凰网","IT之家 10 月 3 日消息,AMD 当地时间本月 1 日宣布向航天客户交付 Versal AI Core XQRVC1902 自适应 SoC 的早期样品。这一 SoC 采用 AMD 自主研发的航天级无盖封装,结合了保守的设计规则和增强型有机基板材料,搭配航天级芯片电容器。该组合减轻了太空环境中的热应力和机械应力对芯片的影响,适合对可靠性要求极高的航天任务。AMD 目前正在按照航天组件标准中质量和可靠性的最高级别 —— 美国军用标准 MIL-PRF-38535 Y 级认证对 Versal AI Core XQRVC1902 自适应 SoC 进行测试。",凤凰网,Media,https://tech.ifeng.com/c/8wvQA3H2TkD,Watch,,1,2,2,1.50,C,未进入本周主文清单；保留在数据库供追溯。,Exclude,,,,Pass A discovery via D3-CN-01; full-text validation is required before S/A use.,Yes
2026W40-WEB-123,2026-10-03,2026-10-03,China,Policy,Commercial_Space;Chip;AI,"AMD出样Versal AI Core XQRVC1902自适应SoC,满足15年太空任务要求 - 今日头条","AMD出样Versal AI Core XQRVC1902自适应SoC,满足15年太空任务要求 - 今日头条","来源:市场资讯(来源:IT之家)IT之家 10 月 3 日消息,AMD 当地时间本月 1 日宣布向航天客户交付 Versal AI Core XQRVC1902 自适应 SoC 的早期样品。这一 SoC 采用 AMD 自主研发的航天级无盖封装,结合了保守的设计规则和增强型有机基板材料,搭配航天级芯片电容器。该组合减轻了太空环境中的热应力和机械应力对芯片的影响,适合对可靠性要求极高的航天任务。AMD 目前正在按照航天组件标准中质量和可靠性的最高级别 —— 美国军用标准 MIL-PRF-38535 Y 级认证对 Versal AI Core XQRVC1902 自适应 SoC 进行测试。",今日头条,Media,https://www.toutiao.com/article/7692385850864189994/,Watch,,1,2,2,1.50,C,未进入本周主文清单；保留在数据库供追溯。,Exclude,,,,Pass A discovery via D3-CN-01; full-text validation is required before S/A use.,Yes
2026W40-QCC-OVERSEAS-002,2026-10-03,2026-10-03,Global,Financing,AI,Conway Research,Conway Research天使轮融资记录,端侧个 AI研发商；企查查披露金额：未披露。,企查查（境外）,Database,https://mp.weixin.qq.com/s?__biz=MjM5NTM2OTcwMA==&mid=2653964461&idx=4&sn=53bf3cfcfd924e7ca08c5167f77ddf2d&poc_token=HF8cw2qjmhuFNIZsaippdE-yYSupJOx4wes9efDd,Manual,,1,2,2,1.50,C,未进入本周主文清单；保留在数据库供追溯。,Database_Only,,,,QCC raw_id=a8279e6ac21a49b5935390198698b114；数据库记录是线索，不等于公司公开确认；金额和日期保留原始披露口径。,No
2026W40-WEB-048,2026-10-04,2026-10-04,China,Technology,Commercial_Space,"打破西方垄断!朱雀二号一箭10星发射,美国担心的事成真了 - 今日头条","打破西方垄断!朱雀二号一箭10星发射,美国担心的事成真了 - 今日头条","打破西方垄断?先看清这次发射到底做成了什么9月15日下午两点二十六分,东风商业航天创新试验区。朱雀二号改进型遥七火箭点火升空,把千帆极轨19组的10颗卫星送进900公里高的预定轨道。这是朱雀二号系列的第九次飞行,也是中国民营火箭第一次承担大型卫星互联网星座的批量组网任务。标题里那句“打破西方垄断”,听着提气,但不够准确。更实在的说法是:从这一天起,中国的巨型星座组网,不再只能等“国家队”的档期。一箭十星,难在哪往整流罩里塞十颗卫星,看着像装行李,其实是整套工程能力的考试。多星堆叠怎么固定、分离时会不会互相撞、入轨精度够不够、末级用完怎么钝化离轨避免制造太空垃圾——这五件事有一件没做好,整发任务就废了。蓝箭自己列的流程叫“多星适配、星箭协同、批量部署、轨道控制、末级钝化离轨”,全是硬骨头。而且这次不是试验载荷,是垣信卫星要真用的组网星。客户付钱、星座要补网、窗口不等人,这是商业交付,不是飞行表演。顺带一个容易被忽略的细节:这是民营火箭首次在900公里高度完成一箭十星部署。轨道越高,上面级控制的要求越苛刻。液氧甲烷这条线,我们确实走在前面燃料是这次最该讲清楚的一件事。液氧煤油成熟、劲大,但烧完积碳,发动机清洗翻新麻烦,复用天生吃亏;液氧液氢性能顶尖,可制取贵、保温难;甲烷燃烧干净、原料便宜、维护成本低,天生贴着“可重复使用”这四个字。2023年朱雀二号遥二入轨,是全球第一枚成功入轨的液氧甲烷火箭。这条新赛道的第一个里程碑,是中国拿到的。到今天,蓝箭第100台液氧甲烷发动机已经下线,湖州造发动机、嘉兴总装总测,一条完整的产业链已经跑通。这不是某一次发射的运气,是五年时间一点点垒出来的工业能力。比“成功”更重要的两个数字26天。今年5月遥五、6月遥六,两次发射间隔不到一个月。对民营液体火箭来说,能这么快再发一次,说明测发流程真的被简化了,不是靠人海战术硬扛。6吨和18吨。朱雀二号改",今日头条,Media,https://www.toutiao.com/article/7692497890538717730/,Watch,,1,2,2,1.50,C,未进入本周主文清单；保留在数据库供追溯。,Exclude,,,,Pass A discovery via D1-CN-05; full-text validation is required before S/A use.,Yes
2026W40-WEB-055,2026-10-04,2026-10-04,China,Policy,Commercial_Space,70发!总装15天!中国商业航天加速奔向“星辰大海”_四川在线,70发!总装15天!中国商业航天加速奔向“星辰大海”_四川在线,"前三季度70次发射,我国火箭发射次数创历史同期新高。 从一箭九星到火箭回收,从海南发射场到江苏产业圈,中国商业航天正从“单次突破”跑向“批量交付”。 9月十连发,全部成功 以上全部发射成功! 数据显示,今年前三季度,我国累计实施火箭发射任务70次,比去年同期的59次增加11次,同比增长约19%,创历史同期新高。 业内专家表示,此轮密集发射的显著特征,是从单星、单次任务,转向星座化、批量化、多样化的空间部署。 总装15天、每月都发射:商业航天提速 国际宇航联合会空间运输委员会主席杨宇光评价道,“这代表无论是国家队还是民营企业,技术成熟度都达到了较高层次”。 智神星一号填补了国内民营火箭在5至15吨级运力区间的市场空白,进一步拓展商业火箭型谱; 朱雀二号改进型、引力一号成为民营火箭中的先头兵,率先承担低轨卫星互联网星座组网任务。 力箭一号遥十八火箭“一箭九星”发射成功,助力我国商业航天火箭加速迈入高频次、低成本、常态化的“航班化运营”新阶段。目前已基本实现每月都有发射任务。 成绩的背后,是全产业链的迭代升级。 一枚火箭总装周期,从3个月缩短至约15天。中科宇航副总设计师项泽斌介绍,企业引入脉动式生产模式,将一发火箭总装分成六到七个工位,在不同工位固定点进行不同总装工作。 火箭回收技术也在加快突破。7月,长征十号乙实现全球首次海上网系回收;8月,朱雀三号遥二完成我国首次入轨级火箭一子级陆地回收。蓝箭航天供应链管理部总经理王昕岩说:“通过多次重复使用,可以大幅降低综合发射成本。我相信5到10年内,可以追平国际单公斤发射成本水平。” 海南:一座发射场,长出一片“产业雨林” 一座发射场,能长出什么? 海南给出的答案是:一片“产业雨林”。 海南商业航天发射场9月成功执行两次发射任务,建成近两年来已实施发射23次、全部成功。 本周,海南商发二期项目也已启动合练,年内将形成发射能力。二期采",四川在线天下频道,Media,https://focus.scol.com.cn/zgsz/202610/83335026.html,Watch,,1,2,2,1.50,C,未进入本周主文清单；保留在数据库供追溯。,Exclude,,,,Pass A discovery via D1-CN-05; full-text validation is required before S/A use.,Yes
2026W40-WEB-057,2026-10-04,2026-10-04,China,Policy,Commercial_Space,70发!总装15天!中国商业航天加速奔向“星辰大海”|川观新闻,70发!总装15天!中国商业航天加速奔向“星辰大海”|川观新闻,"前三季度70次发射,我国火箭发射次数创历史同期新高。您的浏览器不支持此视频格式从一箭九星到火箭回收,从海南发射场到江苏产业圈,中国商业航天正从“单次突破”跑向“批量交付”。9月十连发,全部成功以上全部发射成功!数据显示,今年前三季度,我国累计实施火箭发射任务70次,比去年同期的59次增加11次,同比增长约19%,创历史同期新高。业内专家表示,此轮密集发射的显著特征,是从单星、单次任务,转向星座化、批量化、多样化的空间部署。总装15天、每月都发射:商业航天提速国际宇航联合会空间运输委员会主席杨宇光评价道,“这代表无论是国家队还是民营企业,技术成熟度都达到了较高层次”。智神星一号填补了国内民营火箭在5至15吨级运力区间的市场空白,进一步拓展商业火箭型谱;朱雀二号改进型、引力一号成为民营火箭中的先头兵,率先承担低轨卫星互联网星座组网任务。力箭一号遥十八火箭“一箭九星”发射成功,助力我国商业航天火箭加速迈入高频次、低成本、常态化的“航班化运营”新阶段。目前已基本实现每月都有发射任务。成绩的背后,是全产业链的迭代升级。一枚火箭总装周期,从3个月缩短至约15天。中科宇航副总设计师项泽斌介绍,企业引入脉动式生产模式,将一发火箭总装分成六到七个工位,在不同工位固定点进行不同总装工作。火箭回收技术也在加快突破。7月,长征十号乙实现全球首次海上网系回收;8月,朱雀三号遥二完成我国首次入轨级火箭一子级陆地回收。蓝箭航天供应链管理部总经理王昕岩说:“通过多次重复使用,可以大幅降低综合发射成本。我相信5到10年内,可以追平国际单公斤发射成本水平。”海南:一座发射场,长出一片“产业雨林”您的浏览器不支持此视频格式一座发射场,能长出什么?海南给出的答案是:一片“产业雨林”。海南商业航天发射场9月成功执行两次发射任务,建成近两年来已实施发射23次、全部成功。本周,海南商发二期项目也已启动合练,年内将形成",川观新闻,Media,https://cbgc.scol.com.cn/news/8023527,Watch,,1,2,2,1.50,C,未进入本周主文清单；保留在数据库供追溯。,Exclude,,,,Pass A discovery via D1-CN-05; full-text validation is required before S/A use.,Yes
2026W40-WEB-089,2026-10-04,2026-10-04,China,Technology,AI,要闻,要闻,2026-10-04 上下滑动查看版面 https://appif.sxdaily.com.cn 2 1 陕西日报 2026-10-04 node_01.html 陕西日报-微报纸-2026年10月04日 陕西日报,群众新闻网,Media,https://esb.sxdaily.com.cn/pad/layout/202610/04/node_01.html,Watch,,1,2,2,1.50,C,未进入本周主文清单；保留在数据库供追溯。,Exclude,,,,Pass A discovery via D2-CN-01; full-text validation is required before S/A use.,Yes
2026W40-WEB-090,2026-10-04,2026-10-04,China,Technology,AI,要闻,要闻,2026-10-04 上下滑动查看版面 https://appif.sxdaily.com.cn 2 1 陕西日报 2026-10-04 node_02.html 陕西日报-微报纸-2026年10月04日 陕西日报,群众新闻网,Media,https://esb.sxdaily.com.cn/pad/layout/202610/04/node_02.html,Watch,,1,2,2,1.50,C,未进入本周主文清单；保留在数据库供追溯。,Exclude,,,,Pass A discovery via D2-CN-01; full-text validation is required before S/A use.,Yes
2026W40-QCC-OVERSEAS-001,2026-10-04,2026-10-04,Global,Financing,AI,Celaid Therapeutics,Celaid TherapeuticsB轮融资记录,造血干细胞疗法研发商；企查查披露金额：4亿日元。,企查查（境外）,Database,https://www.prnewswire.com/news-releases/celaid-therapeutics-completes-second-close-of-series-b-financing-round-302893509.html,Manual,,1,2,2,1.50,C,未进入本周主文清单；保留在数据库供追溯。,Database_Only,,,,QCC raw_id=eee57cc2ca1f20749a1712d24280ebac；数据库记录是线索，不等于公司公开确认；金额和日期保留原始披露口径。,No
